URL,Version,Status,OIDs,Name,Title,Description,Used
http://cancerscreeningcds.github.io/bcsm-cds/CodeSystem/biopsy-result-observation-code-system,1.0.0,draft,,BiopsyResultObservationCodeSystem,Biopsy Result Observation Code System,"Code representing breast cancer biopsy result observations",
http://cancerscreeningcds.github.io/bcsm-cds/CodeSystem/plan-definition-action-code-system,1.0.0,draft,,PlanDefinitionActionCodeSystem,Plan Definition Action Code System,"Code representing plan definition action codes",
http://cancerscreeningcds.github.io/bcsm-cds/CodeSystem/recommendation-flag-code-system,1.0.0,draft,,RecommendationFlagCodeSystem,Recommendation Flag Code System,"Code representing due/overdue flags",
http://cancerscreeningcds.github.io/bcsm-cds/CodeSystem/screening-observation-code-system,1.0.0,draft,,ScreeningObservationCodeSystem,Screening Observation Code System,"Code representing breast cancer screening related observations",
