{
  "resourceType" : "Bundle",
  "id" : "99a30730-2897-4ccd-91c2-53160fb59b24",
  "meta" : {
    "lastUpdated" : "2025-02-28T23:17:20.075+00:00"
  },
  "type" : "collection",
  "entry" : [{
    "fullUrl" : "http://cancerscreeningcds.github.io/bcsm-cds/ValueSet/plan-definition-action-codes",
    "resource" : {
      "resourceType" : "ValueSet",
      "text" : {
        "status" : "generated",
        "div" : "<div xmlns=\"http://www.w3.org/1999/xhtml\"><p class=\"res-header-id\"><b>Generated Narrative: ValueSet </b></p><p style=\"border: black 1px dotted; background-color: #EEEEEE; padding: 8px; margin-bottom: 8px\">Expansion performed internally based on <a href=\"CodeSystem-plan-definition-action-code-system.html\">codesystem Plan Definition Action Code System v1.0.0 (CodeSystem)</a></p><p>This value set contains 21 concepts</p><table class=\"codes\"><tr><td style=\"white-space:nowrap\"><b>Code</b></td><td><b>System</b></td><td><b>Display (en-US)</b></td></tr><tr><td style=\"white-space:nowrap\"><a name=\"x-http://cancerscreeningcds.github.io/bcsm-cds/CodeSystem/plan-definition-action-code-system-eligible\"> </a>\u00a0\u00a0<a href=\"CodeSystem-plan-definition-action-code-system.html#plan-definition-action-code-system-eligible\">eligible</a></td><td>http://cancerscreeningcds.github.io/bcsm-cds/CodeSystem/plan-definition-action-code-system</td><td/></tr><tr><td style=\"white-space:nowrap\"><a name=\"x-http://cancerscreeningcds.github.io/bcsm-cds/CodeSystem/plan-definition-action-code-system-noteligible\"> </a>\u00a0\u00a0<a href=\"CodeSystem-plan-definition-action-code-system.html#plan-definition-action-code-system-noteligible\">noteligible</a></td><td>http://cancerscreeningcds.github.io/bcsm-cds/CodeSystem/plan-definition-action-code-system</td><td/></tr><tr><td style=\"white-space:nowrap\"><a name=\"x-http://cancerscreeningcds.github.io/bcsm-cds/CodeSystem/plan-definition-action-code-system-diagtesting\"> </a>\u00a0\u00a0<a href=\"CodeSystem-plan-definition-action-code-system.html#plan-definition-action-code-system-diagtesting\">diagtesting</a></td><td>http://cancerscreeningcds.github.io/bcsm-cds/CodeSystem/plan-definition-action-code-system</td><td/></tr><tr><td style=\"white-space:nowrap\"><a name=\"x-http://cancerscreeningcds.github.io/bcsm-cds/CodeSystem/plan-definition-action-code-system-error\"> </a>\u00a0\u00a0<a href=\"CodeSystem-plan-definition-action-code-system.html#plan-definition-action-code-system-error\">error</a></td><td>http://cancerscreeningcds.github.io/bcsm-cds/CodeSystem/plan-definition-action-code-system</td><td/></tr><tr><td style=\"white-space:nowrap\"><a name=\"x-http://cancerscreeningcds.github.io/bcsm-cds/CodeSystem/plan-definition-action-code-system-missingresultcode\"> </a>\u00a0\u00a0<a href=\"CodeSystem-plan-definition-action-code-system.html#plan-definition-action-code-system-missingresultcode\">missingresultcode</a></td><td>http://cancerscreeningcds.github.io/bcsm-cds/CodeSystem/plan-definition-action-code-system</td><td/></tr><tr><td style=\"white-space:nowrap\"><a name=\"x-http://cancerscreeningcds.github.io/bcsm-cds/CodeSystem/plan-definition-action-code-system-unknownresultcode\"> </a>\u00a0\u00a0<a href=\"CodeSystem-plan-definition-action-code-system.html#plan-definition-action-code-system-unknownresultcode\">unknownresultcode</a></td><td>http://cancerscreeningcds.github.io/bcsm-cds/CodeSystem/plan-definition-action-code-system</td><td/></tr><tr><td style=\"white-space:nowrap\"><a name=\"x-http://cancerscreeningcds.github.io/bcsm-cds/CodeSystem/plan-definition-action-code-system-sdmcontinue\"> </a>\u00a0\u00a0<a href=\"CodeSystem-plan-definition-action-code-system.html#plan-definition-action-code-system-sdmcontinue\">sdmcontinue</a></td><td>http://cancerscreeningcds.github.io/bcsm-cds/CodeSystem/plan-definition-action-code-system</td><td/></tr><tr><td style=\"white-space:nowrap\"><a name=\"x-http://cancerscreeningcds.github.io/bcsm-cds/CodeSystem/plan-definition-action-code-system-sdmdelay\"> </a>\u00a0\u00a0<a href=\"CodeSystem-plan-definition-action-code-system.html#plan-definition-action-code-system-sdmdelay\">sdmdelay</a></td><td>http://cancerscreeningcds.github.io/bcsm-cds/CodeSystem/plan-definition-action-code-system</td><td/></tr><tr><td style=\"white-space:nowrap\"><a name=\"x-http://cancerscreeningcds.github.io/bcsm-cds/CodeSystem/plan-definition-action-code-system-specialtyreferral\"> </a>\u00a0\u00a0<a href=\"CodeSystem-plan-definition-action-code-system.html#plan-definition-action-code-system-specialtyreferral\">specialtyreferral</a></td><td>http://cancerscreeningcds.github.io/bcsm-cds/CodeSystem/plan-definition-action-code-system</td><td/></tr><tr><td style=\"white-space:nowrap\"><a name=\"x-http://cancerscreeningcds.github.io/bcsm-cds/CodeSystem/plan-definition-action-code-system-determinenextdue\"> </a>\u00a0\u00a0<a href=\"CodeSystem-plan-definition-action-code-system.html#plan-definition-action-code-system-determinenextdue\">determinenextdue</a></td><td>http://cancerscreeningcds.github.io/bcsm-cds/CodeSystem/plan-definition-action-code-system</td><td/></tr><tr><td style=\"white-space:nowrap\"><a name=\"x-http://cancerscreeningcds.github.io/bcsm-cds/CodeSystem/plan-definition-action-code-system-lifetimeriskassessment\"> </a>\u00a0\u00a0<a href=\"CodeSystem-plan-definition-action-code-system.html#plan-definition-action-code-system-lifetimeriskassessment\">lifetimeriskassessment</a></td><td>http://cancerscreeningcds.github.io/bcsm-cds/CodeSystem/plan-definition-action-code-system</td><td/></tr><tr><td style=\"white-space:nowrap\"><a name=\"x-http://cancerscreeningcds.github.io/bcsm-cds/CodeSystem/plan-definition-action-code-system-familialriskassessment\"> </a>\u00a0\u00a0<a href=\"CodeSystem-plan-definition-action-code-system.html#plan-definition-action-code-system-familialriskassessment\">familialriskassessment</a></td><td>http://cancerscreeningcds.github.io/bcsm-cds/CodeSystem/plan-definition-action-code-system</td><td/></tr><tr><td style=\"white-space:nowrap\"><a name=\"x-http://cancerscreeningcds.github.io/bcsm-cds/CodeSystem/plan-definition-action-code-system-fhxrisktool\"> </a>\u00a0\u00a0<a href=\"CodeSystem-plan-definition-action-code-system.html#plan-definition-action-code-system-fhxrisktool\">fhxrisktool</a></td><td>http://cancerscreeningcds.github.io/bcsm-cds/CodeSystem/plan-definition-action-code-system</td><td/></tr><tr><td style=\"white-space:nowrap\"><a name=\"x-http://cancerscreeningcds.github.io/bcsm-cds/CodeSystem/plan-definition-action-code-system-fhxriskassess\"> </a>\u00a0\u00a0<a href=\"CodeSystem-plan-definition-action-code-system.html#plan-definition-action-code-system-fhxriskassess\">fhxriskassess</a></td><td>http://cancerscreeningcds.github.io/bcsm-cds/CodeSystem/plan-definition-action-code-system</td><td/></tr><tr><td style=\"white-space:nowrap\"><a name=\"x-http://cancerscreeningcds.github.io/bcsm-cds/CodeSystem/plan-definition-action-code-system-estlifexpectancy\"> </a>\u00a0\u00a0<a href=\"CodeSystem-plan-definition-action-code-system.html#plan-definition-action-code-system-estlifexpectancy\">estlifexpectancy</a></td><td>http://cancerscreeningcds.github.io/bcsm-cds/CodeSystem/plan-definition-action-code-system</td><td/></tr><tr><td style=\"white-space:nowrap\"><a name=\"x-http://cancerscreeningcds.github.io/bcsm-cds/CodeSystem/plan-definition-action-code-system-geneticriskreferral\"> </a>\u00a0\u00a0<a href=\"CodeSystem-plan-definition-action-code-system.html#plan-definition-action-code-system-geneticriskreferral\">geneticriskreferral</a></td><td>http://cancerscreeningcds.github.io/bcsm-cds/CodeSystem/plan-definition-action-code-system</td><td/></tr><tr><td style=\"white-space:nowrap\"><a name=\"x-http://cancerscreeningcds.github.io/bcsm-cds/CodeSystem/plan-definition-action-code-system-5yriskassessment\"> </a>\u00a0\u00a0<a href=\"CodeSystem-plan-definition-action-code-system.html#plan-definition-action-code-system-5yriskassessment\">5yriskassessment</a></td><td>http://cancerscreeningcds.github.io/bcsm-cds/CodeSystem/plan-definition-action-code-system</td><td/></tr><tr><td style=\"white-space:nowrap\"><a name=\"x-http://cancerscreeningcds.github.io/bcsm-cds/CodeSystem/plan-definition-action-code-system-highriskreferral\"> </a>\u00a0\u00a0<a href=\"CodeSystem-plan-definition-action-code-system.html#plan-definition-action-code-system-highriskreferral\">highriskreferral</a></td><td>http://cancerscreeningcds.github.io/bcsm-cds/CodeSystem/plan-definition-action-code-system</td><td/></tr><tr><td style=\"white-space:nowrap\"><a name=\"x-http://cancerscreeningcds.github.io/bcsm-cds/CodeSystem/plan-definition-action-code-system-breastbiopsy\"> </a>\u00a0\u00a0<a href=\"CodeSystem-plan-definition-action-code-system.html#plan-definition-action-code-system-breastbiopsy\">breastbiopsy</a></td><td>http://cancerscreeningcds.github.io/bcsm-cds/CodeSystem/plan-definition-action-code-system</td><td/></tr><tr><td style=\"white-space:nowrap\"><a name=\"x-http://cancerscreeningcds.github.io/bcsm-cds/CodeSystem/plan-definition-action-code-system-surgicalreferral\"> </a>\u00a0\u00a0<a href=\"CodeSystem-plan-definition-action-code-system.html#plan-definition-action-code-system-surgicalreferral\">surgicalreferral</a></td><td>http://cancerscreeningcds.github.io/bcsm-cds/CodeSystem/plan-definition-action-code-system</td><td/></tr><tr><td style=\"white-space:nowrap\"><a name=\"x-http://cancerscreeningcds.github.io/bcsm-cds/CodeSystem/plan-definition-action-code-system-oncreferral\"> </a>\u00a0\u00a0<a href=\"CodeSystem-plan-definition-action-code-system.html#plan-definition-action-code-system-oncreferral\">oncreferral</a></td><td>http://cancerscreeningcds.github.io/bcsm-cds/CodeSystem/plan-definition-action-code-system</td><td/></tr></table></div>"
      },
      "url" : "http://cancerscreeningcds.github.io/bcsm-cds/ValueSet/plan-definition-action-codes",
      "version" : "1.0.0",
      "name" : "PlanDefinitionActionCodes",
      "title" : "Plan Definition Action Codes",
      "status" : "draft",
      "experimental" : true,
      "date" : "2025-02-28T23:16:14+00:00",
      "expansion" : {
        "identifier" : "urn:uuid:4e0173d2-1f7d-4c3b-be36-4b9f01e8eeb9",
        "timestamp" : "2025-02-28T23:18:16+00:00",
        "total" : 21,
        "offset" : 0,
        "parameter" : [{
          "name" : "displayLanguage",
          "valueCode" : "en-US"
        },
        {
          "name" : "count",
          "valueInteger" : 1000
        },
        {
          "name" : "offset",
          "valueInteger" : 0
        },
        {
          "name" : "excludeNested",
          "valueBoolean" : false
        },
        {
          "name" : "used-codesystem",
          "valueUri" : "http://cancerscreeningcds.github.io/bcsm-cds/CodeSystem/plan-definition-action-code-system|1.0.0"
        }],
        "contains" : [{
          "system" : "http://cancerscreeningcds.github.io/bcsm-cds/CodeSystem/plan-definition-action-code-system",
          "code" : "eligible"
        },
        {
          "system" : "http://cancerscreeningcds.github.io/bcsm-cds/CodeSystem/plan-definition-action-code-system",
          "code" : "noteligible"
        },
        {
          "system" : "http://cancerscreeningcds.github.io/bcsm-cds/CodeSystem/plan-definition-action-code-system",
          "code" : "diagtesting"
        },
        {
          "system" : "http://cancerscreeningcds.github.io/bcsm-cds/CodeSystem/plan-definition-action-code-system",
          "code" : "error"
        },
        {
          "system" : "http://cancerscreeningcds.github.io/bcsm-cds/CodeSystem/plan-definition-action-code-system",
          "code" : "missingresultcode"
        },
        {
          "system" : "http://cancerscreeningcds.github.io/bcsm-cds/CodeSystem/plan-definition-action-code-system",
          "code" : "unknownresultcode"
        },
        {
          "system" : "http://cancerscreeningcds.github.io/bcsm-cds/CodeSystem/plan-definition-action-code-system",
          "code" : "sdmcontinue"
        },
        {
          "system" : "http://cancerscreeningcds.github.io/bcsm-cds/CodeSystem/plan-definition-action-code-system",
          "code" : "sdmdelay"
        },
        {
          "system" : "http://cancerscreeningcds.github.io/bcsm-cds/CodeSystem/plan-definition-action-code-system",
          "code" : "specialtyreferral"
        },
        {
          "system" : "http://cancerscreeningcds.github.io/bcsm-cds/CodeSystem/plan-definition-action-code-system",
          "code" : "determinenextdue"
        },
        {
          "system" : "http://cancerscreeningcds.github.io/bcsm-cds/CodeSystem/plan-definition-action-code-system",
          "code" : "lifetimeriskassessment"
        },
        {
          "system" : "http://cancerscreeningcds.github.io/bcsm-cds/CodeSystem/plan-definition-action-code-system",
          "code" : "familialriskassessment"
        },
        {
          "system" : "http://cancerscreeningcds.github.io/bcsm-cds/CodeSystem/plan-definition-action-code-system",
          "code" : "fhxrisktool"
        },
        {
          "system" : "http://cancerscreeningcds.github.io/bcsm-cds/CodeSystem/plan-definition-action-code-system",
          "code" : "fhxriskassess"
        },
        {
          "system" : "http://cancerscreeningcds.github.io/bcsm-cds/CodeSystem/plan-definition-action-code-system",
          "code" : "estlifexpectancy"
        },
        {
          "system" : "http://cancerscreeningcds.github.io/bcsm-cds/CodeSystem/plan-definition-action-code-system",
          "code" : "geneticriskreferral"
        },
        {
          "system" : "http://cancerscreeningcds.github.io/bcsm-cds/CodeSystem/plan-definition-action-code-system",
          "code" : "5yriskassessment"
        },
        {
          "system" : "http://cancerscreeningcds.github.io/bcsm-cds/CodeSystem/plan-definition-action-code-system",
          "code" : "highriskreferral"
        },
        {
          "system" : "http://cancerscreeningcds.github.io/bcsm-cds/CodeSystem/plan-definition-action-code-system",
          "code" : "breastbiopsy"
        },
        {
          "system" : "http://cancerscreeningcds.github.io/bcsm-cds/CodeSystem/plan-definition-action-code-system",
          "code" : "surgicalreferral"
        },
        {
          "system" : "http://cancerscreeningcds.github.io/bcsm-cds/CodeSystem/plan-definition-action-code-system",
          "code" : "oncreferral"
        }]
      }
    }
  },
  {
    "fullUrl" : "http://cancerscreeningcds.github.io/bcsm-cds/ValueSet/plan-definition-action-reason-codes",
    "resource" : {
      "resourceType" : "ValueSet",
      "text" : {
        "status" : "generated",
        "div" : "<div xmlns=\"http://www.w3.org/1999/xhtml\"><p class=\"res-header-id\"><b>Generated Narrative: ValueSet </b></p><p style=\"border: black 1px dotted; background-color: #EEEEEE; padding: 8px; margin-bottom: 8px\">Expansion performed internally based on <a href=\"CodeSystem-screening-observation-code-system.html\">codesystem Screening Observation Code System v1.0.0 (CodeSystem)</a></p><p>This value set contains 30 concepts</p><table class=\"codes\"><tr><td style=\"white-space:nowrap\"><b>Code</b></td><td><b>System</b></td><td><b>Display (en-US)</b></td></tr><tr><td style=\"white-space:nowrap\"><a name=\"x-http://cancerscreeningcds.github.io/bcsm-cds/CodeSystem/screening-observation-code-system-eligibleforscreening\"> </a>\u00a0\u00a0<a href=\"CodeSystem-screening-observation-code-system.html#screening-observation-code-system-eligibleforscreening\">eligibleforscreening</a></td><td>http://cancerscreeningcds.github.io/bcsm-cds/CodeSystem/screening-observation-code-system</td><td/></tr><tr><td style=\"white-space:nowrap\"><a name=\"x-http://cancerscreeningcds.github.io/bcsm-cds/CodeSystem/screening-observation-code-system-missingageorbirthdate\"> </a>\u00a0\u00a0<a href=\"CodeSystem-screening-observation-code-system.html#screening-observation-code-system-missingageorbirthdate\">missingageorbirthdate</a></td><td>http://cancerscreeningcds.github.io/bcsm-cds/CodeSystem/screening-observation-code-system</td><td/></tr><tr><td style=\"white-space:nowrap\"><a name=\"x-http://cancerscreeningcds.github.io/bcsm-cds/CodeSystem/screening-observation-code-system-notassignedfemaleatbirth\"> </a>\u00a0\u00a0<a href=\"CodeSystem-screening-observation-code-system.html#screening-observation-code-system-notassignedfemaleatbirth\">notassignedfemaleatbirth</a></td><td>http://cancerscreeningcds.github.io/bcsm-cds/CodeSystem/screening-observation-code-system</td><td/></tr><tr><td style=\"white-space:nowrap\"><a name=\"x-http://cancerscreeningcds.github.io/bcsm-cds/CodeSystem/screening-observation-code-system-screeningcomplete\"> </a>\u00a0\u00a0<a href=\"CodeSystem-screening-observation-code-system.html#screening-observation-code-system-screeningcomplete\">screeningcomplete</a></td><td>http://cancerscreeningcds.github.io/bcsm-cds/CodeSystem/screening-observation-code-system</td><td/></tr><tr><td style=\"white-space:nowrap\"><a name=\"x-http://cancerscreeningcds.github.io/bcsm-cds/CodeSystem/screening-observation-code-system-USPSTFaveragerisk\"> </a>\u00a0\u00a0<a href=\"CodeSystem-screening-observation-code-system.html#screening-observation-code-system-USPSTFaveragerisk\">USPSTFaveragerisk</a></td><td>http://cancerscreeningcds.github.io/bcsm-cds/CodeSystem/screening-observation-code-system</td><td/></tr><tr><td style=\"white-space:nowrap\"><a name=\"x-http://cancerscreeningcds.github.io/bcsm-cds/CodeSystem/screening-observation-code-system-ACSaveragerisk\"> </a>\u00a0\u00a0<a href=\"CodeSystem-screening-observation-code-system.html#screening-observation-code-system-ACSaveragerisk\">ACSaveragerisk</a></td><td>http://cancerscreeningcds.github.io/bcsm-cds/CodeSystem/screening-observation-code-system</td><td/></tr><tr><td style=\"white-space:nowrap\"><a name=\"x-http://cancerscreeningcds.github.io/bcsm-cds/CodeSystem/screening-observation-code-system-currentbreastcancer\"> </a>\u00a0\u00a0<a href=\"CodeSystem-screening-observation-code-system.html#screening-observation-code-system-currentbreastcancer\">currentbreastcancer</a></td><td>http://cancerscreeningcds.github.io/bcsm-cds/CodeSystem/screening-observation-code-system</td><td/></tr><tr><td style=\"white-space:nowrap\"><a name=\"x-http://cancerscreeningcds.github.io/bcsm-cds/CodeSystem/screening-observation-code-system-bilatmastectomy\"> </a>\u00a0\u00a0<a href=\"CodeSystem-screening-observation-code-system.html#screening-observation-code-system-bilatmastectomy\">bilatmastectomy</a></td><td>http://cancerscreeningcds.github.io/bcsm-cds/CodeSystem/screening-observation-code-system</td><td/></tr><tr><td style=\"white-space:nowrap\"><a name=\"x-http://cancerscreeningcds.github.io/bcsm-cds/CodeSystem/screening-observation-code-system-breastsymptomsorfindings\"> </a>\u00a0\u00a0<a href=\"CodeSystem-screening-observation-code-system.html#screening-observation-code-system-breastsymptomsorfindings\">breastsymptomsorfindings</a></td><td>http://cancerscreeningcds.github.io/bcsm-cds/CodeSystem/screening-observation-code-system</td><td/></tr><tr><td style=\"white-space:nowrap\"><a name=\"x-http://cancerscreeningcds.github.io/bcsm-cds/CodeSystem/screening-observation-code-system-ageover74\"> </a>\u00a0\u00a0<a href=\"CodeSystem-screening-observation-code-system.html#screening-observation-code-system-ageover74\">ageover74</a></td><td>http://cancerscreeningcds.github.io/bcsm-cds/CodeSystem/screening-observation-code-system</td><td/></tr><tr><td style=\"white-space:nowrap\"><a name=\"x-http://cancerscreeningcds.github.io/bcsm-cds/CodeSystem/screening-observation-code-system-lifeexp\"> </a>\u00a0\u00a0<a href=\"CodeSystem-screening-observation-code-system.html#screening-observation-code-system-lifeexp\">lifeexp</a></td><td>http://cancerscreeningcds.github.io/bcsm-cds/CodeSystem/screening-observation-code-system</td><td/></tr><tr><td style=\"white-space:nowrap\"><a name=\"x-http://cancerscreeningcds.github.io/bcsm-cds/CodeSystem/screening-observation-code-system-currentlylactating\"> </a>\u00a0\u00a0<a href=\"CodeSystem-screening-observation-code-system.html#screening-observation-code-system-currentlylactating\">currentlylactating</a></td><td>http://cancerscreeningcds.github.io/bcsm-cds/CodeSystem/screening-observation-code-system</td><td/></tr><tr><td style=\"white-space:nowrap\"><a name=\"x-http://cancerscreeningcds.github.io/bcsm-cds/CodeSystem/screening-observation-code-system-othergeneticrisk\"> </a>\u00a0\u00a0<a href=\"CodeSystem-screening-observation-code-system.html#screening-observation-code-system-othergeneticrisk\">othergeneticrisk</a></td><td>http://cancerscreeningcds.github.io/bcsm-cds/CodeSystem/screening-observation-code-system</td><td/></tr><tr><td style=\"white-space:nowrap\"><a name=\"x-http://cancerscreeningcds.github.io/bcsm-cds/CodeSystem/screening-observation-code-system-hxbreastca\"> </a>\u00a0\u00a0<a href=\"CodeSystem-screening-observation-code-system.html#screening-observation-code-system-hxbreastca\">hxbreastca</a></td><td>http://cancerscreeningcds.github.io/bcsm-cds/CodeSystem/screening-observation-code-system</td><td/></tr><tr><td style=\"white-space:nowrap\"><a name=\"x-http://cancerscreeningcds.github.io/bcsm-cds/CodeSystem/screening-observation-code-system-hxbreastcawithin5y\"> </a>\u00a0\u00a0<a href=\"CodeSystem-screening-observation-code-system.html#screening-observation-code-system-hxbreastcawithin5y\">hxbreastcawithin5y</a></td><td>http://cancerscreeningcds.github.io/bcsm-cds/CodeSystem/screening-observation-code-system</td><td/></tr><tr><td style=\"white-space:nowrap\"><a name=\"x-http://cancerscreeningcds.github.io/bcsm-cds/CodeSystem/screening-observation-code-system-geneticriskexclusion\"> </a>\u00a0\u00a0<a href=\"CodeSystem-screening-observation-code-system.html#screening-observation-code-system-geneticriskexclusion\">geneticriskexclusion</a></td><td>http://cancerscreeningcds.github.io/bcsm-cds/CodeSystem/screening-observation-code-system</td><td/></tr><tr><td style=\"white-space:nowrap\"><a name=\"x-http://cancerscreeningcds.github.io/bcsm-cds/CodeSystem/screening-observation-code-system-chestxrt\"> </a>\u00a0\u00a0<a href=\"CodeSystem-screening-observation-code-system.html#screening-observation-code-system-chestxrt\">chestxrt</a></td><td>http://cancerscreeningcds.github.io/bcsm-cds/CodeSystem/screening-observation-code-system</td><td/></tr><tr><td style=\"white-space:nowrap\"><a name=\"x-http://cancerscreeningcds.github.io/bcsm-cds/CodeSystem/screening-observation-code-system-atypicalbx\"> </a>\u00a0\u00a0<a href=\"CodeSystem-screening-observation-code-system.html#screening-observation-code-system-atypicalbx\">atypicalbx</a></td><td>http://cancerscreeningcds.github.io/bcsm-cds/CodeSystem/screening-observation-code-system</td><td/></tr><tr><td style=\"white-space:nowrap\"><a name=\"x-http://cancerscreeningcds.github.io/bcsm-cds/CodeSystem/screening-observation-code-system-atypicalbxhighlifetimerisk\"> </a>\u00a0\u00a0<a href=\"CodeSystem-screening-observation-code-system.html#screening-observation-code-system-atypicalbxhighlifetimerisk\">atypicalbxhighlifetimerisk</a></td><td>http://cancerscreeningcds.github.io/bcsm-cds/CodeSystem/screening-observation-code-system</td><td/></tr><tr><td style=\"white-space:nowrap\"><a name=\"x-http://cancerscreeningcds.github.io/bcsm-cds/CodeSystem/screening-observation-code-system-highlifetimerisk\"> </a>\u00a0\u00a0<a href=\"CodeSystem-screening-observation-code-system.html#screening-observation-code-system-highlifetimerisk\">highlifetimerisk</a></td><td>http://cancerscreeningcds.github.io/bcsm-cds/CodeSystem/screening-observation-code-system</td><td/></tr><tr><td style=\"white-space:nowrap\"><a name=\"x-http://cancerscreeningcds.github.io/bcsm-cds/CodeSystem/screening-observation-code-system-firstdeggenetic\"> </a>\u00a0\u00a0<a href=\"CodeSystem-screening-observation-code-system.html#screening-observation-code-system-firstdeggenetic\">firstdeggenetic</a></td><td>http://cancerscreeningcds.github.io/bcsm-cds/CodeSystem/screening-observation-code-system</td><td/></tr><tr><td style=\"white-space:nowrap\"><a name=\"x-http://cancerscreeningcds.github.io/bcsm-cds/CodeSystem/screening-observation-code-system-breastdensitycord\"> </a>\u00a0\u00a0<a href=\"CodeSystem-screening-observation-code-system.html#screening-observation-code-system-breastdensitycord\">breastdensitycord</a></td><td>http://cancerscreeningcds.github.io/bcsm-cds/CodeSystem/screening-observation-code-system</td><td/></tr><tr><td style=\"white-space:nowrap\"><a name=\"x-http://cancerscreeningcds.github.io/bcsm-cds/CodeSystem/screening-observation-code-system-fhxbreastcarisk\"> </a>\u00a0\u00a0<a href=\"CodeSystem-screening-observation-code-system.html#screening-observation-code-system-fhxbreastcarisk\">fhxbreastcarisk</a></td><td>http://cancerscreeningcds.github.io/bcsm-cds/CodeSystem/screening-observation-code-system</td><td/></tr><tr><td style=\"white-space:nowrap\"><a name=\"x-http://cancerscreeningcds.github.io/bcsm-cds/CodeSystem/screening-observation-code-system-fhxgenetic\"> </a>\u00a0\u00a0<a href=\"CodeSystem-screening-observation-code-system.html#screening-observation-code-system-fhxgenetic\">fhxgenetic</a></td><td>http://cancerscreeningcds.github.io/bcsm-cds/CodeSystem/screening-observation-code-system</td><td/></tr><tr><td style=\"white-space:nowrap\"><a name=\"x-http://cancerscreeningcds.github.io/bcsm-cds/CodeSystem/screening-observation-code-system-brcageneancestry\"> </a>\u00a0\u00a0<a href=\"CodeSystem-screening-observation-code-system.html#screening-observation-code-system-brcageneancestry\">brcageneancestry</a></td><td>http://cancerscreeningcds.github.io/bcsm-cds/CodeSystem/screening-observation-code-system</td><td/></tr><tr><td style=\"white-space:nowrap\"><a name=\"x-http://cancerscreeningcds.github.io/bcsm-cds/CodeSystem/screening-observation-code-system-fhxbrcaovcatubalperit\"> </a>\u00a0\u00a0<a href=\"CodeSystem-screening-observation-code-system.html#screening-observation-code-system-fhxbrcaovcatubalperit\">fhxbrcaovcatubalperit</a></td><td>http://cancerscreeningcds.github.io/bcsm-cds/CodeSystem/screening-observation-code-system</td><td/></tr><tr><td style=\"white-space:nowrap\"><a name=\"x-http://cancerscreeningcds.github.io/bcsm-cds/CodeSystem/screening-observation-code-system-highfamilialrisk\"> </a>\u00a0\u00a0<a href=\"CodeSystem-screening-observation-code-system.html#screening-observation-code-system-highfamilialrisk\">highfamilialrisk</a></td><td>http://cancerscreeningcds.github.io/bcsm-cds/CodeSystem/screening-observation-code-system</td><td/></tr><tr><td style=\"white-space:nowrap\"><a name=\"x-http://cancerscreeningcds.github.io/bcsm-cds/CodeSystem/screening-observation-code-system-high5yrisk\"> </a>\u00a0\u00a0<a href=\"CodeSystem-screening-observation-code-system.html#screening-observation-code-system-high5yrisk\">high5yrisk</a></td><td>http://cancerscreeningcds.github.io/bcsm-cds/CodeSystem/screening-observation-code-system</td><td/></tr><tr><td style=\"white-space:nowrap\"><a name=\"x-http://cancerscreeningcds.github.io/bcsm-cds/CodeSystem/screening-observation-code-system-higherthanaverage5yrisk\"> </a>\u00a0\u00a0<a href=\"CodeSystem-screening-observation-code-system.html#screening-observation-code-system-higherthanaverage5yrisk\">higherthanaverage5yrisk</a></td><td>http://cancerscreeningcds.github.io/bcsm-cds/CodeSystem/screening-observation-code-system</td><td/></tr><tr><td style=\"white-space:nowrap\"><a name=\"x-http://cancerscreeningcds.github.io/bcsm-cds/CodeSystem/screening-observation-code-system-riskfactors\"> </a>\u00a0\u00a0<a href=\"CodeSystem-screening-observation-code-system.html#screening-observation-code-system-riskfactors\">riskfactors</a></td><td>http://cancerscreeningcds.github.io/bcsm-cds/CodeSystem/screening-observation-code-system</td><td/></tr></table></div>"
      },
      "url" : "http://cancerscreeningcds.github.io/bcsm-cds/ValueSet/plan-definition-action-reason-codes",
      "version" : "1.0.0",
      "name" : "PlanDefinitionActionReasonCodes",
      "title" : "Plan Definition Action Reason Codes",
      "status" : "draft",
      "experimental" : true,
      "date" : "2025-02-28T23:16:14+00:00",
      "expansion" : {
        "identifier" : "urn:uuid:e1fd7da5-ac4b-4bd7-b82a-201c9a778f91",
        "timestamp" : "2025-02-28T23:18:17+00:00",
        "total" : 30,
        "offset" : 0,
        "parameter" : [{
          "name" : "displayLanguage",
          "valueCode" : "en-US"
        },
        {
          "name" : "count",
          "valueInteger" : 1000
        },
        {
          "name" : "offset",
          "valueInteger" : 0
        },
        {
          "name" : "excludeNested",
          "valueBoolean" : false
        },
        {
          "name" : "used-codesystem",
          "valueUri" : "http://cancerscreeningcds.github.io/bcsm-cds/CodeSystem/screening-observation-code-system|1.0.0"
        }],
        "contains" : [{
          "system" : "http://cancerscreeningcds.github.io/bcsm-cds/CodeSystem/screening-observation-code-system",
          "code" : "eligibleforscreening"
        },
        {
          "system" : "http://cancerscreeningcds.github.io/bcsm-cds/CodeSystem/screening-observation-code-system",
          "code" : "missingageorbirthdate"
        },
        {
          "system" : "http://cancerscreeningcds.github.io/bcsm-cds/CodeSystem/screening-observation-code-system",
          "code" : "notassignedfemaleatbirth"
        },
        {
          "system" : "http://cancerscreeningcds.github.io/bcsm-cds/CodeSystem/screening-observation-code-system",
          "code" : "screeningcomplete"
        },
        {
          "system" : "http://cancerscreeningcds.github.io/bcsm-cds/CodeSystem/screening-observation-code-system",
          "code" : "USPSTFaveragerisk"
        },
        {
          "system" : "http://cancerscreeningcds.github.io/bcsm-cds/CodeSystem/screening-observation-code-system",
          "code" : "ACSaveragerisk"
        },
        {
          "system" : "http://cancerscreeningcds.github.io/bcsm-cds/CodeSystem/screening-observation-code-system",
          "code" : "currentbreastcancer"
        },
        {
          "system" : "http://cancerscreeningcds.github.io/bcsm-cds/CodeSystem/screening-observation-code-system",
          "code" : "bilatmastectomy"
        },
        {
          "system" : "http://cancerscreeningcds.github.io/bcsm-cds/CodeSystem/screening-observation-code-system",
          "code" : "breastsymptomsorfindings"
        },
        {
          "system" : "http://cancerscreeningcds.github.io/bcsm-cds/CodeSystem/screening-observation-code-system",
          "code" : "ageover74"
        },
        {
          "system" : "http://cancerscreeningcds.github.io/bcsm-cds/CodeSystem/screening-observation-code-system",
          "code" : "lifeexp"
        },
        {
          "system" : "http://cancerscreeningcds.github.io/bcsm-cds/CodeSystem/screening-observation-code-system",
          "code" : "currentlylactating"
        },
        {
          "system" : "http://cancerscreeningcds.github.io/bcsm-cds/CodeSystem/screening-observation-code-system",
          "code" : "othergeneticrisk"
        },
        {
          "system" : "http://cancerscreeningcds.github.io/bcsm-cds/CodeSystem/screening-observation-code-system",
          "code" : "hxbreastca"
        },
        {
          "system" : "http://cancerscreeningcds.github.io/bcsm-cds/CodeSystem/screening-observation-code-system",
          "code" : "hxbreastcawithin5y"
        },
        {
          "system" : "http://cancerscreeningcds.github.io/bcsm-cds/CodeSystem/screening-observation-code-system",
          "code" : "geneticriskexclusion"
        },
        {
          "system" : "http://cancerscreeningcds.github.io/bcsm-cds/CodeSystem/screening-observation-code-system",
          "code" : "chestxrt"
        },
        {
          "system" : "http://cancerscreeningcds.github.io/bcsm-cds/CodeSystem/screening-observation-code-system",
          "code" : "atypicalbx"
        },
        {
          "system" : "http://cancerscreeningcds.github.io/bcsm-cds/CodeSystem/screening-observation-code-system",
          "code" : "atypicalbxhighlifetimerisk"
        },
        {
          "system" : "http://cancerscreeningcds.github.io/bcsm-cds/CodeSystem/screening-observation-code-system",
          "code" : "highlifetimerisk"
        },
        {
          "system" : "http://cancerscreeningcds.github.io/bcsm-cds/CodeSystem/screening-observation-code-system",
          "code" : "firstdeggenetic"
        },
        {
          "system" : "http://cancerscreeningcds.github.io/bcsm-cds/CodeSystem/screening-observation-code-system",
          "code" : "breastdensitycord"
        },
        {
          "system" : "http://cancerscreeningcds.github.io/bcsm-cds/CodeSystem/screening-observation-code-system",
          "code" : "fhxbreastcarisk"
        },
        {
          "system" : "http://cancerscreeningcds.github.io/bcsm-cds/CodeSystem/screening-observation-code-system",
          "code" : "fhxgenetic"
        },
        {
          "system" : "http://cancerscreeningcds.github.io/bcsm-cds/CodeSystem/screening-observation-code-system",
          "code" : "brcageneancestry"
        },
        {
          "system" : "http://cancerscreeningcds.github.io/bcsm-cds/CodeSystem/screening-observation-code-system",
          "code" : "fhxbrcaovcatubalperit"
        },
        {
          "system" : "http://cancerscreeningcds.github.io/bcsm-cds/CodeSystem/screening-observation-code-system",
          "code" : "highfamilialrisk"
        },
        {
          "system" : "http://cancerscreeningcds.github.io/bcsm-cds/CodeSystem/screening-observation-code-system",
          "code" : "high5yrisk"
        },
        {
          "system" : "http://cancerscreeningcds.github.io/bcsm-cds/CodeSystem/screening-observation-code-system",
          "code" : "higherthanaverage5yrisk"
        },
        {
          "system" : "http://cancerscreeningcds.github.io/bcsm-cds/CodeSystem/screening-observation-code-system",
          "code" : "riskfactors"
        }]
      }
    }
  },
  {
    "fullUrl" : "http://cancerscreeningcds.github.io/bcsm-cds/ValueSet/recommendation-flag-codes",
    "resource" : {
      "resourceType" : "ValueSet",
      "text" : {
        "status" : "generated",
        "div" : "<div xmlns=\"http://www.w3.org/1999/xhtml\"><p class=\"res-header-id\"><b>Generated Narrative: ValueSet </b></p><p style=\"border: black 1px dotted; background-color: #EEEEEE; padding: 8px; margin-bottom: 8px\">Expansion performed internally based on <a href=\"CodeSystem-recommendation-flag-code-system.html\">codesystem Recommendation Flag Code System v1.0.0 (CodeSystem)</a></p><p>This value set contains 3 concepts</p><table class=\"codes\"><tr><td style=\"white-space:nowrap\"><b>Code</b></td><td><b>System</b></td><td><b>Display (en-US)</b></td></tr><tr><td style=\"white-space:nowrap\"><a name=\"x-http://cancerscreeningcds.github.io/bcsm-cds/CodeSystem/recommendation-flag-code-system-overdue\"> </a>\u00a0\u00a0<a href=\"CodeSystem-recommendation-flag-code-system.html#recommendation-flag-code-system-overdue\">overdue</a></td><td>http://cancerscreeningcds.github.io/bcsm-cds/CodeSystem/recommendation-flag-code-system</td><td/></tr><tr><td style=\"white-space:nowrap\"><a name=\"x-http://cancerscreeningcds.github.io/bcsm-cds/CodeSystem/recommendation-flag-code-system-due\"> </a>\u00a0\u00a0<a href=\"CodeSystem-recommendation-flag-code-system.html#recommendation-flag-code-system-due\">due</a></td><td>http://cancerscreeningcds.github.io/bcsm-cds/CodeSystem/recommendation-flag-code-system</td><td/></tr><tr><td style=\"white-space:nowrap\"><a name=\"x-http://cancerscreeningcds.github.io/bcsm-cds/CodeSystem/recommendation-flag-code-system-not-due\"> </a>\u00a0\u00a0<a href=\"CodeSystem-recommendation-flag-code-system.html#recommendation-flag-code-system-not-due\">not-due</a></td><td>http://cancerscreeningcds.github.io/bcsm-cds/CodeSystem/recommendation-flag-code-system</td><td/></tr></table></div>"
      },
      "url" : "http://cancerscreeningcds.github.io/bcsm-cds/ValueSet/recommendation-flag-codes",
      "version" : "1.0.0",
      "name" : "RecommendationFlagCodes",
      "title" : "Recommendation Flag Codes",
      "status" : "draft",
      "experimental" : true,
      "date" : "2025-02-28T23:16:14+00:00",
      "expansion" : {
        "identifier" : "urn:uuid:613f2795-6fd2-40bd-a9f9-b28ddf3d59bc",
        "timestamp" : "2025-02-28T23:18:17+00:00",
        "total" : 3,
        "offset" : 0,
        "parameter" : [{
          "name" : "displayLanguage",
          "valueCode" : "en-US"
        },
        {
          "name" : "count",
          "valueInteger" : 1000
        },
        {
          "name" : "offset",
          "valueInteger" : 0
        },
        {
          "name" : "excludeNested",
          "valueBoolean" : false
        },
        {
          "name" : "used-codesystem",
          "valueUri" : "http://cancerscreeningcds.github.io/bcsm-cds/CodeSystem/recommendation-flag-code-system|1.0.0"
        }],
        "contains" : [{
          "system" : "http://cancerscreeningcds.github.io/bcsm-cds/CodeSystem/recommendation-flag-code-system",
          "code" : "overdue"
        },
        {
          "system" : "http://cancerscreeningcds.github.io/bcsm-cds/CodeSystem/recommendation-flag-code-system",
          "code" : "due"
        },
        {
          "system" : "http://cancerscreeningcds.github.io/bcsm-cds/CodeSystem/recommendation-flag-code-system",
          "code" : "not-due"
        }]
      }
    }
  }]
}