<?xml version="1.0" encoding="UTF-8"?>

<Bundle xmlns="http://hl7.org/fhir">
  <id value="99a30730-2897-4ccd-91c2-53160fb59b24"/>
  <meta>
    <lastUpdated value="2025-02-28T23:17:20.075+00:00"/>
  </meta>
  <type value="collection"/>
  <entry>
    <fullUrl value="http://cancerscreeningcds.github.io/bcsm-cds/ValueSet/plan-definition-action-codes"/>
    <resource>
      <ValueSet>
        <text>
          <status value="generated"/>
          <div xmlns="http://www.w3.org/1999/xhtml">
            <p class="res-header-id">
              <b>Generated Narrative: ValueSet </b>
            </p>
            <p style="border: black 1px dotted; background-color: #EEEEEE; padding: 8px; margin-bottom: 8px">Expansion performed internally based on 
              <a href="CodeSystem-plan-definition-action-code-system.html">codesystem Plan Definition Action Code System v1.0.0 (CodeSystem)</a>
            </p>
            <p>This value set contains 21 concepts</p>
            <table class="codes">
              <tr>
                <td style="white-space:nowrap">
                  <b>Code</b>
                </td>
                <td>
                  <b>System</b>
                </td>
                <td>
                  <b>Display (en-US)</b>
                </td>
              </tr>
              <tr>
                <td style="white-space:nowrap">
                  <a name="x-http://cancerscreeningcds.github.io/bcsm-cds/CodeSystem/plan-definition-action-code-system-eligible"> </a>  
                  <a href="CodeSystem-plan-definition-action-code-system.html#plan-definition-action-code-system-eligible">eligible</a>
                </td>
                <td>http://cancerscreeningcds.github.io/bcsm-cds/CodeSystem/plan-definition-action-code-system</td>
                <td/>
              </tr>
              <tr>
                <td style="white-space:nowrap">
                  <a name="x-http://cancerscreeningcds.github.io/bcsm-cds/CodeSystem/plan-definition-action-code-system-noteligible"> </a>  
                  <a href="CodeSystem-plan-definition-action-code-system.html#plan-definition-action-code-system-noteligible">noteligible</a>
                </td>
                <td>http://cancerscreeningcds.github.io/bcsm-cds/CodeSystem/plan-definition-action-code-system</td>
                <td/>
              </tr>
              <tr>
                <td style="white-space:nowrap">
                  <a name="x-http://cancerscreeningcds.github.io/bcsm-cds/CodeSystem/plan-definition-action-code-system-diagtesting"> </a>  
                  <a href="CodeSystem-plan-definition-action-code-system.html#plan-definition-action-code-system-diagtesting">diagtesting</a>
                </td>
                <td>http://cancerscreeningcds.github.io/bcsm-cds/CodeSystem/plan-definition-action-code-system</td>
                <td/>
              </tr>
              <tr>
                <td style="white-space:nowrap">
                  <a name="x-http://cancerscreeningcds.github.io/bcsm-cds/CodeSystem/plan-definition-action-code-system-error"> </a>  
                  <a href="CodeSystem-plan-definition-action-code-system.html#plan-definition-action-code-system-error">error</a>
                </td>
                <td>http://cancerscreeningcds.github.io/bcsm-cds/CodeSystem/plan-definition-action-code-system</td>
                <td/>
              </tr>
              <tr>
                <td style="white-space:nowrap">
                  <a name="x-http://cancerscreeningcds.github.io/bcsm-cds/CodeSystem/plan-definition-action-code-system-missingresultcode"> </a>  
                  <a href="CodeSystem-plan-definition-action-code-system.html#plan-definition-action-code-system-missingresultcode">missingresultcode</a>
                </td>
                <td>http://cancerscreeningcds.github.io/bcsm-cds/CodeSystem/plan-definition-action-code-system</td>
                <td/>
              </tr>
              <tr>
                <td style="white-space:nowrap">
                  <a name="x-http://cancerscreeningcds.github.io/bcsm-cds/CodeSystem/plan-definition-action-code-system-unknownresultcode"> </a>  
                  <a href="CodeSystem-plan-definition-action-code-system.html#plan-definition-action-code-system-unknownresultcode">unknownresultcode</a>
                </td>
                <td>http://cancerscreeningcds.github.io/bcsm-cds/CodeSystem/plan-definition-action-code-system</td>
                <td/>
              </tr>
              <tr>
                <td style="white-space:nowrap">
                  <a name="x-http://cancerscreeningcds.github.io/bcsm-cds/CodeSystem/plan-definition-action-code-system-sdmcontinue"> </a>  
                  <a href="CodeSystem-plan-definition-action-code-system.html#plan-definition-action-code-system-sdmcontinue">sdmcontinue</a>
                </td>
                <td>http://cancerscreeningcds.github.io/bcsm-cds/CodeSystem/plan-definition-action-code-system</td>
                <td/>
              </tr>
              <tr>
                <td style="white-space:nowrap">
                  <a name="x-http://cancerscreeningcds.github.io/bcsm-cds/CodeSystem/plan-definition-action-code-system-sdmdelay"> </a>  
                  <a href="CodeSystem-plan-definition-action-code-system.html#plan-definition-action-code-system-sdmdelay">sdmdelay</a>
                </td>
                <td>http://cancerscreeningcds.github.io/bcsm-cds/CodeSystem/plan-definition-action-code-system</td>
                <td/>
              </tr>
              <tr>
                <td style="white-space:nowrap">
                  <a name="x-http://cancerscreeningcds.github.io/bcsm-cds/CodeSystem/plan-definition-action-code-system-specialtyreferral"> </a>  
                  <a href="CodeSystem-plan-definition-action-code-system.html#plan-definition-action-code-system-specialtyreferral">specialtyreferral</a>
                </td>
                <td>http://cancerscreeningcds.github.io/bcsm-cds/CodeSystem/plan-definition-action-code-system</td>
                <td/>
              </tr>
              <tr>
                <td style="white-space:nowrap">
                  <a name="x-http://cancerscreeningcds.github.io/bcsm-cds/CodeSystem/plan-definition-action-code-system-determinenextdue"> </a>  
                  <a href="CodeSystem-plan-definition-action-code-system.html#plan-definition-action-code-system-determinenextdue">determinenextdue</a>
                </td>
                <td>http://cancerscreeningcds.github.io/bcsm-cds/CodeSystem/plan-definition-action-code-system</td>
                <td/>
              </tr>
              <tr>
                <td style="white-space:nowrap">
                  <a name="x-http://cancerscreeningcds.github.io/bcsm-cds/CodeSystem/plan-definition-action-code-system-lifetimeriskassessment"> </a>  
                  <a href="CodeSystem-plan-definition-action-code-system.html#plan-definition-action-code-system-lifetimeriskassessment">lifetimeriskassessment</a>
                </td>
                <td>http://cancerscreeningcds.github.io/bcsm-cds/CodeSystem/plan-definition-action-code-system</td>
                <td/>
              </tr>
              <tr>
                <td style="white-space:nowrap">
                  <a name="x-http://cancerscreeningcds.github.io/bcsm-cds/CodeSystem/plan-definition-action-code-system-familialriskassessment"> </a>  
                  <a href="CodeSystem-plan-definition-action-code-system.html#plan-definition-action-code-system-familialriskassessment">familialriskassessment</a>
                </td>
                <td>http://cancerscreeningcds.github.io/bcsm-cds/CodeSystem/plan-definition-action-code-system</td>
                <td/>
              </tr>
              <tr>
                <td style="white-space:nowrap">
                  <a name="x-http://cancerscreeningcds.github.io/bcsm-cds/CodeSystem/plan-definition-action-code-system-fhxrisktool"> </a>  
                  <a href="CodeSystem-plan-definition-action-code-system.html#plan-definition-action-code-system-fhxrisktool">fhxrisktool</a>
                </td>
                <td>http://cancerscreeningcds.github.io/bcsm-cds/CodeSystem/plan-definition-action-code-system</td>
                <td/>
              </tr>
              <tr>
                <td style="white-space:nowrap">
                  <a name="x-http://cancerscreeningcds.github.io/bcsm-cds/CodeSystem/plan-definition-action-code-system-fhxriskassess"> </a>  
                  <a href="CodeSystem-plan-definition-action-code-system.html#plan-definition-action-code-system-fhxriskassess">fhxriskassess</a>
                </td>
                <td>http://cancerscreeningcds.github.io/bcsm-cds/CodeSystem/plan-definition-action-code-system</td>
                <td/>
              </tr>
              <tr>
                <td style="white-space:nowrap">
                  <a name="x-http://cancerscreeningcds.github.io/bcsm-cds/CodeSystem/plan-definition-action-code-system-estlifexpectancy"> </a>  
                  <a href="CodeSystem-plan-definition-action-code-system.html#plan-definition-action-code-system-estlifexpectancy">estlifexpectancy</a>
                </td>
                <td>http://cancerscreeningcds.github.io/bcsm-cds/CodeSystem/plan-definition-action-code-system</td>
                <td/>
              </tr>
              <tr>
                <td style="white-space:nowrap">
                  <a name="x-http://cancerscreeningcds.github.io/bcsm-cds/CodeSystem/plan-definition-action-code-system-geneticriskreferral"> </a>  
                  <a href="CodeSystem-plan-definition-action-code-system.html#plan-definition-action-code-system-geneticriskreferral">geneticriskreferral</a>
                </td>
                <td>http://cancerscreeningcds.github.io/bcsm-cds/CodeSystem/plan-definition-action-code-system</td>
                <td/>
              </tr>
              <tr>
                <td style="white-space:nowrap">
                  <a name="x-http://cancerscreeningcds.github.io/bcsm-cds/CodeSystem/plan-definition-action-code-system-5yriskassessment"> </a>  
                  <a href="CodeSystem-plan-definition-action-code-system.html#plan-definition-action-code-system-5yriskassessment">5yriskassessment</a>
                </td>
                <td>http://cancerscreeningcds.github.io/bcsm-cds/CodeSystem/plan-definition-action-code-system</td>
                <td/>
              </tr>
              <tr>
                <td style="white-space:nowrap">
                  <a name="x-http://cancerscreeningcds.github.io/bcsm-cds/CodeSystem/plan-definition-action-code-system-highriskreferral"> </a>  
                  <a href="CodeSystem-plan-definition-action-code-system.html#plan-definition-action-code-system-highriskreferral">highriskreferral</a>
                </td>
                <td>http://cancerscreeningcds.github.io/bcsm-cds/CodeSystem/plan-definition-action-code-system</td>
                <td/>
              </tr>
              <tr>
                <td style="white-space:nowrap">
                  <a name="x-http://cancerscreeningcds.github.io/bcsm-cds/CodeSystem/plan-definition-action-code-system-breastbiopsy"> </a>  
                  <a href="CodeSystem-plan-definition-action-code-system.html#plan-definition-action-code-system-breastbiopsy">breastbiopsy</a>
                </td>
                <td>http://cancerscreeningcds.github.io/bcsm-cds/CodeSystem/plan-definition-action-code-system</td>
                <td/>
              </tr>
              <tr>
                <td style="white-space:nowrap">
                  <a name="x-http://cancerscreeningcds.github.io/bcsm-cds/CodeSystem/plan-definition-action-code-system-surgicalreferral"> </a>  
                  <a href="CodeSystem-plan-definition-action-code-system.html#plan-definition-action-code-system-surgicalreferral">surgicalreferral</a>
                </td>
                <td>http://cancerscreeningcds.github.io/bcsm-cds/CodeSystem/plan-definition-action-code-system</td>
                <td/>
              </tr>
              <tr>
                <td style="white-space:nowrap">
                  <a name="x-http://cancerscreeningcds.github.io/bcsm-cds/CodeSystem/plan-definition-action-code-system-oncreferral"> </a>  
                  <a href="CodeSystem-plan-definition-action-code-system.html#plan-definition-action-code-system-oncreferral">oncreferral</a>
                </td>
                <td>http://cancerscreeningcds.github.io/bcsm-cds/CodeSystem/plan-definition-action-code-system</td>
                <td/>
              </tr>
            </table>
          </div>
        </text>
        <url value="http://cancerscreeningcds.github.io/bcsm-cds/ValueSet/plan-definition-action-codes"/>
        <version value="1.0.0"/>
        <name value="PlanDefinitionActionCodes"/>
        <title value="Plan Definition Action Codes"/>
        <status value="draft"/>
        <experimental value="true"/>
        <date value="2025-02-28T23:16:14+00:00"/>
        <expansion>
          <identifier value="urn:uuid:4e0173d2-1f7d-4c3b-be36-4b9f01e8eeb9"/>
          <timestamp value="2025-02-28T23:18:16+00:00"/>
          <total value="21"/>
          <offset value="0"/>
          <parameter>
            <name value="displayLanguage"/>
            <valueCode value="en-US"/>
          </parameter>
          <parameter>
            <name value="count"/>
            <valueInteger value="1000"/>
          </parameter>
          <parameter>
            <name value="offset"/>
            <valueInteger value="0"/>
          </parameter>
          <parameter>
            <name value="excludeNested"/>
            <valueBoolean value="false"/>
          </parameter>
          <parameter>
            <name value="used-codesystem"/>
            <valueUri value="http://cancerscreeningcds.github.io/bcsm-cds/CodeSystem/plan-definition-action-code-system|1.0.0"/>
          </parameter>
          <contains>
            <system value="http://cancerscreeningcds.github.io/bcsm-cds/CodeSystem/plan-definition-action-code-system"/>
            <code value="eligible"/>
          </contains>
          <contains>
            <system value="http://cancerscreeningcds.github.io/bcsm-cds/CodeSystem/plan-definition-action-code-system"/>
            <code value="noteligible"/>
          </contains>
          <contains>
            <system value="http://cancerscreeningcds.github.io/bcsm-cds/CodeSystem/plan-definition-action-code-system"/>
            <code value="diagtesting"/>
          </contains>
          <contains>
            <system value="http://cancerscreeningcds.github.io/bcsm-cds/CodeSystem/plan-definition-action-code-system"/>
            <code value="error"/>
          </contains>
          <contains>
            <system value="http://cancerscreeningcds.github.io/bcsm-cds/CodeSystem/plan-definition-action-code-system"/>
            <code value="missingresultcode"/>
          </contains>
          <contains>
            <system value="http://cancerscreeningcds.github.io/bcsm-cds/CodeSystem/plan-definition-action-code-system"/>
            <code value="unknownresultcode"/>
          </contains>
          <contains>
            <system value="http://cancerscreeningcds.github.io/bcsm-cds/CodeSystem/plan-definition-action-code-system"/>
            <code value="sdmcontinue"/>
          </contains>
          <contains>
            <system value="http://cancerscreeningcds.github.io/bcsm-cds/CodeSystem/plan-definition-action-code-system"/>
            <code value="sdmdelay"/>
          </contains>
          <contains>
            <system value="http://cancerscreeningcds.github.io/bcsm-cds/CodeSystem/plan-definition-action-code-system"/>
            <code value="specialtyreferral"/>
          </contains>
          <contains>
            <system value="http://cancerscreeningcds.github.io/bcsm-cds/CodeSystem/plan-definition-action-code-system"/>
            <code value="determinenextdue"/>
          </contains>
          <contains>
            <system value="http://cancerscreeningcds.github.io/bcsm-cds/CodeSystem/plan-definition-action-code-system"/>
            <code value="lifetimeriskassessment"/>
          </contains>
          <contains>
            <system value="http://cancerscreeningcds.github.io/bcsm-cds/CodeSystem/plan-definition-action-code-system"/>
            <code value="familialriskassessment"/>
          </contains>
          <contains>
            <system value="http://cancerscreeningcds.github.io/bcsm-cds/CodeSystem/plan-definition-action-code-system"/>
            <code value="fhxrisktool"/>
          </contains>
          <contains>
            <system value="http://cancerscreeningcds.github.io/bcsm-cds/CodeSystem/plan-definition-action-code-system"/>
            <code value="fhxriskassess"/>
          </contains>
          <contains>
            <system value="http://cancerscreeningcds.github.io/bcsm-cds/CodeSystem/plan-definition-action-code-system"/>
            <code value="estlifexpectancy"/>
          </contains>
          <contains>
            <system value="http://cancerscreeningcds.github.io/bcsm-cds/CodeSystem/plan-definition-action-code-system"/>
            <code value="geneticriskreferral"/>
          </contains>
          <contains>
            <system value="http://cancerscreeningcds.github.io/bcsm-cds/CodeSystem/plan-definition-action-code-system"/>
            <code value="5yriskassessment"/>
          </contains>
          <contains>
            <system value="http://cancerscreeningcds.github.io/bcsm-cds/CodeSystem/plan-definition-action-code-system"/>
            <code value="highriskreferral"/>
          </contains>
          <contains>
            <system value="http://cancerscreeningcds.github.io/bcsm-cds/CodeSystem/plan-definition-action-code-system"/>
            <code value="breastbiopsy"/>
          </contains>
          <contains>
            <system value="http://cancerscreeningcds.github.io/bcsm-cds/CodeSystem/plan-definition-action-code-system"/>
            <code value="surgicalreferral"/>
          </contains>
          <contains>
            <system value="http://cancerscreeningcds.github.io/bcsm-cds/CodeSystem/plan-definition-action-code-system"/>
            <code value="oncreferral"/>
          </contains>
        </expansion>
      </ValueSet>
    </resource>
  </entry>
  <entry>
    <fullUrl value="http://cancerscreeningcds.github.io/bcsm-cds/ValueSet/plan-definition-action-reason-codes"/>
    <resource>
      <ValueSet>
        <text>
          <status value="generated"/>
          <div xmlns="http://www.w3.org/1999/xhtml">
            <p class="res-header-id">
              <b>Generated Narrative: ValueSet </b>
            </p>
            <p style="border: black 1px dotted; background-color: #EEEEEE; padding: 8px; margin-bottom: 8px">Expansion performed internally based on 
              <a href="CodeSystem-screening-observation-code-system.html">codesystem Screening Observation Code System v1.0.0 (CodeSystem)</a>
            </p>
            <p>This value set contains 30 concepts</p>
            <table class="codes">
              <tr>
                <td style="white-space:nowrap">
                  <b>Code</b>
                </td>
                <td>
                  <b>System</b>
                </td>
                <td>
                  <b>Display (en-US)</b>
                </td>
              </tr>
              <tr>
                <td style="white-space:nowrap">
                  <a name="x-http://cancerscreeningcds.github.io/bcsm-cds/CodeSystem/screening-observation-code-system-eligibleforscreening"> </a>  
                  <a href="CodeSystem-screening-observation-code-system.html#screening-observation-code-system-eligibleforscreening">eligibleforscreening</a>
                </td>
                <td>http://cancerscreeningcds.github.io/bcsm-cds/CodeSystem/screening-observation-code-system</td>
                <td/>
              </tr>
              <tr>
                <td style="white-space:nowrap">
                  <a name="x-http://cancerscreeningcds.github.io/bcsm-cds/CodeSystem/screening-observation-code-system-missingageorbirthdate"> </a>  
                  <a href="CodeSystem-screening-observation-code-system.html#screening-observation-code-system-missingageorbirthdate">missingageorbirthdate</a>
                </td>
                <td>http://cancerscreeningcds.github.io/bcsm-cds/CodeSystem/screening-observation-code-system</td>
                <td/>
              </tr>
              <tr>
                <td style="white-space:nowrap">
                  <a name="x-http://cancerscreeningcds.github.io/bcsm-cds/CodeSystem/screening-observation-code-system-notassignedfemaleatbirth"> </a>  
                  <a href="CodeSystem-screening-observation-code-system.html#screening-observation-code-system-notassignedfemaleatbirth">notassignedfemaleatbirth</a>
                </td>
                <td>http://cancerscreeningcds.github.io/bcsm-cds/CodeSystem/screening-observation-code-system</td>
                <td/>
              </tr>
              <tr>
                <td style="white-space:nowrap">
                  <a name="x-http://cancerscreeningcds.github.io/bcsm-cds/CodeSystem/screening-observation-code-system-screeningcomplete"> </a>  
                  <a href="CodeSystem-screening-observation-code-system.html#screening-observation-code-system-screeningcomplete">screeningcomplete</a>
                </td>
                <td>http://cancerscreeningcds.github.io/bcsm-cds/CodeSystem/screening-observation-code-system</td>
                <td/>
              </tr>
              <tr>
                <td style="white-space:nowrap">
                  <a name="x-http://cancerscreeningcds.github.io/bcsm-cds/CodeSystem/screening-observation-code-system-USPSTFaveragerisk"> </a>  
                  <a href="CodeSystem-screening-observation-code-system.html#screening-observation-code-system-USPSTFaveragerisk">USPSTFaveragerisk</a>
                </td>
                <td>http://cancerscreeningcds.github.io/bcsm-cds/CodeSystem/screening-observation-code-system</td>
                <td/>
              </tr>
              <tr>
                <td style="white-space:nowrap">
                  <a name="x-http://cancerscreeningcds.github.io/bcsm-cds/CodeSystem/screening-observation-code-system-ACSaveragerisk"> </a>  
                  <a href="CodeSystem-screening-observation-code-system.html#screening-observation-code-system-ACSaveragerisk">ACSaveragerisk</a>
                </td>
                <td>http://cancerscreeningcds.github.io/bcsm-cds/CodeSystem/screening-observation-code-system</td>
                <td/>
              </tr>
              <tr>
                <td style="white-space:nowrap">
                  <a name="x-http://cancerscreeningcds.github.io/bcsm-cds/CodeSystem/screening-observation-code-system-currentbreastcancer"> </a>  
                  <a href="CodeSystem-screening-observation-code-system.html#screening-observation-code-system-currentbreastcancer">currentbreastcancer</a>
                </td>
                <td>http://cancerscreeningcds.github.io/bcsm-cds/CodeSystem/screening-observation-code-system</td>
                <td/>
              </tr>
              <tr>
                <td style="white-space:nowrap">
                  <a name="x-http://cancerscreeningcds.github.io/bcsm-cds/CodeSystem/screening-observation-code-system-bilatmastectomy"> </a>  
                  <a href="CodeSystem-screening-observation-code-system.html#screening-observation-code-system-bilatmastectomy">bilatmastectomy</a>
                </td>
                <td>http://cancerscreeningcds.github.io/bcsm-cds/CodeSystem/screening-observation-code-system</td>
                <td/>
              </tr>
              <tr>
                <td style="white-space:nowrap">
                  <a name="x-http://cancerscreeningcds.github.io/bcsm-cds/CodeSystem/screening-observation-code-system-breastsymptomsorfindings"> </a>  
                  <a href="CodeSystem-screening-observation-code-system.html#screening-observation-code-system-breastsymptomsorfindings">breastsymptomsorfindings</a>
                </td>
                <td>http://cancerscreeningcds.github.io/bcsm-cds/CodeSystem/screening-observation-code-system</td>
                <td/>
              </tr>
              <tr>
                <td style="white-space:nowrap">
                  <a name="x-http://cancerscreeningcds.github.io/bcsm-cds/CodeSystem/screening-observation-code-system-ageover74"> </a>  
                  <a href="CodeSystem-screening-observation-code-system.html#screening-observation-code-system-ageover74">ageover74</a>
                </td>
                <td>http://cancerscreeningcds.github.io/bcsm-cds/CodeSystem/screening-observation-code-system</td>
                <td/>
              </tr>
              <tr>
                <td style="white-space:nowrap">
                  <a name="x-http://cancerscreeningcds.github.io/bcsm-cds/CodeSystem/screening-observation-code-system-lifeexp"> </a>  
                  <a href="CodeSystem-screening-observation-code-system.html#screening-observation-code-system-lifeexp">lifeexp</a>
                </td>
                <td>http://cancerscreeningcds.github.io/bcsm-cds/CodeSystem/screening-observation-code-system</td>
                <td/>
              </tr>
              <tr>
                <td style="white-space:nowrap">
                  <a name="x-http://cancerscreeningcds.github.io/bcsm-cds/CodeSystem/screening-observation-code-system-currentlylactating"> </a>  
                  <a href="CodeSystem-screening-observation-code-system.html#screening-observation-code-system-currentlylactating">currentlylactating</a>
                </td>
                <td>http://cancerscreeningcds.github.io/bcsm-cds/CodeSystem/screening-observation-code-system</td>
                <td/>
              </tr>
              <tr>
                <td style="white-space:nowrap">
                  <a name="x-http://cancerscreeningcds.github.io/bcsm-cds/CodeSystem/screening-observation-code-system-othergeneticrisk"> </a>  
                  <a href="CodeSystem-screening-observation-code-system.html#screening-observation-code-system-othergeneticrisk">othergeneticrisk</a>
                </td>
                <td>http://cancerscreeningcds.github.io/bcsm-cds/CodeSystem/screening-observation-code-system</td>
                <td/>
              </tr>
              <tr>
                <td style="white-space:nowrap">
                  <a name="x-http://cancerscreeningcds.github.io/bcsm-cds/CodeSystem/screening-observation-code-system-hxbreastca"> </a>  
                  <a href="CodeSystem-screening-observation-code-system.html#screening-observation-code-system-hxbreastca">hxbreastca</a>
                </td>
                <td>http://cancerscreeningcds.github.io/bcsm-cds/CodeSystem/screening-observation-code-system</td>
                <td/>
              </tr>
              <tr>
                <td style="white-space:nowrap">
                  <a name="x-http://cancerscreeningcds.github.io/bcsm-cds/CodeSystem/screening-observation-code-system-hxbreastcawithin5y"> </a>  
                  <a href="CodeSystem-screening-observation-code-system.html#screening-observation-code-system-hxbreastcawithin5y">hxbreastcawithin5y</a>
                </td>
                <td>http://cancerscreeningcds.github.io/bcsm-cds/CodeSystem/screening-observation-code-system</td>
                <td/>
              </tr>
              <tr>
                <td style="white-space:nowrap">
                  <a name="x-http://cancerscreeningcds.github.io/bcsm-cds/CodeSystem/screening-observation-code-system-geneticriskexclusion"> </a>  
                  <a href="CodeSystem-screening-observation-code-system.html#screening-observation-code-system-geneticriskexclusion">geneticriskexclusion</a>
                </td>
                <td>http://cancerscreeningcds.github.io/bcsm-cds/CodeSystem/screening-observation-code-system</td>
                <td/>
              </tr>
              <tr>
                <td style="white-space:nowrap">
                  <a name="x-http://cancerscreeningcds.github.io/bcsm-cds/CodeSystem/screening-observation-code-system-chestxrt"> </a>  
                  <a href="CodeSystem-screening-observation-code-system.html#screening-observation-code-system-chestxrt">chestxrt</a>
                </td>
                <td>http://cancerscreeningcds.github.io/bcsm-cds/CodeSystem/screening-observation-code-system</td>
                <td/>
              </tr>
              <tr>
                <td style="white-space:nowrap">
                  <a name="x-http://cancerscreeningcds.github.io/bcsm-cds/CodeSystem/screening-observation-code-system-atypicalbx"> </a>  
                  <a href="CodeSystem-screening-observation-code-system.html#screening-observation-code-system-atypicalbx">atypicalbx</a>
                </td>
                <td>http://cancerscreeningcds.github.io/bcsm-cds/CodeSystem/screening-observation-code-system</td>
                <td/>
              </tr>
              <tr>
                <td style="white-space:nowrap">
                  <a name="x-http://cancerscreeningcds.github.io/bcsm-cds/CodeSystem/screening-observation-code-system-atypicalbxhighlifetimerisk"> </a>  
                  <a href="CodeSystem-screening-observation-code-system.html#screening-observation-code-system-atypicalbxhighlifetimerisk">atypicalbxhighlifetimerisk</a>
                </td>
                <td>http://cancerscreeningcds.github.io/bcsm-cds/CodeSystem/screening-observation-code-system</td>
                <td/>
              </tr>
              <tr>
                <td style="white-space:nowrap">
                  <a name="x-http://cancerscreeningcds.github.io/bcsm-cds/CodeSystem/screening-observation-code-system-highlifetimerisk"> </a>  
                  <a href="CodeSystem-screening-observation-code-system.html#screening-observation-code-system-highlifetimerisk">highlifetimerisk</a>
                </td>
                <td>http://cancerscreeningcds.github.io/bcsm-cds/CodeSystem/screening-observation-code-system</td>
                <td/>
              </tr>
              <tr>
                <td style="white-space:nowrap">
                  <a name="x-http://cancerscreeningcds.github.io/bcsm-cds/CodeSystem/screening-observation-code-system-firstdeggenetic"> </a>  
                  <a href="CodeSystem-screening-observation-code-system.html#screening-observation-code-system-firstdeggenetic">firstdeggenetic</a>
                </td>
                <td>http://cancerscreeningcds.github.io/bcsm-cds/CodeSystem/screening-observation-code-system</td>
                <td/>
              </tr>
              <tr>
                <td style="white-space:nowrap">
                  <a name="x-http://cancerscreeningcds.github.io/bcsm-cds/CodeSystem/screening-observation-code-system-breastdensitycord"> </a>  
                  <a href="CodeSystem-screening-observation-code-system.html#screening-observation-code-system-breastdensitycord">breastdensitycord</a>
                </td>
                <td>http://cancerscreeningcds.github.io/bcsm-cds/CodeSystem/screening-observation-code-system</td>
                <td/>
              </tr>
              <tr>
                <td style="white-space:nowrap">
                  <a name="x-http://cancerscreeningcds.github.io/bcsm-cds/CodeSystem/screening-observation-code-system-fhxbreastcarisk"> </a>  
                  <a href="CodeSystem-screening-observation-code-system.html#screening-observation-code-system-fhxbreastcarisk">fhxbreastcarisk</a>
                </td>
                <td>http://cancerscreeningcds.github.io/bcsm-cds/CodeSystem/screening-observation-code-system</td>
                <td/>
              </tr>
              <tr>
                <td style="white-space:nowrap">
                  <a name="x-http://cancerscreeningcds.github.io/bcsm-cds/CodeSystem/screening-observation-code-system-fhxgenetic"> </a>  
                  <a href="CodeSystem-screening-observation-code-system.html#screening-observation-code-system-fhxgenetic">fhxgenetic</a>
                </td>
                <td>http://cancerscreeningcds.github.io/bcsm-cds/CodeSystem/screening-observation-code-system</td>
                <td/>
              </tr>
              <tr>
                <td style="white-space:nowrap">
                  <a name="x-http://cancerscreeningcds.github.io/bcsm-cds/CodeSystem/screening-observation-code-system-brcageneancestry"> </a>  
                  <a href="CodeSystem-screening-observation-code-system.html#screening-observation-code-system-brcageneancestry">brcageneancestry</a>
                </td>
                <td>http://cancerscreeningcds.github.io/bcsm-cds/CodeSystem/screening-observation-code-system</td>
                <td/>
              </tr>
              <tr>
                <td style="white-space:nowrap">
                  <a name="x-http://cancerscreeningcds.github.io/bcsm-cds/CodeSystem/screening-observation-code-system-fhxbrcaovcatubalperit"> </a>  
                  <a href="CodeSystem-screening-observation-code-system.html#screening-observation-code-system-fhxbrcaovcatubalperit">fhxbrcaovcatubalperit</a>
                </td>
                <td>http://cancerscreeningcds.github.io/bcsm-cds/CodeSystem/screening-observation-code-system</td>
                <td/>
              </tr>
              <tr>
                <td style="white-space:nowrap">
                  <a name="x-http://cancerscreeningcds.github.io/bcsm-cds/CodeSystem/screening-observation-code-system-highfamilialrisk"> </a>  
                  <a href="CodeSystem-screening-observation-code-system.html#screening-observation-code-system-highfamilialrisk">highfamilialrisk</a>
                </td>
                <td>http://cancerscreeningcds.github.io/bcsm-cds/CodeSystem/screening-observation-code-system</td>
                <td/>
              </tr>
              <tr>
                <td style="white-space:nowrap">
                  <a name="x-http://cancerscreeningcds.github.io/bcsm-cds/CodeSystem/screening-observation-code-system-high5yrisk"> </a>  
                  <a href="CodeSystem-screening-observation-code-system.html#screening-observation-code-system-high5yrisk">high5yrisk</a>
                </td>
                <td>http://cancerscreeningcds.github.io/bcsm-cds/CodeSystem/screening-observation-code-system</td>
                <td/>
              </tr>
              <tr>
                <td style="white-space:nowrap">
                  <a name="x-http://cancerscreeningcds.github.io/bcsm-cds/CodeSystem/screening-observation-code-system-higherthanaverage5yrisk"> </a>  
                  <a href="CodeSystem-screening-observation-code-system.html#screening-observation-code-system-higherthanaverage5yrisk">higherthanaverage5yrisk</a>
                </td>
                <td>http://cancerscreeningcds.github.io/bcsm-cds/CodeSystem/screening-observation-code-system</td>
                <td/>
              </tr>
              <tr>
                <td style="white-space:nowrap">
                  <a name="x-http://cancerscreeningcds.github.io/bcsm-cds/CodeSystem/screening-observation-code-system-riskfactors"> </a>  
                  <a href="CodeSystem-screening-observation-code-system.html#screening-observation-code-system-riskfactors">riskfactors</a>
                </td>
                <td>http://cancerscreeningcds.github.io/bcsm-cds/CodeSystem/screening-observation-code-system</td>
                <td/>
              </tr>
            </table>
          </div>
        </text>
        <url value="http://cancerscreeningcds.github.io/bcsm-cds/ValueSet/plan-definition-action-reason-codes"/>
        <version value="1.0.0"/>
        <name value="PlanDefinitionActionReasonCodes"/>
        <title value="Plan Definition Action Reason Codes"/>
        <status value="draft"/>
        <experimental value="true"/>
        <date value="2025-02-28T23:16:14+00:00"/>
        <expansion>
          <identifier value="urn:uuid:e1fd7da5-ac4b-4bd7-b82a-201c9a778f91"/>
          <timestamp value="2025-02-28T23:18:17+00:00"/>
          <total value="30"/>
          <offset value="0"/>
          <parameter>
            <name value="displayLanguage"/>
            <valueCode value="en-US"/>
          </parameter>
          <parameter>
            <name value="count"/>
            <valueInteger value="1000"/>
          </parameter>
          <parameter>
            <name value="offset"/>
            <valueInteger value="0"/>
          </parameter>
          <parameter>
            <name value="excludeNested"/>
            <valueBoolean value="false"/>
          </parameter>
          <parameter>
            <name value="used-codesystem"/>
            <valueUri value="http://cancerscreeningcds.github.io/bcsm-cds/CodeSystem/screening-observation-code-system|1.0.0"/>
          </parameter>
          <contains>
            <system value="http://cancerscreeningcds.github.io/bcsm-cds/CodeSystem/screening-observation-code-system"/>
            <code value="eligibleforscreening"/>
          </contains>
          <contains>
            <system value="http://cancerscreeningcds.github.io/bcsm-cds/CodeSystem/screening-observation-code-system"/>
            <code value="missingageorbirthdate"/>
          </contains>
          <contains>
            <system value="http://cancerscreeningcds.github.io/bcsm-cds/CodeSystem/screening-observation-code-system"/>
            <code value="notassignedfemaleatbirth"/>
          </contains>
          <contains>
            <system value="http://cancerscreeningcds.github.io/bcsm-cds/CodeSystem/screening-observation-code-system"/>
            <code value="screeningcomplete"/>
          </contains>
          <contains>
            <system value="http://cancerscreeningcds.github.io/bcsm-cds/CodeSystem/screening-observation-code-system"/>
            <code value="USPSTFaveragerisk"/>
          </contains>
          <contains>
            <system value="http://cancerscreeningcds.github.io/bcsm-cds/CodeSystem/screening-observation-code-system"/>
            <code value="ACSaveragerisk"/>
          </contains>
          <contains>
            <system value="http://cancerscreeningcds.github.io/bcsm-cds/CodeSystem/screening-observation-code-system"/>
            <code value="currentbreastcancer"/>
          </contains>
          <contains>
            <system value="http://cancerscreeningcds.github.io/bcsm-cds/CodeSystem/screening-observation-code-system"/>
            <code value="bilatmastectomy"/>
          </contains>
          <contains>
            <system value="http://cancerscreeningcds.github.io/bcsm-cds/CodeSystem/screening-observation-code-system"/>
            <code value="breastsymptomsorfindings"/>
          </contains>
          <contains>
            <system value="http://cancerscreeningcds.github.io/bcsm-cds/CodeSystem/screening-observation-code-system"/>
            <code value="ageover74"/>
          </contains>
          <contains>
            <system value="http://cancerscreeningcds.github.io/bcsm-cds/CodeSystem/screening-observation-code-system"/>
            <code value="lifeexp"/>
          </contains>
          <contains>
            <system value="http://cancerscreeningcds.github.io/bcsm-cds/CodeSystem/screening-observation-code-system"/>
            <code value="currentlylactating"/>
          </contains>
          <contains>
            <system value="http://cancerscreeningcds.github.io/bcsm-cds/CodeSystem/screening-observation-code-system"/>
            <code value="othergeneticrisk"/>
          </contains>
          <contains>
            <system value="http://cancerscreeningcds.github.io/bcsm-cds/CodeSystem/screening-observation-code-system"/>
            <code value="hxbreastca"/>
          </contains>
          <contains>
            <system value="http://cancerscreeningcds.github.io/bcsm-cds/CodeSystem/screening-observation-code-system"/>
            <code value="hxbreastcawithin5y"/>
          </contains>
          <contains>
            <system value="http://cancerscreeningcds.github.io/bcsm-cds/CodeSystem/screening-observation-code-system"/>
            <code value="geneticriskexclusion"/>
          </contains>
          <contains>
            <system value="http://cancerscreeningcds.github.io/bcsm-cds/CodeSystem/screening-observation-code-system"/>
            <code value="chestxrt"/>
          </contains>
          <contains>
            <system value="http://cancerscreeningcds.github.io/bcsm-cds/CodeSystem/screening-observation-code-system"/>
            <code value="atypicalbx"/>
          </contains>
          <contains>
            <system value="http://cancerscreeningcds.github.io/bcsm-cds/CodeSystem/screening-observation-code-system"/>
            <code value="atypicalbxhighlifetimerisk"/>
          </contains>
          <contains>
            <system value="http://cancerscreeningcds.github.io/bcsm-cds/CodeSystem/screening-observation-code-system"/>
            <code value="highlifetimerisk"/>
          </contains>
          <contains>
            <system value="http://cancerscreeningcds.github.io/bcsm-cds/CodeSystem/screening-observation-code-system"/>
            <code value="firstdeggenetic"/>
          </contains>
          <contains>
            <system value="http://cancerscreeningcds.github.io/bcsm-cds/CodeSystem/screening-observation-code-system"/>
            <code value="breastdensitycord"/>
          </contains>
          <contains>
            <system value="http://cancerscreeningcds.github.io/bcsm-cds/CodeSystem/screening-observation-code-system"/>
            <code value="fhxbreastcarisk"/>
          </contains>
          <contains>
            <system value="http://cancerscreeningcds.github.io/bcsm-cds/CodeSystem/screening-observation-code-system"/>
            <code value="fhxgenetic"/>
          </contains>
          <contains>
            <system value="http://cancerscreeningcds.github.io/bcsm-cds/CodeSystem/screening-observation-code-system"/>
            <code value="brcageneancestry"/>
          </contains>
          <contains>
            <system value="http://cancerscreeningcds.github.io/bcsm-cds/CodeSystem/screening-observation-code-system"/>
            <code value="fhxbrcaovcatubalperit"/>
          </contains>
          <contains>
            <system value="http://cancerscreeningcds.github.io/bcsm-cds/CodeSystem/screening-observation-code-system"/>
            <code value="highfamilialrisk"/>
          </contains>
          <contains>
            <system value="http://cancerscreeningcds.github.io/bcsm-cds/CodeSystem/screening-observation-code-system"/>
            <code value="high5yrisk"/>
          </contains>
          <contains>
            <system value="http://cancerscreeningcds.github.io/bcsm-cds/CodeSystem/screening-observation-code-system"/>
            <code value="higherthanaverage5yrisk"/>
          </contains>
          <contains>
            <system value="http://cancerscreeningcds.github.io/bcsm-cds/CodeSystem/screening-observation-code-system"/>
            <code value="riskfactors"/>
          </contains>
        </expansion>
      </ValueSet>
    </resource>
  </entry>
  <entry>
    <fullUrl value="http://cancerscreeningcds.github.io/bcsm-cds/ValueSet/recommendation-flag-codes"/>
    <resource>
      <ValueSet>
        <text>
          <status value="generated"/>
          <div xmlns="http://www.w3.org/1999/xhtml">
            <p class="res-header-id">
              <b>Generated Narrative: ValueSet </b>
            </p>
            <p style="border: black 1px dotted; background-color: #EEEEEE; padding: 8px; margin-bottom: 8px">Expansion performed internally based on 
              <a href="CodeSystem-recommendation-flag-code-system.html">codesystem Recommendation Flag Code System v1.0.0 (CodeSystem)</a>
            </p>
            <p>This value set contains 3 concepts</p>
            <table class="codes">
              <tr>
                <td style="white-space:nowrap">
                  <b>Code</b>
                </td>
                <td>
                  <b>System</b>
                </td>
                <td>
                  <b>Display (en-US)</b>
                </td>
              </tr>
              <tr>
                <td style="white-space:nowrap">
                  <a name="x-http://cancerscreeningcds.github.io/bcsm-cds/CodeSystem/recommendation-flag-code-system-overdue"> </a>  
                  <a href="CodeSystem-recommendation-flag-code-system.html#recommendation-flag-code-system-overdue">overdue</a>
                </td>
                <td>http://cancerscreeningcds.github.io/bcsm-cds/CodeSystem/recommendation-flag-code-system</td>
                <td/>
              </tr>
              <tr>
                <td style="white-space:nowrap">
                  <a name="x-http://cancerscreeningcds.github.io/bcsm-cds/CodeSystem/recommendation-flag-code-system-due"> </a>  
                  <a href="CodeSystem-recommendation-flag-code-system.html#recommendation-flag-code-system-due">due</a>
                </td>
                <td>http://cancerscreeningcds.github.io/bcsm-cds/CodeSystem/recommendation-flag-code-system</td>
                <td/>
              </tr>
              <tr>
                <td style="white-space:nowrap">
                  <a name="x-http://cancerscreeningcds.github.io/bcsm-cds/CodeSystem/recommendation-flag-code-system-not-due"> </a>  
                  <a href="CodeSystem-recommendation-flag-code-system.html#recommendation-flag-code-system-not-due">not-due</a>
                </td>
                <td>http://cancerscreeningcds.github.io/bcsm-cds/CodeSystem/recommendation-flag-code-system</td>
                <td/>
              </tr>
            </table>
          </div>
        </text>
        <url value="http://cancerscreeningcds.github.io/bcsm-cds/ValueSet/recommendation-flag-codes"/>
        <version value="1.0.0"/>
        <name value="RecommendationFlagCodes"/>
        <title value="Recommendation Flag Codes"/>
        <status value="draft"/>
        <experimental value="true"/>
        <date value="2025-02-28T23:16:14+00:00"/>
        <expansion>
          <identifier value="urn:uuid:613f2795-6fd2-40bd-a9f9-b28ddf3d59bc"/>
          <timestamp value="2025-02-28T23:18:17+00:00"/>
          <total value="3"/>
          <offset value="0"/>
          <parameter>
            <name value="displayLanguage"/>
            <valueCode value="en-US"/>
          </parameter>
          <parameter>
            <name value="count"/>
            <valueInteger value="1000"/>
          </parameter>
          <parameter>
            <name value="offset"/>
            <valueInteger value="0"/>
          </parameter>
          <parameter>
            <name value="excludeNested"/>
            <valueBoolean value="false"/>
          </parameter>
          <parameter>
            <name value="used-codesystem"/>
            <valueUri value="http://cancerscreeningcds.github.io/bcsm-cds/CodeSystem/recommendation-flag-code-system|1.0.0"/>
          </parameter>
          <contains>
            <system value="http://cancerscreeningcds.github.io/bcsm-cds/CodeSystem/recommendation-flag-code-system"/>
            <code value="overdue"/>
          </contains>
          <contains>
            <system value="http://cancerscreeningcds.github.io/bcsm-cds/CodeSystem/recommendation-flag-code-system"/>
            <code value="due"/>
          </contains>
          <contains>
            <system value="http://cancerscreeningcds.github.io/bcsm-cds/CodeSystem/recommendation-flag-code-system"/>
            <code value="not-due"/>
          </contains>
        </expansion>
      </ValueSet>
    </resource>
  </entry>
</Bundle>