<?xml version="1.0" encoding="UTF-8"?>

<ActivityDefinition xmlns="http://hl7.org/fhir">
  <id value="ScreeningEligibleQuestionnaireTask"/>
  <meta>
    <profile value="http://hl7.org/fhir/uv/cpg/StructureDefinition/cpg-computableactivity"/>
  </meta>
  <text>
    <status value="extensions"/><div xmlns="http://www.w3.org/1999/xhtml">
<div>
    <table class="grid dict">

        
        <tr>
            <th scope="row"><b>Title: </b></th>
            <td style="padding-left: 4px;">Screening Eligible Questionnaire Task</td>
        </tr>
        

        
        <tr>
            <th scope="row"><b>Id: </b></th>
            <td style="padding-left: 4px;">ScreeningEligibleQuestionnaireTask</td>
        </tr>
        

        
        <tr>
            <th scope="row"><b>Version: </b></th>
            <td style="padding-left: 4px;">1.0.0</td>
        </tr>
        

        

        

        
        <tr>
            <th scope="row"><b>Status: </b></th>
            <td style="padding-left: 4px;">draft</td>
        </tr>
        

        
        <tr>
            <th scope="row"><b>Experimental: </b></th>
            <td style="padding-left: 4px;">true</td>
        </tr>
        

        
        <tr>
            <th scope="row"><b>Date (date last changed): </b></th>
            <td style="padding-left: 4px;">2024-10-22</td>
        </tr>
        

        
        <tr>
            <th scope="row"><b>Approval date: </b></th>
            <td style="padding-left: 4px;">2024-10-22</td>
        </tr>
        

        
        <tr>
            <th scope="row"><b>Publisher (steward): </b></th>
            <td style="padding-left: 4px;">MITRE</td>
        </tr>
        

        
        <tr>
            <th scope="row"><b>Author: </b></th>
            <td style="padding-left: 4px;">The Health FFRDC, operated by The MITRE Corporation, in support of the Division of Cancer Prevention and Control, Centers for Disease Control and Prevention.</td>
        </tr>
        

        
        <tr>
            <th scope="row"><b>Endorsed by: </b></th>
            <td style="padding-left: 4px;">Division of Cancer Prevention and Control, Centers for Disease Control and Prevention</td>
        </tr>
        

        
        <tr>
            <th scope="row"><b>Description: </b></th>
            <td style="padding-left: 4px;"><div><p>This ActivityDefinition generates a Questionnaire Task containing a request to complete a questionnaire.</p>
</div></td>
        </tr>
        

        
        <tr>
            <th scope="row"><b>Knowledge Capability: </b></th>
            <td style="padding-left: 4px;">
                
                    executable
                
            </td>
        </tr>
        

        
        <tr>
            <th scope="row"><b>Knowledge Representation Level: </b></th>
            <td style="padding-left: 4px;">
                
                    structured
                
            </td>
        </tr>
        

        

        

        

        

        

        
        <tr>
            <th scope="row"><b>Copyright: </b></th>
            <td style="padding-left: 4px;"><div><p>(C) 2024 The MITRE Corporation. All Rights Reserved. Approved for Public Release: 24-2711. Distribution Unlimited. Unless otherwise noted, this work is available under an Apache 2.0 license. It was produced by the MITRE Corporation for the Division of Cancer Prevention and Control, Centers for Disease Control and Prevention in accordance with the Statement of Work, contract number 75FCMC18D0047, task order number 75D30123F17931.</p>
</div></td>
        </tr>
        

        

        
        
        

        
        <tr>
            <th scope="row"><b>Code: </b></th>
            <td style="padding-left: 4px;">
                
                    
                        
                            <p><b>system: </b><span><a href="http://hl7.org/fhir/uv/cpg/STU1/CodeSystem-cpg-activity-type.html">http://hl7.org/fhir/uv/cpg/CodeSystem/cpg-activity-type</a></span></p>
                        
                        
                            <p><b>code: </b><span>collect-information</span></p>
                        
                        
                            <p><b>display: </b><span>Collect information</span></p>
                        
                    
                
                
            </td>
        </tr>
        

        

        

        

        

        
        <tr>
            <th scope="row"><b>Kind: </b></th>
            <td style="padding-left: 4px;">Task</td>
        </tr>
        

        

        
        <tr>
            <th scope="row"><b>Intent: </b></th>
            <td style="padding-left: 4px;">proposal</td>
        </tr>
        

        
        <tr>
            <th scope="row"><b>Priority: </b></th>
            <td style="padding-left: 4px;">routine</td>
        </tr>
        

        

        

        

        

        
    </table>
</div>
</div>
  </text>
  <extension url="http://hl7.org/fhir/uv/cpg/StructureDefinition/cpg-knowledgeCapability">
    <valueCode value="executable"/>
  </extension>
  <extension url="http://hl7.org/fhir/uv/cpg/StructureDefinition/cpg-knowledgeRepresentationLevel">
    <valueCode value="structured"/>
  </extension>
  <extension url="http://hl7.org/fhir/uv/cpg/StructureDefinition/cpg-collectWith">
    <valueCanonical value="http://cancerscreeningcds.github.io/bcsm-cds/Questionnaire/ScreeningEligibleQuestionnaire|1.0.0"/>
  </extension>
  <url value="http://cancerscreeningcds.github.io/bcsm-cds/ActivityDefinition/ScreeningEligibleQuestionnaireTask"/>
  <version value="1.0.0"/>
  <name value="ScreeningEligibleQuestionnaireTask"/>
  <title value="Screening Eligible Questionnaire Task"/>
  <status value="draft"/>
  <experimental value="true"/>
  <date value="2024-10-22"/>
  <publisher value="MITRE"/>
  <contact>
    <name value="MITRE"/>
    <telecom>
      <system value="url"/>
      <value value="https://www.mitre.org/"/>
    </telecom>
  </contact>
  <description value="This ActivityDefinition generates a Questionnaire Task containing a request to complete a questionnaire."/>
  <copyright value="(C) 2024 The MITRE Corporation. All Rights Reserved. Approved for Public Release: 24-2711. Distribution Unlimited. Unless otherwise noted, this work is available under an Apache 2.0 license. It was produced by the MITRE Corporation for the Division of Cancer Prevention and Control, Centers for Disease Control and Prevention in accordance with the Statement of Work, contract number 75FCMC18D0047, task order number 75D30123F17931."/>
  <approvalDate value="2024-10-22"/>
  <lastReviewDate value="2024-10-22"/>
  <author>
    <name value="The Health FFRDC, operated by The MITRE Corporation, in support of the Division of Cancer Prevention and Control, Centers for Disease Control and Prevention."/>
  </author>
  <editor>
    <name value="Division of Cancer Prevention and Control, Centers for Disease Control and Prevention"/>
  </editor>
  <reviewer>
    <name value="Division of Cancer Prevention and Control, Centers for Disease Control and Prevention"/>
  </reviewer>
  <endorser>
    <name value="Division of Cancer Prevention and Control, Centers for Disease Control and Prevention"/>
  </endorser>
  <kind value="Task"/>
  <code>
    <coding>
      <system value="http://hl7.org/fhir/uv/cpg/CodeSystem/cpg-activity-type"/>
      <code value="collect-information"/>
      <display value="Collect information"/>
    </coding>
  </code>
  <intent value="proposal"/>
  <priority value="routine"/>
</ActivityDefinition>