<?xml version="1.0" encoding="UTF-8"?>

<Bundle xmlns="http://hl7.org/fhir">
  <id value="GeneticRiskReferral_eve-fhxgeneinherited_yes_eve-unkvariantstatus_no_end-variantknown"/>
  <type value="collection"/>
  <entry>
    <fullUrl value="http://cancerscreeningcds.github.io/bcsm-cds/CarePlan/405"/>
    <resource>
      <CarePlan>
        <id value="405"/>
        <text>
          <status value="generated"/><div xmlns="http://www.w3.org/1999/xhtml"><a name="CarePlan_405"> </a><p class="res-header-id"><b>Generated Narrative: CarePlan 405</b></p><a name="405"> </a><a name="hc405"> </a><a name="405-en-US"> </a><p><b>instantiatesCanonical</b>: <a href="PlanDefinition-flow-GeneticRiskReferral.html">Genetic Risk Referral</a></p><p><b>status</b>: Draft</p><p><b>intent</b>: Proposal</p><p><b>subject</b>: <a href="Bundle-eve-Age45to54_act-acsavgrecs45_act-uspstfavgrecs.html#Patient_defaultPatient">Jane Doe</a></p><p><b>created</b>: 2024-12-10 00:00:00+0000</p><h3>Activities</h3><table class="grid"><tr><td style="display: none">-</td><td><b>Reference</b></td></tr><tr><td style="display: none">*</td><td><a href="Bundle-GeneticRiskReferral_eve-fhxgeneinherited_yes_eve-unkvariantstatus_no_end-variantknown.html#RequestGroup_406">Bundle: type = collection</a></td></tr></table></div>
        </text>
        <instantiatesCanonical value="http://cancerscreeningcds.github.io/bcsm-cds/PlanDefinition/flow-GeneticRiskReferral"/>
        <status value="draft"/>
        <intent value="proposal"/>
        <subject>
          <reference value="Patient/defaultPatient"/>
          <display value="Jane Doe"/>
        </subject>
        <created value="2024-12-10T00:00:00.0Z"/>
        <activity>
          <reference>
            <reference value="RequestGroup/406"/>
          </reference>
        </activity>
      </CarePlan>
    </resource>
  </entry>
  <entry>
    <fullUrl value="http://cancerscreeningcds.github.io/bcsm-cds/RequestGroup/406"/>
    <resource>
      <RequestGroup>
        <id value="406"/>
        <text>
          <status value="generated"/><div xmlns="http://www.w3.org/1999/xhtml"><a name="RequestGroup_406"> </a><p class="res-header-id"><b>Generated Narrative: RequestGroup 406</b></p><a name="406"> </a><a name="hc406"> </a><a name="406-en-US"> </a><p><b>instantiatesCanonical</b>: <a href="PlanDefinition-flow-GeneticRiskReferral.html">Genetic Risk Referral</a></p><p><b>status</b>: Draft</p><p><b>intent</b>: Proposal</p><p><b>subject</b>: <a href="Bundle-eve-Age45to54_act-acsavgrecs45_act-uspstfavgrecs.html#Patient_defaultPatient">Jane Doe</a></p></div>
        </text>
        <instantiatesCanonical value="http://cancerscreeningcds.github.io/bcsm-cds/PlanDefinition/flow-GeneticRiskReferral"/>
        <status value="draft"/>
        <intent value="proposal"/>
        <subject>
          <reference value="Patient/defaultPatient"/>
          <display value="Jane Doe"/>
        </subject>
      </RequestGroup>
    </resource>
  </entry>
</Bundle>