<?xml version="1.0" encoding="UTF-8"?>

<Bundle xmlns="http://hl7.org/fhir">
  <id value="eve-fhxgeneinherited_no_eve-brcageneancestry_no_eve-fhxbrcaovcatubalperit_yes_eve-preferredfhxriskmethod_informal_act-fhxriskassess__eve-fhxriskresult_positive_act-geneticreferral"/>
  <type value="collection"/>
  <entry>
    <resource>
      <Patient>
        <id value="defaultPatient"/>
        <text>
          <status value="generated"/><div xmlns="http://www.w3.org/1999/xhtml"><a name="Patient_defaultPatient"> </a><p class="res-header-id"><b>Generated Narrative: Patient defaultPatient</b></p><a name="defaultPatient"> </a><a name="hcdefaultPatient"> </a><a name="defaultPatient-en-US"> </a><p style="border: 1px #661aff solid; background-color: #e6e6ff; padding: 10px;">Jane Doe  Female, DoB: 1981-01-01</p><hr/></div>
        </text>
        <name>
          <family value="Doe"/>
          <given value="Jane"/>
        </name>
        <gender value="female"/>
        <birthDate value="1981-01-01"/>
      </Patient>
    </resource>
  </entry>
  <entry>
    <resource>
      <FamilyMemberHistory>
        <id value="2cac2e81-1198-420f-996b-d913160f38ac"/>
        <text>
          <status value="generated"/><div xmlns="http://www.w3.org/1999/xhtml"><a name="FamilyMemberHistory_2cac2e81-1198-420f-996b-d913160f38ac"> </a><p class="res-header-id"><b>Generated Narrative: FamilyMemberHistory 2cac2e81-1198-420f-996b-d913160f38ac</b></p><a name="2cac2e81-1198-420f-996b-d913160f38ac"> </a><a name="hc2cac2e81-1198-420f-996b-d913160f38ac"> </a><a name="2cac2e81-1198-420f-996b-d913160f38ac-en-US"> </a><p><b>status</b>: Completed</p><p><b>patient</b>: <a href="Bundle-eve-Age45to54_act-acsavgrecs45_act-uspstfavgrecs.html#Patient_defaultPatient">Bundle: type = collection</a></p><p><b>name</b>: Unknown</p><p><b>relationship</b>: <span title="Codes:{http://hl7.org/fhir/v3/RoleCode MTH}">Mother</span></p><h3>Conditions</h3><table class="grid"><tr><td style="display: none">-</td><td><b>Code</b></td></tr><tr><td style="display: none">*</td><td><span title="Codes:{http://snomed.info/sct 254837009}">Invasive breast cancer</span></td></tr></table></div>
        </text>
        <status value="completed"/>
        <patient>
          <reference value="Patient/defaultPatient"/>
        </patient>
        <name value="Unknown"/>
        <relationship>
          <coding>
            <system value="http://hl7.org/fhir/v3/RoleCode"/>
            <code value="MTH"/>
            <display value="Mother"/>
          </coding>
        </relationship>
        <condition>
          <code>
            <coding>
              <system value="http://snomed.info/sct"/>
              <code value="254837009"/>
              <display value="Invasive breast cancer"/>
            </coding>
          </code>
        </condition>
      </FamilyMemberHistory>
    </resource>
  </entry>
  <entry>
    <resource>
      <Observation>
        <id value="ce4c3243-e6f3-4b1d-be49-1cef607a2449"/>
        <text>
          <status value="generated"/><div xmlns="http://www.w3.org/1999/xhtml"><a name="Observation_ce4c3243-e6f3-4b1d-be49-1cef607a2449"> </a><p class="res-header-id"><b>Generated Narrative: Observation ce4c3243-e6f3-4b1d-be49-1cef607a2449</b></p><a name="ce4c3243-e6f3-4b1d-be49-1cef607a2449"> </a><a name="hcce4c3243-e6f3-4b1d-be49-1cef607a2449"> </a><a name="ce4c3243-e6f3-4b1d-be49-1cef607a2449-en-US"> </a><p><b>status</b>: Final</p><p><b>code</b>: <span title="Codes:{http://cancerscreeningcds.github.io/bcsm-cds/CodeSystem/plan-definition-action-code-system fhxrisktool}">Brief familial risk assessment tool</span></p><p><b>subject</b>: <a href="Bundle-eve-Age45to54_act-acsavgrecs45_act-uspstfavgrecs.html#Patient_defaultPatient">Bundle: type = collection</a></p><p><b>effective</b>: 2024-11-10 00:00:00+0000</p><p><b>value</b>: <span title="Codes:{http://cancerscreeningcds.github.io/bcsm-cds/CodeSystem/screening-observation-code-system highfamilialrisk}">High familial risk</span></p></div>
        </text>
        <status value="final"/>
        <code>
          <coding>
            <system value="http://cancerscreeningcds.github.io/bcsm-cds/CodeSystem/plan-definition-action-code-system"/>
            <code value="fhxrisktool"/>
            <display value="Brief familial risk assessment tool"/>
          </coding>
        </code>
        <subject>
          <reference value="Patient/defaultPatient"/>
        </subject>
        <effectiveDateTime value="2024-11-10T00:00:00.0Z"/>
        <valueCodeableConcept>
          <coding>
            <system value="http://cancerscreeningcds.github.io/bcsm-cds/CodeSystem/screening-observation-code-system"/>
            <code value="highfamilialrisk"/>
            <display value="High familial risk"/>
          </coding>
        </valueCodeableConcept>
      </Observation>
    </resource>
  </entry>
</Bundle>