<?xml version="1.0" encoding="UTF-8"?>

<Bundle xmlns="http://hl7.org/fhir">
  <id value="eve-fhxbrca_eve-fiveyrriskpop_lt5y_act-HighRiskAssessment"/>
  <type value="collection"/>
  <entry>
    <resource>
      <Patient>
        <id value="849fe469-d011-4154-bf3d-38030ce5e99c"/>
        <text>
          <status value="generated"/><div xmlns="http://www.w3.org/1999/xhtml"><a name="Patient_849fe469-d011-4154-bf3d-38030ce5e99c"> </a><p class="res-header-id"><b>Generated Narrative: Patient 849fe469-d011-4154-bf3d-38030ce5e99c</b></p><a name="849fe469-d011-4154-bf3d-38030ce5e99c"> </a><a name="hc849fe469-d011-4154-bf3d-38030ce5e99c"> </a><a name="849fe469-d011-4154-bf3d-38030ce5e99c-en-US"> </a><p style="border: 1px #661aff solid; background-color: #e6e6ff; padding: 10px;">Jane Doe  Female, DoB: 1980-01-01</p><hr/></div>
        </text>
        <name>
          <family value="Doe"/>
          <given value="Jane"/>
        </name>
        <gender value="female"/>
        <birthDate value="1980-01-01"/>
      </Patient>
    </resource>
  </entry>
  <entry>
    <resource>
      <Observation>
        <id value="1ba46c8c-49fb-4962-9e9a-8291a5bb7b8a"/>
        <text>
          <status value="generated"/><div xmlns="http://www.w3.org/1999/xhtml"><a name="Observation_1ba46c8c-49fb-4962-9e9a-8291a5bb7b8a"> </a><p class="res-header-id"><b>Generated Narrative: Observation 1ba46c8c-49fb-4962-9e9a-8291a5bb7b8a</b></p><a name="1ba46c8c-49fb-4962-9e9a-8291a5bb7b8a"> </a><a name="hc1ba46c8c-49fb-4962-9e9a-8291a5bb7b8a"> </a><a name="1ba46c8c-49fb-4962-9e9a-8291a5bb7b8a-en-US"> </a><p><b>status</b>: Final</p><p><b>code</b>: <span title="Codes:{http://cancerscreeningcds.github.io/bcsm-cds/CodeSystem/plan-definition-action-code-system familialriskassessment}">Familial risk assessment</span></p><p><b>subject</b>: <a href="Bundle-eve-fhxbrca_eve-fiveyrriskpop_lt5y_act-HighRiskAssessment.html#Patient_849fe469-d011-4154-bf3d-38030ce5e99c">Bundle: type = collection</a></p><p><b>effective</b>: 2024-11-10 00:00:00+0000</p><p><b>value</b>: true</p></div>
        </text>
        <status value="final"/>
        <code>
          <coding>
            <system value="http://cancerscreeningcds.github.io/bcsm-cds/CodeSystem/plan-definition-action-code-system"/>
            <code value="familialriskassessment"/>
            <display value="Familial risk assessment"/>
          </coding>
        </code>
        <subject>
          <reference value="Patient/849fe469-d011-4154-bf3d-38030ce5e99c"/>
        </subject>
        <effectiveDateTime value="2024-11-10T00:00:00.0Z"/>
        <valueBoolean value="true"/>
      </Observation>
    </resource>
  </entry>
  <entry>
    <resource>
      <Observation>
        <id value="d7fda27d-96db-4f15-b802-7fc3cfa83640"/>
        <text>
          <status value="generated"/><div xmlns="http://www.w3.org/1999/xhtml"><a name="Observation_d7fda27d-96db-4f15-b802-7fc3cfa83640"> </a><p class="res-header-id"><b>Generated Narrative: Observation d7fda27d-96db-4f15-b802-7fc3cfa83640</b></p><a name="d7fda27d-96db-4f15-b802-7fc3cfa83640"> </a><a name="hcd7fda27d-96db-4f15-b802-7fc3cfa83640"> </a><a name="d7fda27d-96db-4f15-b802-7fc3cfa83640-en-US"> </a><p><b>status</b>: Final</p><p><b>code</b>: <span title="Codes:{http://cancerscreeningcds.github.io/bcsm-cds/CodeSystem/plan-definition-action-code-system familialriskassessment}">Familial risk assessment</span></p><p><b>subject</b>: <a href="Bundle-eve-fhxbrca_eve-fiveyrriskpop_lt5y_act-HighRiskAssessment.html#Patient_849fe469-d011-4154-bf3d-38030ce5e99c">Bundle: type = collection</a></p><p><b>effective</b>: 2020-11-10 00:00:00+0000</p><p><b>value</b>: false</p></div>
        </text>
        <status value="final"/>
        <code>
          <coding>
            <system value="http://cancerscreeningcds.github.io/bcsm-cds/CodeSystem/plan-definition-action-code-system"/>
            <code value="familialriskassessment"/>
            <display value="Familial risk assessment"/>
          </coding>
        </code>
        <subject>
          <reference value="Patient/849fe469-d011-4154-bf3d-38030ce5e99c"/>
        </subject>
        <effectiveDateTime value="2020-11-10T00:00:00.0Z"/>
        <valueBoolean value="false"/>
      </Observation>
    </resource>
  </entry>
  <entry>
    <resource>
      <Observation>
        <id value="5c5371c4-f98e-4027-a240-f99154b7790c"/>
        <text>
          <status value="generated"/><div xmlns="http://www.w3.org/1999/xhtml"><a name="Observation_5c5371c4-f98e-4027-a240-f99154b7790c"> </a><p class="res-header-id"><b>Generated Narrative: Observation 5c5371c4-f98e-4027-a240-f99154b7790c</b></p><a name="5c5371c4-f98e-4027-a240-f99154b7790c"> </a><a name="hc5c5371c4-f98e-4027-a240-f99154b7790c"> </a><a name="5c5371c4-f98e-4027-a240-f99154b7790c-en-US"> </a><p><b>status</b>: Final</p><p><b>code</b>: <span title="Codes:{http://cancerscreeningcds.github.io/bcsm-cds/CodeSystem/plan-definition-action-code-system 5yriskassessment}">5 year risk assessment</span></p><p><b>subject</b>: <a href="Bundle-eve-fhxbrca_eve-fiveyrriskpop_lt5y_act-HighRiskAssessment.html#Patient_849fe469-d011-4154-bf3d-38030ce5e99c">Bundle: type = collection</a></p><p><b>effective</b>: 2022-11-10 00:00:00+0000</p><p><b>value</b>: 2<span style="background: LightGoldenRodYellow"> (Details: [not stated]  code% = '%')</span></p></div>
        </text>
        <status value="final"/>
        <code>
          <coding>
            <system value="http://cancerscreeningcds.github.io/bcsm-cds/CodeSystem/plan-definition-action-code-system"/>
            <code value="5yriskassessment"/>
            <display value="5 year risk assessment"/>
          </coding>
        </code>
        <subject>
          <reference value="Patient/849fe469-d011-4154-bf3d-38030ce5e99c"/>
        </subject>
        <effectiveDateTime value="2022-11-10T00:00:00.0Z"/>
        <valueQuantity>
          <value value="2"/>
          <code value="%"/>
        </valueQuantity>
      </Observation>
    </resource>
  </entry>
</Bundle>