<?xml version="1.0" encoding="UTF-8"?>

<Bundle xmlns="http://hl7.org/fhir">
  <id value="act-acsmammoatypicalbx_act-acsatypicalbx_warning_missing"/>
  <type value="collection"/>
  <entry>
    <resource>
      <Patient>
        <id value="defaultPatient"/>
        <text>
          <status value="generated"/><div xmlns="http://www.w3.org/1999/xhtml"><a name="Patient_defaultPatient"> </a><p class="res-header-id"><b>Generated Narrative: Patient defaultPatient</b></p><a name="defaultPatient"> </a><a name="hcdefaultPatient"> </a><a name="defaultPatient-en-US"> </a><p style="border: 1px #661aff solid; background-color: #e6e6ff; padding: 10px;">Jane Doe  Female, DoB: 1981-01-01</p><hr/></div>
        </text>
        <name>
          <family value="Doe"/>
          <given value="Jane"/>
        </name>
        <gender value="female"/>
        <birthDate value="1981-01-01"/>
      </Patient>
    </resource>
  </entry>
  <entry>
    <resource>
      <DiagnosticReport>
        <id value="biopsy-report-1"/>
        <text>
          <status value="generated"/><div xmlns="http://www.w3.org/1999/xhtml"><a name="DiagnosticReport_biopsy-report-1"> </a><p class="res-header-id"><b>Generated Narrative: DiagnosticReport biopsy-report-1</b></p><a name="biopsy-report-1"> </a><a name="hcbiopsy-report-1"> </a><a name="biopsy-report-1-en-US"> </a><h2><span title="Codes:{http://loinc.org 66110-8}">Biopsy Report</span> </h2><table class="grid"><tr><td>Subject</td><td>Not done yet</td></tr><tr><td>When For</td><td>2024-11-10 00:00:00+0000</td></tr></table><p><b>Report Details</b></p><p><b>Coded Conclusions:</b></p><ul><li><span title="Codes:{http://snomed.info/sct 109888004}">Lobular carcinoma in situ of breast (disorder)</span></li></ul></div>
        </text>
        <status value="final"/>
        <code>
          <coding>
            <system value="http://loinc.org"/>
            <code value="66110-8"/>
            <display value="Biopsy Report"/>
          </coding>
        </code>
        <subject>
          <reference value="Patient/defaultPatient"/>
        </subject>
        <effectiveDateTime value="2024-11-10T00:00:00.0Z"/>
        <conclusionCode>
          <coding>
            <system value="http://snomed.info/sct"/>
            <code value="109888004"/>
            <display value="Lobular carcinoma in situ of breast (disorder)"/>
          </coding>
        </conclusionCode>
      </DiagnosticReport>
    </resource>
  </entry>
  <entry>
    <resource>
      <DiagnosticReport>
        <id value="22a4e847-122a-4e70-ad7e-88b80ac4b569"/>
        <text>
          <status value="generated"/><div xmlns="http://www.w3.org/1999/xhtml"><a name="DiagnosticReport_22a4e847-122a-4e70-ad7e-88b80ac4b569"> </a><p class="res-header-id"><b>Generated Narrative: DiagnosticReport 22a4e847-122a-4e70-ad7e-88b80ac4b569</b></p><a name="22a4e847-122a-4e70-ad7e-88b80ac4b569"> </a><a name="hc22a4e847-122a-4e70-ad7e-88b80ac4b569"> </a><a name="22a4e847-122a-4e70-ad7e-88b80ac4b569-en-US"> </a><h2><span title="Codes:{http://loinc.org 66110-8}">Biopsy Report</span> </h2><table class="grid"><tr><td>Subject</td><td>Not done yet</td></tr><tr><td>When For</td><td>2024-10-01 10:00:00+0000</td></tr></table><p><b>Report Details</b></p></div>
        </text>
        <basedOn>
          <reference value="ServiceRequest/order-1"/>
        </basedOn>
        <status value="final"/>
        <code>
          <coding>
            <system value="http://loinc.org"/>
            <code value="66110-8"/>
            <display value="Biopsy Report"/>
          </coding>
        </code>
        <subject>
          <reference value="Patient/defaultPatient"/>
        </subject>
        <effectiveDateTime value="2024-10-01T10:00:00.000Z"/>
      </DiagnosticReport>
    </resource>
  </entry>
</Bundle>