<?xml version="1.0" encoding="UTF-8"?>

<Bundle xmlns="http://hl7.org/fhir">
  <id value="inc-AgeAtLeast18_MostRecentAgeValue_yes"/>
  <type value="collection"/>
  <entry>
    <resource>
      <Patient>
        <id value="19b29760-90e3-425d-a54d-047dd3404993"/>
        <text>
          <status value="generated"/><div xmlns="http://www.w3.org/1999/xhtml"><a name="Patient_19b29760-90e3-425d-a54d-047dd3404993"> </a><p class="res-header-id"><b>Generated Narrative: Patient 19b29760-90e3-425d-a54d-047dd3404993</b></p><a name="19b29760-90e3-425d-a54d-047dd3404993"> </a><a name="hc19b29760-90e3-425d-a54d-047dd3404993"> </a><a name="19b29760-90e3-425d-a54d-047dd3404993-en-US"> </a><p style="border: 1px #661aff solid; background-color: #e6e6ff; padding: 10px;">Joanne Smith  Female, DoB Unknown</p><hr/></div>
        </text>
        <name>
          <family value="Smith"/>
          <given value="Joanne"/>
        </name>
        <gender value="female"/>
      </Patient>
    </resource>
  </entry>
  <entry>
    <resource>
      <Observation>
        <id value="4349f396-82a6-4ab5-a56e-999abed858f9"/>
        <text>
          <status value="generated"/><div xmlns="http://www.w3.org/1999/xhtml"><a name="Observation_4349f396-82a6-4ab5-a56e-999abed858f9"> </a><p class="res-header-id"><b>Generated Narrative: Observation 4349f396-82a6-4ab5-a56e-999abed858f9</b></p><a name="4349f396-82a6-4ab5-a56e-999abed858f9"> </a><a name="hc4349f396-82a6-4ab5-a56e-999abed858f9"> </a><a name="4349f396-82a6-4ab5-a56e-999abed858f9-en-US"> </a><p><b>status</b>: Final</p><p><b>code</b>: <span title="Codes:{http://loinc.org 30525-0}">Age</span></p><p><b>subject</b>: <a href="Bundle-inc-AgeAtLeast18_MostRecentAgeValue_yes.html#Patient_19b29760-90e3-425d-a54d-047dd3404993">Bundle: type = collection</a></p><p><b>effective</b>: 2024-12-10 00:00:00+0000</p><p><b>value</b>: 18 years</p></div>
        </text>
        <status value="final"/>
        <code>
          <coding>
            <system value="http://loinc.org"/>
            <code value="30525-0"/>
            <display value="Age"/>
          </coding>
        </code>
        <subject>
          <reference value="Patient/19b29760-90e3-425d-a54d-047dd3404993"/>
        </subject>
        <effectiveDateTime value="2024-12-10T00:00:00.0Z"/>
        <valueQuantity>
          <value value="18"/>
          <unit value="years"/>
        </valueQuantity>
      </Observation>
    </resource>
  </entry>
</Bundle>