<?xml version="1.0" encoding="UTF-8"?>

<Bundle xmlns="http://hl7.org/fhir">
  <id value="eve-geneticriskpop__act-HighRiskReferral"/>
  <type value="collection"/>
  <entry>
    <resource>
      <Patient>
        <id value="defaultPatient"/>
        <text>
          <status value="generated"/><div xmlns="http://www.w3.org/1999/xhtml"><a name="Patient_defaultPatient"> </a><p class="res-header-id"><b>Generated Narrative: Patient defaultPatient</b></p><a name="defaultPatient"> </a><a name="hcdefaultPatient"> </a><a name="defaultPatient-en-US"> </a><p style="border: 1px #661aff solid; background-color: #e6e6ff; padding: 10px;">Jane Doe  Female, DoB: 1981-01-01</p><hr/></div>
        </text>
        <name>
          <family value="Doe"/>
          <given value="Jane"/>
        </name>
        <gender value="female"/>
        <birthDate value="1981-01-01"/>
      </Patient>
    </resource>
  </entry>
  <entry>
    <resource>
      <Condition>
        <id value="1e82341b-b5a6-4318-87dc-9ea92ac65e52"/>
        <text>
          <status value="generated"/><div xmlns="http://www.w3.org/1999/xhtml"><a name="Condition_1e82341b-b5a6-4318-87dc-9ea92ac65e52"> </a><p class="res-header-id"><b>Generated Narrative: Condition 1e82341b-b5a6-4318-87dc-9ea92ac65e52</b></p><a name="1e82341b-b5a6-4318-87dc-9ea92ac65e52"> </a><a name="hc1e82341b-b5a6-4318-87dc-9ea92ac65e52"> </a><a name="1e82341b-b5a6-4318-87dc-9ea92ac65e52-en-US"> </a><p><b>clinicalStatus</b>: <span title="Codes:{http://terminology.hl7.org/CodeSystem/condition-clinical active}">Active</span></p><p><b>verificationStatus</b>: <span title="Codes:{http://terminology.hl7.org/CodeSystem/condition-ver-status confirmed}">Confirmed</span></p><p><b>code</b>: <span title="Codes:{http://snomed.info/sct 412734009}">BRCA1 gene mutation detected (finding)</span></p><p><b>subject</b>: <a href="Bundle-eve-Age45to54_act-acsavgrecs45_act-uspstfavgrecs.html#Patient_defaultPatient">Bundle: type = collection</a></p></div>
        </text>
        <clinicalStatus>
          <coding>
            <system value="http://terminology.hl7.org/CodeSystem/condition-clinical"/>
            <code value="active"/>
          </coding>
        </clinicalStatus>
        <verificationStatus>
          <coding>
            <system value="http://terminology.hl7.org/CodeSystem/condition-ver-status"/>
            <code value="confirmed"/>
          </coding>
        </verificationStatus>
        <code>
          <coding>
            <system value="http://snomed.info/sct"/>
            <code value="412734009"/>
            <display value="BRCA1 gene mutation detected (finding)"/>
          </coding>
        </code>
        <subject>
          <reference value="Patient/defaultPatient"/>
        </subject>
      </Condition>
    </resource>
  </entry>
</Bundle>