<?xml version="1.0" encoding="UTF-8"?>

<Bundle xmlns="http://hl7.org/fhir">
  <id value="eve-AgeOver54_act-acsavgrecs55-uspstfavgrecs"/>
  <type value="collection"/>
  <entry>
    <resource>
      <Patient>
        <id value="defaultPatient"/>
        <text>
          <status value="generated"/><div xmlns="http://www.w3.org/1999/xhtml"><a name="Patient_defaultPatient"> </a><p class="res-header-id"><b>Generated Narrative: Patient defaultPatient</b></p><a name="defaultPatient"> </a><a name="hcdefaultPatient"> </a><a name="defaultPatient-en-US"> </a><p style="border: 1px #661aff solid; background-color: #e6e6ff; padding: 10px;">Jane Doe  Female, DoB: 1966-01-01</p><hr/></div>
        </text>
        <name>
          <family value="Doe"/>
          <given value="Jane"/>
        </name>
        <gender value="female"/>
        <birthDate value="1966-01-01"/>
      </Patient>
    </resource>
  </entry>
  <entry>
    <resource>
      <DiagnosticReport>
        <id value="56e80dc6-70bc-429d-8bfb-fb72c7faae6b"/>
        <text>
          <status value="generated"/><div xmlns="http://www.w3.org/1999/xhtml"><a name="DiagnosticReport_56e80dc6-70bc-429d-8bfb-fb72c7faae6b"> </a><p class="res-header-id"><b>Generated Narrative: DiagnosticReport 56e80dc6-70bc-429d-8bfb-fb72c7faae6b</b></p><a name="56e80dc6-70bc-429d-8bfb-fb72c7faae6b"> </a><a name="hc56e80dc6-70bc-429d-8bfb-fb72c7faae6b"> </a><a name="56e80dc6-70bc-429d-8bfb-fb72c7faae6b-en-US"> </a><h2><span title="Codes:{http://loinc.org 24606-6}">MG Breast Screening</span> (<span title="Codes:{http://terminology.hl7.org/CodeSystem/v2-0074 RAD}">Radiology</span>) </h2><table class="grid"><tr><td>Subject</td><td>Not done yet</td></tr><tr><td>When For</td><td>2024-10-01 10:00:00+0000</td></tr><tr><td>Reported</td><td>2024-10-02 15:00:00+0000</td></tr></table><p><b>Report Details</b></p></div>
        </text>
        <status value="final"/>
        <category>
          <coding>
            <system value="http://terminology.hl7.org/CodeSystem/v2-0074"/>
            <code value="RAD"/>
            <display value="Radiology"/>
          </coding>
        </category>
        <code>
          <coding>
            <system value="http://loinc.org"/>
            <code value="24606-6"/>
            <display value="MG Breast Screening"/>
          </coding>
        </code>
        <subject>
          <reference value="Patient/defaultPatient"/>
        </subject>
        <effectiveDateTime value="2024-10-01T10:00:00.000Z"/>
        <issued value="2024-10-02T15:00:00.000Z"/>
      </DiagnosticReport>
    </resource>
  </entry>
</Bundle>