<?xml version="1.0" encoding="UTF-8"?>

<Bundle xmlns="http://hl7.org/fhir">
  <id value="FollowupScreeningResult_NadiaWills_palpable_breast_mass"/>
  <type value="collection"/>
  <entry>
    <fullUrl value="http://cancerscreeningcds.github.io/bcsm-cds/CarePlan/330"/>
    <resource>
      <CarePlan>
        <id value="330"/>
        <text>
          <status value="generated"/><div xmlns="http://www.w3.org/1999/xhtml"><a name="CarePlan_330"> </a><p class="res-header-id"><b>Generated Narrative: CarePlan 330</b></p><a name="330"> </a><a name="hc330"> </a><a name="330-en-US"> </a><p><b>instantiatesCanonical</b>: <a href="PlanDefinition-flow-FollowupScreeningResult.html">Followup Screening Result</a></p><p><b>status</b>: Draft</p><p><b>intent</b>: Proposal</p><p><b>subject</b>: <a href="Bundle-NadiaWills_palpable_breast_mass.html#Patient_NadiaWills">Nadia93 Wills47</a></p><p><b>created</b>: 2024-12-10 00:00:00+0000</p><h3>Activities</h3><table class="grid"><tr><td style="display: none">-</td><td><b>Reference</b></td></tr><tr><td style="display: none">*</td><td><a href="Bundle-FollowupScreeningResult_NadiaWills_palpable_breast_mass.html#RequestGroup_331">Bundle: type = collection</a></td></tr></table></div>
        </text>
        <instantiatesCanonical value="http://cancerscreeningcds.github.io/bcsm-cds/PlanDefinition/flow-FollowupScreeningResult"/>
        <status value="draft"/>
        <intent value="proposal"/>
        <subject>
          <reference value="Patient/NadiaWills"/>
          <display value="Nadia93 Wills47"/>
        </subject>
        <created value="2024-12-10T00:00:00.0Z"/>
        <activity>
          <reference>
            <reference value="RequestGroup/331"/>
          </reference>
        </activity>
      </CarePlan>
    </resource>
  </entry>
  <entry>
    <fullUrl value="http://cancerscreeningcds.github.io/bcsm-cds/RequestGroup/331"/>
    <resource>
      <RequestGroup>
        <id value="331"/>
        <text>
          <status value="generated"/><div xmlns="http://www.w3.org/1999/xhtml"><a name="RequestGroup_331"> </a><p class="res-header-id"><b>Generated Narrative: RequestGroup 331</b></p><a name="331"> </a><a name="hc331"> </a><a name="331-en-US"> </a><p><b>instantiatesCanonical</b>: <a href="PlanDefinition-flow-FollowupScreeningResult.html">Followup Screening Result</a></p><p><b>status</b>: Draft</p><p><b>intent</b>: Proposal</p><p><b>subject</b>: <a href="Bundle-NadiaWills_palpable_breast_mass.html#Patient_NadiaWills">Nadia93 Wills47</a></p></div>
        </text>
        <instantiatesCanonical value="http://cancerscreeningcds.github.io/bcsm-cds/PlanDefinition/flow-FollowupScreeningResult"/>
        <status value="draft"/>
        <intent value="proposal"/>
        <subject>
          <reference value="Patient/NadiaWills"/>
          <display value="Nadia93 Wills47"/>
        </subject>
      </RequestGroup>
    </resource>
  </entry>
</Bundle>