<?xml version="1.0" encoding="UTF-8"?>

<Bundle xmlns="http://hl7.org/fhir">
  <id value="GeneticRiskReferral_LindaNadler-dcis"/>
  <type value="collection"/>
  <entry>
    <fullUrl value="http://cancerscreeningcds.github.io/bcsm-cds/CarePlan/380"/>
    <resource>
      <CarePlan>
        <id value="380"/>
        <text>
          <status value="generated"/><div xmlns="http://www.w3.org/1999/xhtml"><a name="CarePlan_380"> </a><p class="res-header-id"><b>Generated Narrative: CarePlan 380</b></p><a name="380"> </a><a name="hc380"> </a><a name="380-en-US"> </a><p><b>instantiatesCanonical</b>: <a href="PlanDefinition-flow-GeneticRiskReferral.html">Genetic Risk Referral</a></p><p><b>status</b>: Draft</p><p><b>intent</b>: Proposal</p><p><b>subject</b>: <a href="Bundle-LindaNadler-dcis.html#Patient_LindaNadler">Linda48 Nadler92</a></p><p><b>created</b>: 2024-12-10 00:00:00+0000</p><h3>Activities</h3><table class="grid"><tr><td style="display: none">-</td><td><b>Reference</b></td></tr><tr><td style="display: none">*</td><td><a href="Bundle-GeneticRiskReferral_LindaNadler-dcis.html#RequestGroup_381">Bundle: type = collection</a></td></tr></table></div>
        </text>
        <instantiatesCanonical value="http://cancerscreeningcds.github.io/bcsm-cds/PlanDefinition/flow-GeneticRiskReferral"/>
        <status value="draft"/>
        <intent value="proposal"/>
        <subject>
          <reference value="Patient/LindaNadler"/>
          <display value="Linda48 Nadler92"/>
        </subject>
        <created value="2024-12-10T00:00:00.0Z"/>
        <activity>
          <reference>
            <reference value="RequestGroup/381"/>
          </reference>
        </activity>
      </CarePlan>
    </resource>
  </entry>
  <entry>
    <fullUrl value="http://cancerscreeningcds.github.io/bcsm-cds/RequestGroup/381"/>
    <resource>
      <RequestGroup>
        <id value="381"/>
        <text>
          <status value="generated"/><div xmlns="http://www.w3.org/1999/xhtml"><a name="RequestGroup_381"> </a><p class="res-header-id"><b>Generated Narrative: RequestGroup 381</b></p><a name="381"> </a><a name="hc381"> </a><a name="381-en-US"> </a><p><b>instantiatesCanonical</b>: <a href="PlanDefinition-flow-GeneticRiskReferral.html">Genetic Risk Referral</a></p><p><b>status</b>: Draft</p><p><b>intent</b>: Proposal</p><p><b>subject</b>: <a href="Bundle-LindaNadler-dcis.html#Patient_LindaNadler">Linda48 Nadler92</a></p></div>
        </text>
        <instantiatesCanonical value="http://cancerscreeningcds.github.io/bcsm-cds/PlanDefinition/flow-GeneticRiskReferral"/>
        <status value="draft"/>
        <intent value="proposal"/>
        <subject>
          <reference value="Patient/LindaNadler"/>
          <display value="Linda48 Nadler92"/>
        </subject>
      </RequestGroup>
    </resource>
  </entry>
</Bundle>