<?xml version="1.0" encoding="UTF-8"?>

<Bundle xmlns="http://hl7.org/fhir">
  <id value="eve-biradsscore_bi-rads_unknown_error"/>
  <type value="collection"/>
  <entry>
    <resource>
      <Patient>
        <id value="defaultPatient"/>
        <text>
          <status value="generated"/><div xmlns="http://www.w3.org/1999/xhtml"><a name="Patient_defaultPatient"> </a><p class="res-header-id"><b>Generated Narrative: Patient defaultPatient</b></p><a name="defaultPatient"> </a><a name="hcdefaultPatient"> </a><a name="defaultPatient-en-US"> </a><p style="border: 1px #661aff solid; background-color: #e6e6ff; padding: 10px;">Jane Doe  Female, DoB: 1981-01-01</p><hr/></div>
        </text>
        <name>
          <family value="Doe"/>
          <given value="Jane"/>
        </name>
        <gender value="female"/>
        <birthDate value="1981-01-01"/>
      </Patient>
    </resource>
  </entry>
  <entry>
    <resource>
      <DiagnosticReport>
        <id value="7e35bb2e-3355-4447-8058-1997169a6f80"/>
        <text>
          <status value="generated"/><div xmlns="http://www.w3.org/1999/xhtml"><a name="DiagnosticReport_7e35bb2e-3355-4447-8058-1997169a6f80"> </a><p class="res-header-id"><b>Generated Narrative: DiagnosticReport 7e35bb2e-3355-4447-8058-1997169a6f80</b></p><a name="7e35bb2e-3355-4447-8058-1997169a6f80"> </a><a name="hc7e35bb2e-3355-4447-8058-1997169a6f80"> </a><a name="7e35bb2e-3355-4447-8058-1997169a6f80-en-US"> </a><h2><span title="Codes:{http://loinc.org 24606-6}">MG Breast Screening</span> </h2><table class="grid"><tr><td>Subject</td><td>Not done yet</td></tr><tr><td>When For</td><td>2024-10-01 10:00:00+0000</td></tr></table><p><b>Report Details</b></p><p><b>Coded Conclusions:</b></p><ul><li><span title="Codes:{http://hl7.org/fhir/us/breast-radiology/CodeSystem/something something}">something</span></li></ul></div>
        </text>
        <status value="final"/>
        <code>
          <coding>
            <system value="http://loinc.org"/>
            <code value="24606-6"/>
            <display value="MG Breast Screening"/>
          </coding>
        </code>
        <subject>
          <reference value="Patient/defaultPatient"/>
        </subject>
        <effectiveDateTime value="2024-10-01T10:00:00.000Z"/>
        <conclusionCode>
          <coding>
            <system value="http://hl7.org/fhir/us/breast-radiology/CodeSystem/something"/>
            <code value="something"/>
          </coding>
        </conclusionCode>
      </DiagnosticReport>
    </resource>
  </entry>
</Bundle>