<?xml version="1.0" encoding="UTF-8"?>

<Bundle xmlns="http://hl7.org/fhir">
  <id value="eve-fhxgeneinherited_yes_eve-unkvariantstatus_yes_act-geneticreferral"/>
  <type value="collection"/>
  <entry>
    <resource>
      <Patient>
        <id value="defaultPatient"/>
        <text>
          <status value="generated"/><div xmlns="http://www.w3.org/1999/xhtml"><a name="Patient_defaultPatient"> </a><p class="res-header-id"><b>Generated Narrative: Patient defaultPatient</b></p><a name="defaultPatient"> </a><a name="hcdefaultPatient"> </a><a name="defaultPatient-en-US"> </a><p style="border: 1px #661aff solid; background-color: #e6e6ff; padding: 10px;">Jane Doe  Female, DoB: 1981-01-01</p><hr/></div>
        </text>
        <name>
          <family value="Doe"/>
          <given value="Jane"/>
        </name>
        <gender value="female"/>
        <birthDate value="1981-01-01"/>
      </Patient>
    </resource>
  </entry>
  <entry>
    <resource>
      <Observation>
        <id value="982cb989-97be-41a7-b519-dba058feffb3"/>
        <text>
          <status value="generated"/><div xmlns="http://www.w3.org/1999/xhtml"><a name="Observation_982cb989-97be-41a7-b519-dba058feffb3"> </a><p class="res-header-id"><b>Generated Narrative: Observation 982cb989-97be-41a7-b519-dba058feffb3</b></p><a name="982cb989-97be-41a7-b519-dba058feffb3"> </a><a name="hc982cb989-97be-41a7-b519-dba058feffb3"> </a><a name="982cb989-97be-41a7-b519-dba058feffb3-en-US"> </a><p><b>status</b>: Final</p><p><b>code</b>: <span title="Codes:{http://cancerscreeningcds.github.io/bcsm-cds/CodeSystem/screening-observation-code-system fhxgenetic}">Family history of inherited cancer susceptibilityy</span></p><p><b>subject</b>: <a href="Bundle-eve-Age45to54_act-acsavgrecs45_act-uspstfavgrecs.html#Patient_defaultPatient">Bundle: type = collection</a></p><p><b>effective</b>: 2024-11-10 00:00:00+0000</p><p><b>value</b>: true</p></div>
        </text>
        <status value="final"/>
        <code>
          <coding>
            <system value="http://cancerscreeningcds.github.io/bcsm-cds/CodeSystem/screening-observation-code-system"/>
            <code value="fhxgenetic"/>
            <display value="Family history of inherited cancer susceptibilityy"/>
          </coding>
        </code>
        <subject>
          <reference value="Patient/defaultPatient"/>
        </subject>
        <effectiveDateTime value="2024-11-10T00:00:00.0Z"/>
        <valueBoolean value="true"/>
      </Observation>
    </resource>
  </entry>
  <entry>
    <resource>
      <Observation>
        <id value="515cf2cd-c429-45f9-851f-0c208fd52647"/>
        <text>
          <status value="generated"/><div xmlns="http://www.w3.org/1999/xhtml"><a name="Observation_515cf2cd-c429-45f9-851f-0c208fd52647"> </a><p class="res-header-id"><b>Generated Narrative: Observation 515cf2cd-c429-45f9-851f-0c208fd52647</b></p><a name="515cf2cd-c429-45f9-851f-0c208fd52647"> </a><a name="hc515cf2cd-c429-45f9-851f-0c208fd52647"> </a><a name="515cf2cd-c429-45f9-851f-0c208fd52647-en-US"> </a><p><b>status</b>: Final</p><p><b>code</b>: <span title="Codes:{http://cancerscreeningcds.github.io/bcsm-cds/CodeSystem/screening-observation-code-system KnownVariantStatus}">Known breast cancer variant status</span></p><p><b>subject</b>: <a href="Bundle-eve-Age45to54_act-acsavgrecs45_act-uspstfavgrecs.html#Patient_defaultPatient">Bundle: type = collection</a></p><p><b>effective</b>: 2024-11-10 00:00:00+0000</p><p><b>value</b>: false</p></div>
        </text>
        <status value="final"/>
        <code>
          <coding>
            <system value="http://cancerscreeningcds.github.io/bcsm-cds/CodeSystem/screening-observation-code-system"/>
            <code value="KnownVariantStatus"/>
            <display value="Known breast cancer variant status"/>
          </coding>
        </code>
        <subject>
          <reference value="Patient/defaultPatient"/>
        </subject>
        <effectiveDateTime value="2024-11-10T00:00:00.0Z"/>
        <valueBoolean value="false"/>
      </Observation>
    </resource>
  </entry>
</Bundle>