<?xml version="1.0" encoding="UTF-8"?>

<Bundle xmlns="http://hl7.org/fhir">
  <id value="act-sdmcontinueage__act-lactating__act-avgrisk"/>
  <type value="collection"/>
  <entry>
    <resource>
      <Patient>
        <id value="aedfcc7d-0937-4fa1-bb70-843a6050ac9c"/>
        <text>
          <status value="generated"/><div xmlns="http://www.w3.org/1999/xhtml"><a name="Patient_aedfcc7d-0937-4fa1-bb70-843a6050ac9c"> </a><p class="res-header-id"><b>Generated Narrative: Patient aedfcc7d-0937-4fa1-bb70-843a6050ac9c</b></p><a name="aedfcc7d-0937-4fa1-bb70-843a6050ac9c"> </a><a name="hcaedfcc7d-0937-4fa1-bb70-843a6050ac9c"> </a><a name="aedfcc7d-0937-4fa1-bb70-843a6050ac9c-en-US"> </a><p style="border: 1px #661aff solid; background-color: #e6e6ff; padding: 10px;">Jane Doe  Female, DoB: 1945-01-01</p><hr/></div>
        </text>
        <name>
          <family value="Doe"/>
          <given value="Jane"/>
        </name>
        <gender value="female"/>
        <birthDate value="1945-01-01"/>
      </Patient>
    </resource>
  </entry>
  <entry>
    <resource>
      <Observation>
        <id value="3aecd8c7-7ddb-4176-a29c-09e1edcb7585"/>
        <text>
          <status value="generated"/><div xmlns="http://www.w3.org/1999/xhtml"><a name="Observation_3aecd8c7-7ddb-4176-a29c-09e1edcb7585"> </a><p class="res-header-id"><b>Generated Narrative: Observation 3aecd8c7-7ddb-4176-a29c-09e1edcb7585</b></p><a name="3aecd8c7-7ddb-4176-a29c-09e1edcb7585"> </a><a name="hc3aecd8c7-7ddb-4176-a29c-09e1edcb7585"> </a><a name="3aecd8c7-7ddb-4176-a29c-09e1edcb7585-en-US"> </a><p><b>status</b>: Final</p><p><b>code</b>: <span title="Codes:{http://cancerscreeningcds.github.io/bcsm-cds/CodeSystem/screening-observation-code-system currentlylactating}">Currently lactating</span></p><p><b>subject</b>: <a href="Bundle-act-sdmcontinueage__act-lactating__act-avgrisk.html#Patient_aedfcc7d-0937-4fa1-bb70-843a6050ac9c">Bundle: type = collection</a></p><p><b>effective</b>: 2024-12-10 00:00:00+0000</p><p><b>value</b>: true</p></div>
        </text>
        <status value="final"/>
        <code>
          <coding>
            <system value="http://cancerscreeningcds.github.io/bcsm-cds/CodeSystem/screening-observation-code-system"/>
            <code value="currentlylactating"/>
            <display value="Currently lactating"/>
          </coding>
        </code>
        <subject>
          <reference value="Patient/aedfcc7d-0937-4fa1-bb70-843a6050ac9c"/>
        </subject>
        <effectiveDateTime value="2024-12-10T00:00:00.0Z"/>
        <valueBoolean value="true"/>
      </Observation>
    </resource>
  </entry>
</Bundle>