<?xml version="1.0" encoding="UTF-8"?>

<Bundle xmlns="http://hl7.org/fhir">
  <id value="act-sdmcontinueage__act-sdmcontinuelifexp__act-avgrisk"/>
  <type value="collection"/>
  <entry>
    <resource>
      <Patient>
        <id value="6a8e1b55-85cc-40f6-a471-b0b94fb1467d"/>
        <text>
          <status value="generated"/><div xmlns="http://www.w3.org/1999/xhtml"><a name="Patient_6a8e1b55-85cc-40f6-a471-b0b94fb1467d"> </a><p class="res-header-id"><b>Generated Narrative: Patient 6a8e1b55-85cc-40f6-a471-b0b94fb1467d</b></p><a name="6a8e1b55-85cc-40f6-a471-b0b94fb1467d"> </a><a name="hc6a8e1b55-85cc-40f6-a471-b0b94fb1467d"> </a><a name="6a8e1b55-85cc-40f6-a471-b0b94fb1467d-en-US"> </a><p style="border: 1px #661aff solid; background-color: #e6e6ff; padding: 10px;">Jane Doe  Female, DoB: 1945-01-01</p><hr/></div>
        </text>
        <name>
          <family value="Doe"/>
          <given value="Jane"/>
        </name>
        <gender value="female"/>
        <birthDate value="1945-01-01"/>
      </Patient>
    </resource>
  </entry>
  <entry>
    <resource>
      <Observation>
        <id value="45307e1e-dfd5-40d7-9854-2ea75d465fd2"/>
        <text>
          <status value="generated"/><div xmlns="http://www.w3.org/1999/xhtml"><a name="Observation_45307e1e-dfd5-40d7-9854-2ea75d465fd2"> </a><p class="res-header-id"><b>Generated Narrative: Observation 45307e1e-dfd5-40d7-9854-2ea75d465fd2</b></p><a name="45307e1e-dfd5-40d7-9854-2ea75d465fd2"> </a><a name="hc45307e1e-dfd5-40d7-9854-2ea75d465fd2"> </a><a name="45307e1e-dfd5-40d7-9854-2ea75d465fd2-en-US"> </a><p><b>status</b>: Final</p><p><b>code</b>: <span title="Codes:{http://cancerscreeningcds.github.io/bcsm-cds/CodeSystem/screening-observation-code-system lifeexp}">Reduced life expectancy indicator</span></p><p><b>subject</b>: <a href="Bundle-act-sdmcontinueage__act-sdmcontinuelifexp__act-avgrisk.html#Patient_6a8e1b55-85cc-40f6-a471-b0b94fb1467d">Bundle: type = collection</a></p><p><b>effective</b>: 2024-12-10 00:00:00+0000</p><p><b>value</b>: true</p></div>
        </text>
        <status value="final"/>
        <code>
          <coding>
            <system value="http://cancerscreeningcds.github.io/bcsm-cds/CodeSystem/screening-observation-code-system"/>
            <code value="lifeexp"/>
            <display value="Reduced life expectancy indicator"/>
          </coding>
        </code>
        <subject>
          <reference value="Patient/6a8e1b55-85cc-40f6-a471-b0b94fb1467d"/>
        </subject>
        <effectiveDateTime value="2024-12-10T00:00:00.0Z"/>
        <valueBoolean value="true"/>
      </Observation>
    </resource>
  </entry>
</Bundle>