<?xml version="1.0" encoding="UTF-8"?>

<Bundle xmlns="http://hl7.org/fhir">
  <id value="ScreeningEligible_eve-female_no_end-noteligible"/>
  <type value="collection"/>
  <entry>
    <fullUrl value="http://cancerscreeningcds.github.io/bcsm-cds/CarePlan/500"/>
    <resource>
      <CarePlan>
        <id value="500"/>
        <text>
          <status value="generated"/><div xmlns="http://www.w3.org/1999/xhtml"><a name="CarePlan_500"> </a><p class="res-header-id"><b>Generated Narrative: CarePlan 500</b></p><a name="500"> </a><a name="hc500"> </a><a name="500-en-US"> </a><p><b>instantiatesCanonical</b>: <a href="PlanDefinition-flow-ScreeningEligible.html">Screening Eligible</a></p><p><b>status</b>: Draft</p><p><b>intent</b>: Proposal</p><p><b>subject</b>: <a href="Bundle-eve-female_no_end-noteligible.html#Patient_556042f4-db42-4f41-ad05-d82041db53b0">Joanne Smith</a></p><p><b>created</b>: 2024-12-10 00:00:00+0000</p><h3>Activities</h3><table class="grid"><tr><td style="display: none">-</td><td><b>Reference</b></td></tr><tr><td style="display: none">*</td><td><a href="Bundle-ScreeningEligible_eve-female_no_end-noteligible.html#RequestGroup_501">Bundle: type = collection</a></td></tr></table></div>
        </text>
        <instantiatesCanonical value="http://cancerscreeningcds.github.io/bcsm-cds/PlanDefinition/flow-ScreeningEligible"/>
        <status value="draft"/>
        <intent value="proposal"/>
        <subject>
          <reference value="Patient/556042f4-db42-4f41-ad05-d82041db53b0"/>
          <display value="Joanne Smith"/>
        </subject>
        <created value="2024-12-10T00:00:00.0Z"/>
        <activity>
          <reference>
            <reference value="RequestGroup/501"/>
          </reference>
        </activity>
      </CarePlan>
    </resource>
  </entry>
  <entry>
    <fullUrl value="http://cancerscreeningcds.github.io/bcsm-cds/RequestGroup/501"/>
    <resource>
      <RequestGroup>
        <id value="501"/>
        <text>
          <status value="generated"/><div xmlns="http://www.w3.org/1999/xhtml"><a name="RequestGroup_501"> </a><p class="res-header-id"><b>Generated Narrative: RequestGroup 501</b></p><a name="501"> </a><a name="hc501"> </a><a name="501-en-US"> </a><p><b>instantiatesCanonical</b>: <a href="PlanDefinition-flow-ScreeningEligible.html">Screening Eligible</a></p><p><b>status</b>: Draft</p><p><b>intent</b>: Proposal</p><p><b>subject</b>: <a href="Bundle-eve-female_no_end-noteligible.html#Patient_556042f4-db42-4f41-ad05-d82041db53b0">Joanne Smith</a></p><blockquote><p><b>action</b></p><blockquote><p><b>id</b></p>NotEligibleCurrentBreastCancer</blockquote><p><b>title</b>: Not eligible for screening</p><p><b>description</b>: This patient is not eligible for screening.

Referenced guidelines apply to individuals assigned female at birth. Routine screening of cis-gender individuals assigned male at birth is not recommended. For transgender women, consider specialist referral.

Additional resources: ACR Appropriateness Criteria® Transgender Breast Cancer Screening; UCSF guidelines 'Screening for breast cancer in transgender women'</p><p><b>code</b>: <span title="Codes:{http://cancerscreeningcds.github.io/bcsm-cds/CodeSystem/plan-definition-action-code-system noteligible}">Not eligible for screening</span></p><h3>Documentations</h3><table class="grid"><tr><td style="display: none">-</td><td><b>Type</b></td><td><b>Label</b></td><td><b>Display</b></td><td><b>Citation</b></td><td><b>Url</b></td></tr><tr><td style="display: none">*</td><td>Citation</td><td>USPSTF</td><td>Screening for Breast Cancer: US Preventive Services Task Force Recommendation Statement</td><td><div><p>US Preventive Services Task Force. Screening for Breast Cancer: US Preventive Services Task Force Recommendation Statement. JAMA. Published online April 30, 2024.</p>
</div></td><td><a href="https://www.uspreventiveservicestaskforce.org/uspstf/recommendation/breast-cancer-screening">https://www.uspreventiveservicestaskforce.org/uspstf/recommendation/breast-cancer-screening</a></td></tr><tr><td style="display: none">*</td><td>Derived From</td><td>Screening Eligible</td><td>Individuals who have certain signs or symptoms concerning for breast cancer or other breast diseases are excluded from routine screening pathways and should have diagnostic testing performed.</td><td> </td><td> </td></tr><tr><td style="display: none">*</td><td>Documentation</td><td>ACR</td><td>ACR Appropriateness Criteria® Transgender Breast Cancer Screening</td><td><div><p>Brown, Ann, et al. &quot;ACR appropriateness criteria® transgender breast cancer screening.&quot; Journal of the American College of Radiology 18.11 (2021): S502-S515.</p>
</div></td><td><a href="https://www.jacr.org/article/S1546-1440(21)00730-4/fulltext">https://www.jacr.org/article/S1546-1440(21)00730-4/fulltext</a></td></tr><tr><td style="display: none">*</td><td>Documentation</td><td>UCSF</td><td>UCSF Transgender Care &amp; Treatment Guidelines: Screening for breast cancer in transgender women</td><td> </td><td><a href="https://transcare.ucsf.edu/guidelines/breast-cancer-women">https://transcare.ucsf.edu/guidelines/breast-cancer-women</a></td></tr></table><p><b>resource</b>: <a href="Bundle-ScreeningEligible_eve-female_no_end-noteligible.html#CommunicationRequest_503">Bundle: type = collection</a></p></blockquote></div>
        </text>
        <instantiatesCanonical value="http://cancerscreeningcds.github.io/bcsm-cds/PlanDefinition/flow-ScreeningEligible"/>
        <status value="draft"/>
        <intent value="proposal"/>
        <subject>
          <reference value="Patient/556042f4-db42-4f41-ad05-d82041db53b0"/>
          <display value="Joanne Smith"/>
        </subject>
        <action id="NotEligibleCurrentBreastCancer">
          <title value="Not eligible for screening"/>
          <description value="This patient is not eligible for screening.&#xA;&#xA;Referenced guidelines apply to individuals assigned female at birth. Routine screening of cis-gender individuals assigned male at birth is not recommended. For transgender women, consider specialist referral.&#xA;&#xA;Additional resources: ACR Appropriateness Criteria® Transgender Breast Cancer Screening; UCSF guidelines 'Screening for breast cancer in transgender women'"/>
          <code>
            <coding>
              <system value="http://cancerscreeningcds.github.io/bcsm-cds/CodeSystem/plan-definition-action-code-system"/>
              <code value="noteligible"/>
              <display value="Not eligible for screening"/>
            </coding>
          </code>
          <documentation>
            <type value="citation"/>
            <label value="USPSTF"/>
            <display value="Screening for Breast Cancer: US Preventive Services Task Force Recommendation Statement"/>
            <citation value="US Preventive Services Task Force. Screening for Breast Cancer: US Preventive Services Task Force Recommendation Statement. JAMA. Published online April 30, 2024."/>
            <url value="https://www.uspreventiveservicestaskforce.org/uspstf/recommendation/breast-cancer-screening"/>
          </documentation>
          <documentation>
            <type value="derived-from"/>
            <label value="Screening Eligible"/>
            <display value="Individuals who have certain signs or symptoms concerning for breast cancer or other breast diseases are excluded from routine screening pathways and should have diagnostic testing performed."/>
          </documentation>
          <documentation>
            <type value="documentation"/>
            <label value="ACR"/>
            <display value="ACR Appropriateness Criteria® Transgender Breast Cancer Screening"/>
            <citation value="Brown, Ann, et al. &quot;ACR appropriateness criteria® transgender breast cancer screening.&quot; Journal of the American College of Radiology 18.11 (2021): S502-S515."/>
            <url value="https://www.jacr.org/article/S1546-1440(21)00730-4/fulltext"/>
          </documentation>
          <documentation>
            <type value="documentation"/>
            <label value="UCSF"/>
            <display value="UCSF Transgender Care &amp; Treatment Guidelines: Screening for breast cancer in transgender women"/>
            <url value="https://transcare.ucsf.edu/guidelines/breast-cancer-women"/>
          </documentation>
          <resource>
            <reference value="CommunicationRequest/503"/>
          </resource>
        </action>
      </RequestGroup>
    </resource>
  </entry>
  <entry>
    <fullUrl value="http://cancerscreeningcds.github.io/bcsm-cds/CommunicationRequest/503"/>
    <resource>
      <CommunicationRequest>
        <id value="503"/>
        <text>
          <status value="generated"/><div xmlns="http://www.w3.org/1999/xhtml"><a name="CommunicationRequest_503"> </a><p class="res-header-id"><b>Generated Narrative: CommunicationRequest 503</b></p><a name="503"> </a><a name="hc503"> </a><a name="503-en-US"> </a><p><b>basedOn</b>: <a href="ActivityDefinition-CommunicateNotEligible.html">Communicate Not Eligible</a></p><p><b>status</b>: option</p><p><b>subject</b>: <a href="Bundle-eve-female_no_end-noteligible.html#Patient_556042f4-db42-4f41-ad05-d82041db53b0">Joanne Smith</a></p><h3>Payloads</h3><table class="grid"><tr><td style="display: none">-</td><td><b>Content[x]</b></td></tr><tr><td style="display: none">*</td><td>Not eligible for screening</td></tr></table><p><b>reasonCode</b>: <span title="Codes:{http://cancerscreeningcds.github.io/bcsm-cds/CodeSystem/screening-observation-code-system notassignedfemaleatbirth}">Not assigned female at birth</span></p></div>
        </text>
        <basedOn>
          <reference value="http://cancerscreeningcds.github.io/bcsm-cds/ActivityDefinition/CommunicateNotEligible"/>
        </basedOn>
        <status value="option"/>
        <subject>
          <reference value="Patient/556042f4-db42-4f41-ad05-d82041db53b0"/>
          <display value="Joanne Smith"/>
        </subject>
        <payload>
          <contentString value="Not eligible for screening"/>
        </payload>
        <reasonCode>
          <coding>
            <system value="http://cancerscreeningcds.github.io/bcsm-cds/CodeSystem/screening-observation-code-system"/>
            <code value="notassignedfemaleatbirth"/>
            <display value="Not assigned female at birth"/>
          </coding>
        </reasonCode>
      </CommunicationRequest>
    </resource>
  </entry>
</Bundle>