<?xml version="1.0" encoding="UTF-8"?>

<Bundle xmlns="http://hl7.org/fhir">
  <id value="eve-breastfindings_yes_act-dxtesting"/>
  <type value="collection"/>
  <entry>
    <resource>
      <Patient>
        <id value="0f8a88fc-4020-466d-90b8-db5ff1f9dc54"/>
        <text>
          <status value="generated"/><div xmlns="http://www.w3.org/1999/xhtml"><a name="Patient_0f8a88fc-4020-466d-90b8-db5ff1f9dc54"> </a><p class="res-header-id"><b>Generated Narrative: Patient 0f8a88fc-4020-466d-90b8-db5ff1f9dc54</b></p><a name="0f8a88fc-4020-466d-90b8-db5ff1f9dc54"> </a><a name="hc0f8a88fc-4020-466d-90b8-db5ff1f9dc54"> </a><a name="0f8a88fc-4020-466d-90b8-db5ff1f9dc54-en-US"> </a><p style="border: 1px #661aff solid; background-color: #e6e6ff; padding: 10px;">Joanne Smith  Other, DoB: 1980-01-01</p><hr/><table class="grid"><tr><td style="background-color: #f3f5da" title="A code classifying the person's sex assigned at birth  as specified by the [Office of the National Coordinator for Health IT (ONC)](https://www.healthit.gov/newsroom/about-onc). This extension aligns with the C-CDA Birth Sex Observation (LOINC 76689-9)."><a href="http://hl7.org/fhir/us/core/STU3.1/StructureDefinition-us-core-birthsex.html">US Core Birth Sex Extension</a></td><td colspan="3">F</td></tr></table></div>
        </text>
        <extension url="http://hl7.org/fhir/us/core/StructureDefinition/us-core-birthsex">
          <valueCode value="F"/>
        </extension>
        <name>
          <family value="Smith"/>
          <given value="Joanne"/>
        </name>
        <gender value="other"/>
        <birthDate value="1980-01-01"/>
      </Patient>
    </resource>
  </entry>
  <entry>
    <resource>
      <Observation>
        <id value="b0879ad7-e32b-4237-bdfb-bd5d096a45ad"/>
        <text>
          <status value="generated"/><div xmlns="http://www.w3.org/1999/xhtml"><a name="Observation_b0879ad7-e32b-4237-bdfb-bd5d096a45ad"> </a><p class="res-header-id"><b>Generated Narrative: Observation b0879ad7-e32b-4237-bdfb-bd5d096a45ad</b></p><a name="b0879ad7-e32b-4237-bdfb-bd5d096a45ad"> </a><a name="hcb0879ad7-e32b-4237-bdfb-bd5d096a45ad"> </a><a name="b0879ad7-e32b-4237-bdfb-bd5d096a45ad-en-US"> </a><p><b>status</b>: Final</p><p><b>code</b>: <span title="Codes:{http://cancerscreeningcds.github.io/bcsm-cds/CodeSystem/screening-observation-code-system BreastFindings}">New or worsening breast findings</span></p><p><b>subject</b>: <a href="Bundle-eve-breastfindings_yes_act-dxtesting.html#Patient_0f8a88fc-4020-466d-90b8-db5ff1f9dc54">Bundle: type = collection</a></p><p><b>effective</b>: 2024-12-10 00:00:00+0000</p><p><b>value</b>: true</p></div>
        </text>
        <status value="final"/>
        <code>
          <coding>
            <system value="http://cancerscreeningcds.github.io/bcsm-cds/CodeSystem/screening-observation-code-system"/>
            <code value="BreastFindings"/>
            <display value="New or worsening breast findings"/>
          </coding>
        </code>
        <subject>
          <reference value="Patient/0f8a88fc-4020-466d-90b8-db5ff1f9dc54"/>
        </subject>
        <effectiveDateTime value="2024-12-10T00:00:00.0Z"/>
        <valueBoolean value="true"/>
      </Observation>
    </resource>
  </entry>
</Bundle>