<?xml version="1.0" encoding="UTF-8"?>

<Bundle xmlns="http://hl7.org/fhir">
  <id value="JaniceMedford_fdr_breastca_age_45"/>
  <type value="collection"/>
  <entry>
    <resource>
      <Patient>
        <id value="JaniceMedford"/>
        <text>
          <status value="generated"/><div xmlns="http://www.w3.org/1999/xhtml"><a name="Patient_JaniceMedford"> </a><p class="res-header-id"><b>Generated Narrative: Patient JaniceMedford</b></p><a name="JaniceMedford"> </a><a name="hcJaniceMedford"> </a><a name="JaniceMedford-en-US"> </a><p style="border: 1px #661aff solid; background-color: #e6e6ff; padding: 10px;">Janice32 Medford87  Female, DoB: 1989-03-09 ( Medical Record Number: 123-345-567)</p><hr/><table class="grid"><tr><td style="background-color: #f3f5da" title="Concepts classifying the person into a named category of humans sharing common history, traits, geographical origin or nationality.  The ethnicity codes used to represent these concepts are based upon the [CDC ethnicity and Ethnicity Code Set Version 1.0](http://www.cdc.gov/phin/resources/vocabulary/index.html) which includes over 900 concepts for representing race and ethnicity of which 43 reference ethnicity.  The ethnicity concepts are grouped by and pre-mapped to the 2 OMB ethnicity categories: - Hispanic or Latino - Not Hispanic or Latino.">US Core Ethnicity Extension:</td><td colspan="3"><ul><li>text: Not Hispanic or Latino</li></ul></td></tr><tr><td style="background-color: #f3f5da" title="Concepts classifying the person into a named category of humans sharing common history, traits, geographical origin or nationality.  The race codes used to represent these concepts are based upon the [CDC Race and Ethnicity Code Set Version 1.0](http://www.cdc.gov/phin/resources/vocabulary/index.html) which includes over 900 concepts for representing race and ethnicity of which 921 reference race.  The race concepts are grouped by and pre-mapped to the 5 OMB race categories:

 - American Indian or Alaska Native
 - Asian
 - Black or African American
 - Native Hawaiian or Other Pacific Islander
 - White.">US Core Race Extension:</td><td colspan="3"><ul><li>text: White</li></ul></td></tr></table></div>
        </text>
        <extension url="http://hl7.org/fhir/us/core/StructureDefinition/us-core-race">
          <extension url="text">
            <valueString value="White"/>
          </extension>
        </extension>
        <extension url="http://hl7.org/fhir/us/core/StructureDefinition/us-core-ethnicity">
          <extension url="text">
            <valueString value="Not Hispanic or Latino"/>
          </extension>
        </extension>
        <identifier>
          <type>
            <coding>
              <code value="MR"/>
              <display value="Medical Record Number"/>
            </coding>
          </type>
          <value value="123-345-567"/>
        </identifier>
        <name>
          <family value="Medford87"/>
          <given value="Janice32"/>
        </name>
        <gender value="female"/>
        <birthDate value="1989-03-09"/>
      </Patient>
    </resource>
  </entry>
  <entry>
    <resource>
      <FamilyMemberHistory>
        <id value="57597815-b816-45e3-8633-4bdfbe3a28bc"/>
        <text>
          <status value="generated"/><div xmlns="http://www.w3.org/1999/xhtml"><a name="FamilyMemberHistory_57597815-b816-45e3-8633-4bdfbe3a28bc"> </a><p class="res-header-id"><b>Generated Narrative: FamilyMemberHistory 57597815-b816-45e3-8633-4bdfbe3a28bc</b></p><a name="57597815-b816-45e3-8633-4bdfbe3a28bc"> </a><a name="hc57597815-b816-45e3-8633-4bdfbe3a28bc"> </a><a name="57597815-b816-45e3-8633-4bdfbe3a28bc-en-US"> </a><p><b>status</b>: Completed</p><p><b>patient</b>: <a href="Bundle-JaniceMedford_fdr_breastca_age_45.html#Patient_JaniceMedford">Bundle: type = collection</a></p><p><b>name</b>: Unknown</p><p><b>relationship</b>: <span title="Codes:{http://hl7.org/fhir/v3/RoleCode MTH}">mother</span></p><h3>Conditions</h3><table class="grid"><tr><td style="display: none">-</td><td><b>Code</b></td><td><b>Onset[x]</b></td></tr><tr><td style="display: none">*</td><td><span title="Codes:{http://snomed.info/sct 254837009}">Invasive breast cancer</span></td><td>45 years<span style="background: LightGoldenRodYellow"> (Details: UCUM  codea = 'a')</span></td></tr></table></div>
        </text>
        <status value="completed"/>
        <patient>
          <reference value="Patient/JaniceMedford"/>
        </patient>
        <name value="Unknown"/>
        <relationship>
          <coding>
            <system value="http://hl7.org/fhir/v3/RoleCode"/>
            <code value="MTH"/>
            <display value="mother"/>
          </coding>
        </relationship>
        <condition>
          <code>
            <coding>
              <system value="http://snomed.info/sct"/>
              <code value="254837009"/>
              <display value="Invasive breast cancer"/>
            </coding>
          </code>
          <onsetAge>
            <value value="45"/>
            <unit value="years"/>
            <system value="http://unitsofmeasure.org"/>
            <code value="a"/>
          </onsetAge>
        </condition>
      </FamilyMemberHistory>
    </resource>
  </entry>
</Bundle>