<?xml version="1.0" encoding="UTF-8"?>

<Bundle xmlns="http://hl7.org/fhir">
  <id value="eve-chestxrtpop__act-HighRiskReferral"/>
  <type value="collection"/>
  <entry>
    <resource>
      <Patient>
        <id value="defaultPatient"/>
        <text>
          <status value="generated"/><div xmlns="http://www.w3.org/1999/xhtml"><a name="Patient_defaultPatient"> </a><p class="res-header-id"><b>Generated Narrative: Patient defaultPatient</b></p><a name="defaultPatient"> </a><a name="hcdefaultPatient"> </a><a name="defaultPatient-en-US"> </a><p style="border: 1px #661aff solid; background-color: #e6e6ff; padding: 10px;">Jane Doe  Female, DoB: 1981-01-01</p><hr/></div>
        </text>
        <name>
          <family value="Doe"/>
          <given value="Jane"/>
        </name>
        <gender value="female"/>
        <birthDate value="1981-01-01"/>
      </Patient>
    </resource>
  </entry>
  <entry>
    <resource>
      <Condition>
        <id value="c9e5273f-e762-45d3-a2f9-c672417ea462"/>
        <text>
          <status value="generated"/><div xmlns="http://www.w3.org/1999/xhtml"><a name="Condition_c9e5273f-e762-45d3-a2f9-c672417ea462"> </a><p class="res-header-id"><b>Generated Narrative: Condition c9e5273f-e762-45d3-a2f9-c672417ea462</b></p><a name="c9e5273f-e762-45d3-a2f9-c672417ea462"> </a><a name="hcc9e5273f-e762-45d3-a2f9-c672417ea462"> </a><a name="c9e5273f-e762-45d3-a2f9-c672417ea462-en-US"> </a><p><b>clinicalStatus</b>: <span title="Codes:{http://terminology.hl7.org/CodeSystem/condition-clinical inactive}">Inactive</span></p><p><b>verificationStatus</b>: <span title="Codes:{http://terminology.hl7.org/CodeSystem/condition-ver-status confirmed}">Confirmed</span></p><p><b>code</b>: <span title="Codes:{http://snomed.info/sct 77941000119104}">History of radiation therapy to chest</span></p><p><b>subject</b>: <a href="Bundle-eve-Age45to54_act-acsavgrecs45_act-uspstfavgrecs.html#Patient_defaultPatient">Bundle: type = collection</a></p><p><b>onset</b>: 10 years<span style="background: LightGoldenRodYellow"> (Details: UCUM  codea = 'a')</span></p></div>
        </text>
        <clinicalStatus>
          <coding>
            <system value="http://terminology.hl7.org/CodeSystem/condition-clinical"/>
            <code value="inactive"/>
          </coding>
        </clinicalStatus>
        <verificationStatus>
          <coding>
            <system value="http://terminology.hl7.org/CodeSystem/condition-ver-status"/>
            <code value="confirmed"/>
          </coding>
        </verificationStatus>
        <code>
          <coding>
            <system value="http://snomed.info/sct"/>
            <code value="77941000119104"/>
            <display value="History of radiation therapy to chest"/>
          </coding>
        </code>
        <subject>
          <reference value="Patient/defaultPatient"/>
        </subject>
        <onsetAge>
          <value value="10"/>
          <unit value="years"/>
          <system value="http://unitsofmeasure.org"/>
          <code value="a"/>
        </onsetAge>
      </Condition>
    </resource>
  </entry>
</Bundle>