<?xml version="1.0" encoding="UTF-8"?>

<Bundle xmlns="http://hl7.org/fhir">
  <id value="eve-biopsyresult_atypical_act-highriskreferral"/>
  <type value="collection"/>
  <entry>
    <resource>
      <Patient>
        <id value="defaultPatient"/>
        <text>
          <status value="generated"/><div xmlns="http://www.w3.org/1999/xhtml"><a name="Patient_defaultPatient"> </a><p class="res-header-id"><b>Generated Narrative: Patient defaultPatient</b></p><a name="defaultPatient"> </a><a name="hcdefaultPatient"> </a><a name="defaultPatient-en-US"> </a><p style="border: 1px #661aff solid; background-color: #e6e6ff; padding: 10px;">Jane Doe  Female, DoB: 1981-01-01</p><hr/></div>
        </text>
        <name>
          <family value="Doe"/>
          <given value="Jane"/>
        </name>
        <gender value="female"/>
        <birthDate value="1981-01-01"/>
      </Patient>
    </resource>
  </entry>
  <entry>
    <resource>
      <DiagnosticReport>
        <id value="c5b56d83-334a-40b2-820d-7a21180f57cc"/>
        <text>
          <status value="generated"/><div xmlns="http://www.w3.org/1999/xhtml"><a name="DiagnosticReport_c5b56d83-334a-40b2-820d-7a21180f57cc"> </a><p class="res-header-id"><b>Generated Narrative: DiagnosticReport c5b56d83-334a-40b2-820d-7a21180f57cc</b></p><a name="c5b56d83-334a-40b2-820d-7a21180f57cc"> </a><a name="hcc5b56d83-334a-40b2-820d-7a21180f57cc"> </a><a name="c5b56d83-334a-40b2-820d-7a21180f57cc-en-US"> </a><h2><span title="Codes:{http://loinc.org 66110-8}">Biopsy Report</span> </h2><table class="grid"><tr><td>Subject</td><td>Not done yet</td></tr><tr><td>When For</td><td>2024-10-01 10:00:00+0000</td></tr></table><p><b>Report Details</b></p></div>
        </text>
        <basedOn>
          <reference value="ServiceRequest/order-1"/>
        </basedOn>
        <status value="final"/>
        <code>
          <coding>
            <system value="http://loinc.org"/>
            <code value="66110-8"/>
            <display value="Biopsy Report"/>
          </coding>
        </code>
        <subject>
          <reference value="Patient/defaultPatient"/>
        </subject>
        <effectiveDateTime value="2024-10-01T10:00:00.000Z"/>
      </DiagnosticReport>
    </resource>
  </entry>
  <entry>
    <resource>
      <Observation>
        <id value="13a86ebc-3634-407c-a3b0-1d61de4a5914"/>
        <text>
          <status value="generated"/><div xmlns="http://www.w3.org/1999/xhtml"><a name="Observation_13a86ebc-3634-407c-a3b0-1d61de4a5914"> </a><p class="res-header-id"><b>Generated Narrative: Observation 13a86ebc-3634-407c-a3b0-1d61de4a5914</b></p><a name="13a86ebc-3634-407c-a3b0-1d61de4a5914"> </a><a name="hc13a86ebc-3634-407c-a3b0-1d61de4a5914"> </a><a name="13a86ebc-3634-407c-a3b0-1d61de4a5914-en-US"> </a><p><b>basedOn</b>: <a href="ServiceRequest/order-1">ServiceRequest/order-1</a></p><p><b>status</b>: Final</p><p><b>code</b>: <span title="Codes:{http://loinc.org 66110-8}">Biopsy Report</span></p><p><b>subject</b>: <a href="Bundle-eve-Age45to54_act-acsavgrecs45_act-uspstfavgrecs.html#Patient_defaultPatient">Bundle: type = collection</a></p><p><b>value</b>: <span title="Codes:{http://cancerscreeningcds.github.io/bcsm-cds/CodeSystem/biopsy-result-observation-code-system Atypical}">Atypical breast finding</span></p></div>
        </text>
        <basedOn>
          <reference value="ServiceRequest/order-1"/>
        </basedOn>
        <status value="final"/>
        <code>
          <coding>
            <system value="http://loinc.org"/>
            <code value="66110-8"/>
            <display value="Biopsy Report"/>
          </coding>
        </code>
        <subject>
          <reference value="Patient/defaultPatient"/>
        </subject>
        <valueCodeableConcept>
          <coding>
            <system value="http://cancerscreeningcds.github.io/bcsm-cds/CodeSystem/biopsy-result-observation-code-system"/>
            <code value="Atypical"/>
          </coding>
        </valueCodeableConcept>
      </Observation>
    </resource>
  </entry>
</Bundle>