<?xml version="1.0" encoding="UTF-8"?>

<Bundle xmlns="http://hl7.org/fhir">
  <id value="act-sdmcontinueage__act-avgrisk"/>
  <type value="collection"/>
  <entry>
    <resource>
      <Patient>
        <id value="ac82b3ed-aed5-41ae-b24e-8370f0d2d43d"/>
        <text>
          <status value="generated"/><div xmlns="http://www.w3.org/1999/xhtml"><a name="Patient_ac82b3ed-aed5-41ae-b24e-8370f0d2d43d"> </a><p class="res-header-id"><b>Generated Narrative: Patient ac82b3ed-aed5-41ae-b24e-8370f0d2d43d</b></p><a name="ac82b3ed-aed5-41ae-b24e-8370f0d2d43d"> </a><a name="hcac82b3ed-aed5-41ae-b24e-8370f0d2d43d"> </a><a name="ac82b3ed-aed5-41ae-b24e-8370f0d2d43d-en-US"> </a><p style="border: 1px #661aff solid; background-color: #e6e6ff; padding: 10px;">Jane Doe  Female, DoB: 1945-01-01</p><hr/></div>
        </text>
        <name>
          <family value="Doe"/>
          <given value="Jane"/>
        </name>
        <gender value="female"/>
        <birthDate value="1945-01-01"/>
      </Patient>
    </resource>
  </entry>
</Bundle>