<?xml version="1.0" encoding="UTF-8"?>

<Bundle xmlns="http://hl7.org/fhir">
  <id value="JustineWallace_brca1"/>
  <type value="collection"/>
  <entry>
    <resource>
      <Patient>
        <id value="JustineWallace"/>
        <text>
          <status value="generated"/><div xmlns="http://www.w3.org/1999/xhtml"><a name="Patient_JustineWallace"> </a><p class="res-header-id"><b>Generated Narrative: Patient JustineWallace</b></p><a name="JustineWallace"> </a><a name="hcJustineWallace"> </a><a name="JustineWallace-en-US"> </a><p style="border: 1px #661aff solid; background-color: #e6e6ff; padding: 10px;">Justine39 Wallace91  Female, DoB: 1979-01-24 ( Medical Record Number: 123-345-567)</p><hr/><table class="grid"><tr><td style="background-color: #f3f5da" title="Concepts classifying the person into a named category of humans sharing common history, traits, geographical origin or nationality.  The ethnicity codes used to represent these concepts are based upon the [CDC ethnicity and Ethnicity Code Set Version 1.0](http://www.cdc.gov/phin/resources/vocabulary/index.html) which includes over 900 concepts for representing race and ethnicity of which 43 reference ethnicity.  The ethnicity concepts are grouped by and pre-mapped to the 2 OMB ethnicity categories: - Hispanic or Latino - Not Hispanic or Latino.">US Core Ethnicity Extension:</td><td colspan="3"><ul><li>text: Not Hispanic or Latino</li></ul></td></tr><tr><td style="background-color: #f3f5da" title="Concepts classifying the person into a named category of humans sharing common history, traits, geographical origin or nationality.  The race codes used to represent these concepts are based upon the [CDC Race and Ethnicity Code Set Version 1.0](http://www.cdc.gov/phin/resources/vocabulary/index.html) which includes over 900 concepts for representing race and ethnicity of which 921 reference race.  The race concepts are grouped by and pre-mapped to the 5 OMB race categories:

 - American Indian or Alaska Native
 - Asian
 - Black or African American
 - Native Hawaiian or Other Pacific Islander
 - White.">US Core Race Extension:</td><td colspan="3"><ul><li>text: White</li></ul></td></tr></table></div>
        </text>
        <extension url="http://hl7.org/fhir/us/core/StructureDefinition/us-core-race">
          <extension url="text">
            <valueString value="White"/>
          </extension>
        </extension>
        <extension url="http://hl7.org/fhir/us/core/StructureDefinition/us-core-ethnicity">
          <extension url="text">
            <valueString value="Not Hispanic or Latino"/>
          </extension>
        </extension>
        <identifier>
          <type>
            <coding>
              <code value="MR"/>
              <display value="Medical Record Number"/>
            </coding>
          </type>
          <value value="123-345-567"/>
        </identifier>
        <name>
          <family value="Wallace91"/>
          <given value="Justine39"/>
        </name>
        <gender value="female"/>
        <birthDate value="1979-01-24"/>
      </Patient>
    </resource>
  </entry>
  <entry>
    <resource>
      <Condition>
        <id value="9f955680-803d-4560-90a9-f56040436a85"/>
        <text>
          <status value="generated"/><div xmlns="http://www.w3.org/1999/xhtml"><a name="Condition_9f955680-803d-4560-90a9-f56040436a85"> </a><p class="res-header-id"><b>Generated Narrative: Condition 9f955680-803d-4560-90a9-f56040436a85</b></p><a name="9f955680-803d-4560-90a9-f56040436a85"> </a><a name="hc9f955680-803d-4560-90a9-f56040436a85"> </a><a name="9f955680-803d-4560-90a9-f56040436a85-en-US"> </a><p><b>clinicalStatus</b>: <span title="Codes:{http://terminology.hl7.org/CodeSystem/condition-clinical active}">Active</span></p><p><b>verificationStatus</b>: <span title="Codes:{http://terminology.hl7.org/CodeSystem/condition-ver-status confirmed}">Confirmed</span></p><p><b>code</b>: <span title="Codes:{http://snomed.info/sct 412734009}">BRCA1 gene mutation detected (finding)</span></p><p><b>subject</b>: <a href="Bundle-JustineWallace_brca1.html#Patient_JustineWallace">Bundle: type = collection</a></p><p><b>onset</b>: 2023-05-04</p></div>
        </text>
        <clinicalStatus>
          <coding>
            <system value="http://terminology.hl7.org/CodeSystem/condition-clinical"/>
            <code value="active"/>
            <display value="Active"/>
          </coding>
        </clinicalStatus>
        <verificationStatus>
          <coding>
            <system value="http://terminology.hl7.org/CodeSystem/condition-ver-status"/>
            <code value="confirmed"/>
            <display value="Confirmed"/>
          </coding>
        </verificationStatus>
        <code>
          <coding>
            <system value="http://snomed.info/sct"/>
            <code value="412734009"/>
            <display value="BRCA1 gene mutation detected (finding)"/>
          </coding>
        </code>
        <subject>
          <reference value="Patient/JustineWallace"/>
        </subject>
        <onsetDateTime value="2023-05-04"/>
      </Condition>
    </resource>
  </entry>
  <entry>
    <resource>
      <DiagnosticReport>
        <id value="mammogram-2024-birads-2"/>
        <text>
          <status value="generated"/><div xmlns="http://www.w3.org/1999/xhtml"><a name="DiagnosticReport_mammogram-2024-birads-2"> </a><p class="res-header-id"><b>Generated Narrative: DiagnosticReport mammogram-2024-birads-2</b></p><a name="mammogram-2024-birads-2"> </a><a name="hcmammogram-2024-birads-2"> </a><a name="mammogram-2024-birads-2-en-US"> </a><h2><span title="Codes:{http://loinc.org 24606-6}">Screening mammogram</span> </h2><table class="grid"><tr><td>Subject</td><td>Not done yet</td></tr><tr><td>When For</td><td>2023-05-04 10:00:00+0000</td></tr></table><p><b>Report Details</b></p><p><b>Coded Conclusions:</b></p><ul><li><span title="Codes:{http://snomed.info/sct 397141009}">Mammography assessment (Category 2) - Benign finding (finding)</span></li></ul></div>
        </text>
        <status value="final"/>
        <code>
          <coding>
            <system value="http://loinc.org"/>
            <code value="24606-6"/>
            <display value="Screening mammogram"/>
          </coding>
        </code>
        <subject>
          <reference value="Patient/JustineWallace"/>
        </subject>
        <effectiveDateTime value="2023-05-04T10:00:00.000Z"/>
        <conclusionCode>
          <coding>
            <system value="http://snomed.info/sct"/>
            <code value="397141009"/>
            <display value="Mammography assessment (Category 2) - Benign finding (finding)"/>
          </coding>
        </conclusionCode>
      </DiagnosticReport>
    </resource>
  </entry>
</Bundle>