<?xml version="1.0" encoding="UTF-8"?>

<Bundle xmlns="http://hl7.org/fhir">
  <id value="eve-pendingbiopsy_act-testpending"/>
  <type value="collection"/>
  <entry>
    <resource>
      <Patient>
        <id value="defaultPatient"/>
        <text>
          <status value="generated"/><div xmlns="http://www.w3.org/1999/xhtml"><a name="Patient_defaultPatient"> </a><p class="res-header-id"><b>Generated Narrative: Patient defaultPatient</b></p><a name="defaultPatient"> </a><a name="hcdefaultPatient"> </a><a name="defaultPatient-en-US"> </a><p style="border: 1px #661aff solid; background-color: #e6e6ff; padding: 10px;">Jane Doe  Female, DoB: 1981-01-01</p><hr/></div>
        </text>
        <name>
          <family value="Doe"/>
          <given value="Jane"/>
        </name>
        <gender value="female"/>
        <birthDate value="1981-01-01"/>
      </Patient>
    </resource>
  </entry>
  <entry>
    <resource>
      <DiagnosticReport>
        <id value="984d71b8-c78f-4657-8d9f-6e3ab7c3fefc"/>
        <text>
          <status value="generated"/><div xmlns="http://www.w3.org/1999/xhtml"><a name="DiagnosticReport_984d71b8-c78f-4657-8d9f-6e3ab7c3fefc"> </a><p class="res-header-id"><b>Generated Narrative: DiagnosticReport 984d71b8-c78f-4657-8d9f-6e3ab7c3fefc</b></p><a name="984d71b8-c78f-4657-8d9f-6e3ab7c3fefc"> </a><a name="hc984d71b8-c78f-4657-8d9f-6e3ab7c3fefc"> </a><a name="984d71b8-c78f-4657-8d9f-6e3ab7c3fefc-en-US"> </a><h2><span title="Codes:{http://loinc.org 66110-8}">Biopsy Report</span> </h2><table class="grid"><tr><td>Subject</td><td>Not done yet</td></tr></table><p><b>Report Details</b></p><p><b>Coded Conclusions:</b></p><ul><li><span title="Codes:{http://snomed.info/sct 427785007}">Atypical hyperplasia of lactiferous duct (disorder)</span></li></ul></div>
        </text>
        <status value="registered"/>
        <code>
          <coding>
            <system value="http://loinc.org"/>
            <code value="66110-8"/>
            <display value="Biopsy Report"/>
          </coding>
        </code>
        <subject>
          <reference value="Patient/defaultPatient"/>
        </subject>
        <conclusionCode>
          <coding>
            <system value="http://snomed.info/sct"/>
            <code value="427785007"/>
            <display value="Atypical hyperplasia of lactiferous duct (disorder)"/>
          </coding>
        </conclusionCode>
      </DiagnosticReport>
    </resource>
  </entry>
</Bundle>