<?xml version="1.0" encoding="UTF-8"?>

<Bundle xmlns="http://hl7.org/fhir">
  <id value="eve-fhxgeneinherited_no_eve-brcageneancestry_no_eve-fhxbrcaovcatubalperit_yes_act-fhxrisktool_act-fhxriskassess"/>
  <type value="collection"/>
  <entry>
    <resource>
      <Patient>
        <id value="defaultPatient"/>
        <text>
          <status value="generated"/><div xmlns="http://www.w3.org/1999/xhtml"><a name="Patient_defaultPatient"> </a><p class="res-header-id"><b>Generated Narrative: Patient defaultPatient</b></p><a name="defaultPatient"> </a><a name="hcdefaultPatient"> </a><a name="defaultPatient-en-US"> </a><p style="border: 1px #661aff solid; background-color: #e6e6ff; padding: 10px;">Jane Doe  Female, DoB: 1981-01-01</p><hr/></div>
        </text>
        <name>
          <family value="Doe"/>
          <given value="Jane"/>
        </name>
        <gender value="female"/>
        <birthDate value="1981-01-01"/>
      </Patient>
    </resource>
  </entry>
  <entry>
    <resource>
      <FamilyMemberHistory>
        <id value="5383e52a-2ff1-4ac8-b656-718dbaaa7fd0"/>
        <text>
          <status value="generated"/><div xmlns="http://www.w3.org/1999/xhtml"><a name="FamilyMemberHistory_5383e52a-2ff1-4ac8-b656-718dbaaa7fd0"> </a><p class="res-header-id"><b>Generated Narrative: FamilyMemberHistory 5383e52a-2ff1-4ac8-b656-718dbaaa7fd0</b></p><a name="5383e52a-2ff1-4ac8-b656-718dbaaa7fd0"> </a><a name="hc5383e52a-2ff1-4ac8-b656-718dbaaa7fd0"> </a><a name="5383e52a-2ff1-4ac8-b656-718dbaaa7fd0-en-US"> </a><p><b>status</b>: Completed</p><p><b>patient</b>: <a href="Bundle-eve-Age45to54_act-acsavgrecs45_act-uspstfavgrecs.html#Patient_defaultPatient">Bundle: type = collection</a></p><p><b>name</b>: Unknown</p><p><b>relationship</b>: <span title="Codes:{http://hl7.org/fhir/v3/RoleCode MTH}">Mother</span></p><h3>Conditions</h3><table class="grid"><tr><td style="display: none">-</td><td><b>Code</b></td></tr><tr><td style="display: none">*</td><td><span title="Codes:{http://snomed.info/sct 254837009}">Invasive breast cancer</span></td></tr></table></div>
        </text>
        <status value="completed"/>
        <patient>
          <reference value="Patient/defaultPatient"/>
        </patient>
        <name value="Unknown"/>
        <relationship>
          <coding>
            <system value="http://hl7.org/fhir/v3/RoleCode"/>
            <code value="MTH"/>
            <display value="Mother"/>
          </coding>
        </relationship>
        <condition>
          <code>
            <coding>
              <system value="http://snomed.info/sct"/>
              <code value="254837009"/>
              <display value="Invasive breast cancer"/>
            </coding>
          </code>
        </condition>
      </FamilyMemberHistory>
    </resource>
  </entry>
</Bundle>