<?xml version="1.0" encoding="UTF-8"?>

<Bundle xmlns="http://hl7.org/fhir">
  <id value="FollowupScreeningResult_JustineWallace_brca1"/>
  <type value="collection"/>
  <entry>
    <fullUrl value="http://cancerscreeningcds.github.io/bcsm-cds/CarePlan/324"/>
    <resource>
      <CarePlan>
        <id value="324"/>
        <text>
          <status value="generated"/><div xmlns="http://www.w3.org/1999/xhtml"><a name="CarePlan_324"> </a><p class="res-header-id"><b>Generated Narrative: CarePlan 324</b></p><a name="324"> </a><a name="hc324"> </a><a name="324-en-US"> </a><p><b>instantiatesCanonical</b>: <a href="PlanDefinition-flow-FollowupScreeningResult.html">Followup Screening Result</a></p><p><b>status</b>: Draft</p><p><b>intent</b>: Proposal</p><p><b>subject</b>: <a href="Bundle-JustineWallace_brca1.html#Patient_JustineWallace">Justine39 Wallace91</a></p><p><b>created</b>: 2024-12-10 00:00:00+0000</p><h3>Activities</h3><table class="grid"><tr><td style="display: none">-</td><td><b>Reference</b></td></tr><tr><td style="display: none">*</td><td><a href="Bundle-FollowupScreeningResult_JustineWallace_brca1.html#RequestGroup_325">Bundle: type = collection</a></td></tr></table></div>
        </text>
        <instantiatesCanonical value="http://cancerscreeningcds.github.io/bcsm-cds/PlanDefinition/flow-FollowupScreeningResult"/>
        <status value="draft"/>
        <intent value="proposal"/>
        <subject>
          <reference value="Patient/JustineWallace"/>
          <display value="Justine39 Wallace91"/>
        </subject>
        <created value="2024-12-10T00:00:00.0Z"/>
        <activity>
          <reference>
            <reference value="RequestGroup/325"/>
          </reference>
        </activity>
      </CarePlan>
    </resource>
  </entry>
  <entry>
    <fullUrl value="http://cancerscreeningcds.github.io/bcsm-cds/RequestGroup/325"/>
    <resource>
      <RequestGroup>
        <id value="325"/>
        <text>
          <status value="generated"/><div xmlns="http://www.w3.org/1999/xhtml"><a name="RequestGroup_325"> </a><p class="res-header-id"><b>Generated Narrative: RequestGroup 325</b></p><a name="325"> </a><a name="hc325"> </a><a name="325-en-US"> </a><p><b>instantiatesCanonical</b>: <a href="PlanDefinition-flow-FollowupScreeningResult.html">Followup Screening Result</a></p><p><b>status</b>: Draft</p><p><b>intent</b>: Proposal</p><p><b>subject</b>: <a href="Bundle-JustineWallace_brca1.html#Patient_JustineWallace">Justine39 Wallace91</a></p></div>
        </text>
        <instantiatesCanonical value="http://cancerscreeningcds.github.io/bcsm-cds/PlanDefinition/flow-FollowupScreeningResult"/>
        <status value="draft"/>
        <intent value="proposal"/>
        <subject>
          <reference value="Patient/JustineWallace"/>
          <display value="Justine39 Wallace91"/>
        </subject>
      </RequestGroup>
    </resource>
  </entry>
</Bundle>