<?xml version="1.0" encoding="UTF-8"?>

<Bundle xmlns="http://hl7.org/fhir">
  <id value="eve-female_yes_eve-breastca_yes_end-noteligible"/>
  <type value="collection"/>
  <entry>
    <resource>
      <Patient>
        <id value="f050e0b8-a61d-46c3-a93b-39f5376c53a7"/>
        <text>
          <status value="generated"/><div xmlns="http://www.w3.org/1999/xhtml"><a name="Patient_f050e0b8-a61d-46c3-a93b-39f5376c53a7"> </a><p class="res-header-id"><b>Generated Narrative: Patient f050e0b8-a61d-46c3-a93b-39f5376c53a7</b></p><a name="f050e0b8-a61d-46c3-a93b-39f5376c53a7"> </a><a name="hcf050e0b8-a61d-46c3-a93b-39f5376c53a7"> </a><a name="f050e0b8-a61d-46c3-a93b-39f5376c53a7-en-US"> </a><p style="border: 1px #661aff solid; background-color: #e6e6ff; padding: 10px;">Joanne Smith  Other, DoB: 1980-01-01</p><hr/><table class="grid"><tr><td style="background-color: #f3f5da" title="A code classifying the person's sex assigned at birth  as specified by the [Office of the National Coordinator for Health IT (ONC)](https://www.healthit.gov/newsroom/about-onc). This extension aligns with the C-CDA Birth Sex Observation (LOINC 76689-9)."><a href="http://hl7.org/fhir/us/core/STU3.1/StructureDefinition-us-core-birthsex.html">US Core Birth Sex Extension</a></td><td colspan="3">F</td></tr></table></div>
        </text>
        <extension url="http://hl7.org/fhir/us/core/StructureDefinition/us-core-birthsex">
          <valueCode value="F"/>
        </extension>
        <name>
          <family value="Smith"/>
          <given value="Joanne"/>
        </name>
        <gender value="other"/>
        <birthDate value="1980-01-01"/>
      </Patient>
    </resource>
  </entry>
  <entry>
    <resource>
      <Condition>
        <id value="invasive-breast-cancer"/>
        <text>
          <status value="generated"/><div xmlns="http://www.w3.org/1999/xhtml"><a name="Condition_invasive-breast-cancer"> </a><p class="res-header-id"><b>Generated Narrative: Condition invasive-breast-cancer</b></p><a name="invasive-breast-cancer"> </a><a name="hcinvasive-breast-cancer"> </a><a name="invasive-breast-cancer-en-US"> </a><p><b>clinicalStatus</b>: <span title="Codes:{http://terminology.hl7.org/CodeSystem/condition-clinical active}">Active</span></p><p><b>verificationStatus</b>: <span title="Codes:{http://terminology.hl7.org/CodeSystem/condition-ver-status confirmed}">Confirmed</span></p><p><b>category</b>: <span title="Codes:{http://terminology.hl7.org/CodeSystem/condition-category problem-list-item}">Problem List Item</span></p><p><b>code</b>: <span title="Codes:{http://snomed.info/sct 254837009}">Invasive Breast Cancer</span></p><p><b>subject</b>: <a href="Bundle-eve-female_yes_eve-breastca_yes_end-noteligible.html#Patient_f050e0b8-a61d-46c3-a93b-39f5376c53a7">Bundle: type = collection</a></p><p><b>onset</b>: 2024-10-01</p></div>
        </text>
        <clinicalStatus>
          <coding>
            <system value="http://terminology.hl7.org/CodeSystem/condition-clinical"/>
            <code value="active"/>
            <display value="Active"/>
          </coding>
        </clinicalStatus>
        <verificationStatus>
          <coding>
            <system value="http://terminology.hl7.org/CodeSystem/condition-ver-status"/>
            <code value="confirmed"/>
            <display value="Confirmed"/>
          </coding>
        </verificationStatus>
        <category>
          <coding>
            <system value="http://terminology.hl7.org/CodeSystem/condition-category"/>
            <code value="problem-list-item"/>
            <display value="Problem List Item"/>
          </coding>
        </category>
        <code>
          <coding>
            <system value="http://snomed.info/sct"/>
            <code value="254837009"/>
            <display value="Malignant neoplasm of breast (disorder)"/>
          </coding>
          <text value="Invasive Breast Cancer"/>
        </code>
        <subject>
          <reference value="Patient/f050e0b8-a61d-46c3-a93b-39f5376c53a7"/>
        </subject>
        <onsetDateTime value="2024-10-01"/>
      </Condition>
    </resource>
  </entry>
</Bundle>