<?xml version="1.0" encoding="UTF-8"?>

<Bundle xmlns="http://hl7.org/fhir">
  <id value="eve-AgeOver74__act-sdmcontinueage__eve-highriskexclusions__end-decisionhighrisk"/>
  <type value="collection"/>
  <entry>
    <resource>
      <Patient>
        <id value="6c04b9d7-f2ff-4748-8f18-3ba0ae8cfd30"/>
        <text>
          <status value="generated"/><div xmlns="http://www.w3.org/1999/xhtml"><a name="Patient_6c04b9d7-f2ff-4748-8f18-3ba0ae8cfd30"> </a><p class="res-header-id"><b>Generated Narrative: Patient 6c04b9d7-f2ff-4748-8f18-3ba0ae8cfd30</b></p><a name="6c04b9d7-f2ff-4748-8f18-3ba0ae8cfd30"> </a><a name="hc6c04b9d7-f2ff-4748-8f18-3ba0ae8cfd30"> </a><a name="6c04b9d7-f2ff-4748-8f18-3ba0ae8cfd30-en-US"> </a><p style="border: 1px #661aff solid; background-color: #e6e6ff; padding: 10px;">Jane Doe  Female, DoB: 1945-01-01</p><hr/></div>
        </text>
        <name>
          <family value="Doe"/>
          <given value="Jane"/>
        </name>
        <gender value="female"/>
        <birthDate value="1945-01-01"/>
      </Patient>
    </resource>
  </entry>
  <entry>
    <resource>
      <Condition>
        <id value="invasive-breast-cancer"/>
        <text>
          <status value="generated"/><div xmlns="http://www.w3.org/1999/xhtml"><a name="Condition_invasive-breast-cancer"> </a><p class="res-header-id"><b>Generated Narrative: Condition invasive-breast-cancer</b></p><a name="invasive-breast-cancer"> </a><a name="hcinvasive-breast-cancer"> </a><a name="invasive-breast-cancer-en-US"> </a><p><b>clinicalStatus</b>: <span title="Codes:{http://terminology.hl7.org/CodeSystem/condition-clinical inactive}">Inactive</span></p><p><b>verificationStatus</b>: <span title="Codes:{http://terminology.hl7.org/CodeSystem/condition-ver-status confirmed}">Confirmed</span></p><p><b>category</b>: <span title="Codes:{http://terminology.hl7.org/CodeSystem/condition-category problem-list-item}">Problem List Item</span></p><p><b>code</b>: <span title="Codes:{http://snomed.info/sct 254837009}">Malignant neoplasm of breast (disorder)</span></p><p><b>subject</b>: <a href="Bundle-eve-AgeOver74__act-sdmcontinueage__eve-highriskexclusions__end-decisionhighrisk.html#Patient_6c04b9d7-f2ff-4748-8f18-3ba0ae8cfd30">Bundle: type = collection</a></p><p><b>onset</b>: 2019-05-16</p></div>
        </text>
        <clinicalStatus>
          <coding>
            <system value="http://terminology.hl7.org/CodeSystem/condition-clinical"/>
            <code value="inactive"/>
            <display value="Inactive"/>
          </coding>
        </clinicalStatus>
        <verificationStatus>
          <coding>
            <system value="http://terminology.hl7.org/CodeSystem/condition-ver-status"/>
            <code value="confirmed"/>
            <display value="Confirmed"/>
          </coding>
        </verificationStatus>
        <category>
          <coding>
            <system value="http://terminology.hl7.org/CodeSystem/condition-category"/>
            <code value="problem-list-item"/>
            <display value="Problem List Item"/>
          </coding>
        </category>
        <code>
          <coding>
            <system value="http://snomed.info/sct"/>
            <code value="254837009"/>
            <display value="Malignant neoplasm of breast (disorder)"/>
          </coding>
          <text value="Malignant neoplasm of breast (disorder)"/>
        </code>
        <subject>
          <reference value="Patient/6c04b9d7-f2ff-4748-8f18-3ba0ae8cfd30"/>
        </subject>
        <onsetDateTime value="2019-05-16"/>
      </Condition>
    </resource>
  </entry>
</Bundle>