<?xml version="1.0" encoding="UTF-8"?>

<Bundle xmlns="http://hl7.org/fhir">
  <id value="eve-pendingmammo_act-testpending"/>
  <type value="collection"/>
  <entry>
    <resource>
      <Patient>
        <id value="defaultPatient"/>
        <text>
          <status value="generated"/><div xmlns="http://www.w3.org/1999/xhtml"><a name="Patient_defaultPatient"> </a><p class="res-header-id"><b>Generated Narrative: Patient defaultPatient</b></p><a name="defaultPatient"> </a><a name="hcdefaultPatient"> </a><a name="defaultPatient-en-US"> </a><p style="border: 1px #661aff solid; background-color: #e6e6ff; padding: 10px;">Jane Doe  Female, DoB: 1981-01-01</p><hr/></div>
        </text>
        <name>
          <family value="Doe"/>
          <given value="Jane"/>
        </name>
        <gender value="female"/>
        <birthDate value="1981-01-01"/>
      </Patient>
    </resource>
  </entry>
  <entry>
    <resource>
      <ServiceRequest>
        <id value="b1b42771-61c9-437d-8b08-19b5787fa8d0"/>
        <text>
          <status value="generated"/><div xmlns="http://www.w3.org/1999/xhtml"><a name="ServiceRequest_b1b42771-61c9-437d-8b08-19b5787fa8d0"> </a><p class="res-header-id"><b>Generated Narrative: ServiceRequest b1b42771-61c9-437d-8b08-19b5787fa8d0</b></p><a name="b1b42771-61c9-437d-8b08-19b5787fa8d0"> </a><a name="hcb1b42771-61c9-437d-8b08-19b5787fa8d0"> </a><a name="b1b42771-61c9-437d-8b08-19b5787fa8d0-en-US"> </a><p><b>status</b>: Completed</p><p><b>intent</b>: Order</p><p><b>doNotPerform</b>: false</p><p><b>code</b>: <span title="Codes:{http://loinc.org 24606-6}">MG Breast Screening</span></p></div>
        </text>
        <status value="completed"/>
        <intent value="order"/>
        <doNotPerform value="false"/>
        <code>
          <coding>
            <system value="http://loinc.org"/>
            <code value="24606-6"/>
            <display value="MG Breast Screening"/>
          </coding>
        </code>
      </ServiceRequest>
    </resource>
  </entry>
</Bundle>