<?xml version="1.0" encoding="UTF-8"?>

<Bundle xmlns="http://hl7.org/fhir">
  <id value="FollowupScreeningResult_eve-actionablebirads_no_act-updateduedate"/>
  <type value="collection"/>
  <entry>
    <fullUrl value="http://cancerscreeningcds.github.io/bcsm-cds/CarePlan/334"/>
    <resource>
      <CarePlan>
        <id value="334"/>
        <text>
          <status value="generated"/><div xmlns="http://www.w3.org/1999/xhtml"><a name="CarePlan_334"> </a><p class="res-header-id"><b>Generated Narrative: CarePlan 334</b></p><a name="334"> </a><a name="hc334"> </a><a name="334-en-US"> </a><p><b>instantiatesCanonical</b>: <a href="PlanDefinition-flow-FollowupScreeningResult.html">Followup Screening Result</a></p><p><b>status</b>: Draft</p><p><b>intent</b>: Proposal</p><p><b>subject</b>: <a href="Bundle-eve-Age45to54_act-acsavgrecs45_act-uspstfavgrecs.html#Patient_defaultPatient">Jane Doe</a></p><p><b>created</b>: 2024-12-10 00:00:00+0000</p><h3>Activities</h3><table class="grid"><tr><td style="display: none">-</td><td><b>Reference</b></td></tr><tr><td style="display: none">*</td><td><a href="Bundle-FollowupScreeningResult_eve-actionablebirads_no_act-updateduedate.html#RequestGroup_335">Bundle: type = collection</a></td></tr></table></div>
        </text>
        <instantiatesCanonical value="http://cancerscreeningcds.github.io/bcsm-cds/PlanDefinition/flow-FollowupScreeningResult"/>
        <status value="draft"/>
        <intent value="proposal"/>
        <subject>
          <reference value="Patient/defaultPatient"/>
          <display value="Jane Doe"/>
        </subject>
        <created value="2024-12-10T00:00:00.0Z"/>
        <activity>
          <reference>
            <reference value="RequestGroup/335"/>
          </reference>
        </activity>
      </CarePlan>
    </resource>
  </entry>
  <entry>
    <fullUrl value="http://cancerscreeningcds.github.io/bcsm-cds/RequestGroup/335"/>
    <resource>
      <RequestGroup>
        <id value="335"/>
        <text>
          <status value="generated"/><div xmlns="http://www.w3.org/1999/xhtml"><a name="RequestGroup_335"> </a><p class="res-header-id"><b>Generated Narrative: RequestGroup 335</b></p><a name="335"> </a><a name="hc335"> </a><a name="335-en-US"> </a><p><b>instantiatesCanonical</b>: <a href="PlanDefinition-flow-FollowupScreeningResult.html">Followup Screening Result</a></p><p><b>status</b>: Draft</p><p><b>intent</b>: Proposal</p><p><b>subject</b>: <a href="Bundle-eve-Age45to54_act-acsavgrecs45_act-uspstfavgrecs.html#Patient_defaultPatient">Jane Doe</a></p></div>
        </text>
        <instantiatesCanonical value="http://cancerscreeningcds.github.io/bcsm-cds/PlanDefinition/flow-FollowupScreeningResult"/>
        <status value="draft"/>
        <intent value="proposal"/>
        <subject>
          <reference value="Patient/defaultPatient"/>
          <display value="Jane Doe"/>
        </subject>
      </RequestGroup>
    </resource>
  </entry>
</Bundle>