<?xml version="1.0" encoding="UTF-8"?>

<Bundle xmlns="http://hl7.org/fhir">
  <id value="eve-AgeOver74_yes_eve-LifeExp_yes"/>
  <type value="collection"/>
  <entry>
    <resource>
      <Patient>
        <id value="b7c6b861-a625-4214-8d94-0620827d7d9d"/>
        <text>
          <status value="generated"/><div xmlns="http://www.w3.org/1999/xhtml"><a name="Patient_b7c6b861-a625-4214-8d94-0620827d7d9d"> </a><p class="res-header-id"><b>Generated Narrative: Patient b7c6b861-a625-4214-8d94-0620827d7d9d</b></p><a name="b7c6b861-a625-4214-8d94-0620827d7d9d"> </a><a name="hcb7c6b861-a625-4214-8d94-0620827d7d9d"> </a><a name="b7c6b861-a625-4214-8d94-0620827d7d9d-en-US"> </a><p style="border: 1px #661aff solid; background-color: #e6e6ff; padding: 10px;">Jane Doe  Female, DoB: 1945-01-01</p><hr/></div>
        </text>
        <name>
          <family value="Doe"/>
          <given value="Jane"/>
        </name>
        <gender value="female"/>
        <birthDate value="1945-01-01"/>
      </Patient>
    </resource>
  </entry>
  <entry>
    <resource>
      <Observation>
        <id value="6cee7215-4b5f-49cd-8da9-22984baabf8c"/>
        <text>
          <status value="generated"/><div xmlns="http://www.w3.org/1999/xhtml"><a name="Observation_6cee7215-4b5f-49cd-8da9-22984baabf8c"> </a><p class="res-header-id"><b>Generated Narrative: Observation 6cee7215-4b5f-49cd-8da9-22984baabf8c</b></p><a name="6cee7215-4b5f-49cd-8da9-22984baabf8c"> </a><a name="hc6cee7215-4b5f-49cd-8da9-22984baabf8c"> </a><a name="6cee7215-4b5f-49cd-8da9-22984baabf8c-en-US"> </a><p><b>status</b>: Final</p><p><b>code</b>: <span title="Codes:{http://cancerscreeningcds.github.io/bcsm-cds/CodeSystem/screening-observation-code-system lifeexp}">Reduced life expectancy indicator</span></p><p><b>subject</b>: <a href="Bundle-eve-AgeOver74_yes_eve-LifeExp_yes.html#Patient_b7c6b861-a625-4214-8d94-0620827d7d9d">Bundle: type = collection</a></p><p><b>effective</b>: 2024-12-10 00:00:00+0000</p><p><b>value</b>: true</p></div>
        </text>
        <status value="final"/>
        <code>
          <coding>
            <system value="http://cancerscreeningcds.github.io/bcsm-cds/CodeSystem/screening-observation-code-system"/>
            <code value="lifeexp"/>
            <display value="Reduced life expectancy indicator"/>
          </coding>
        </code>
        <subject>
          <reference value="Patient/b7c6b861-a625-4214-8d94-0620827d7d9d"/>
        </subject>
        <effectiveDateTime value="2024-12-10T00:00:00.0Z"/>
        <valueBoolean value="true"/>
      </Observation>
    </resource>
  </entry>
</Bundle>