<?xml version="1.0" encoding="UTF-8"?>

<Bundle xmlns="http://hl7.org/fhir">
  <id value="inc-AgeAtLeast18_no"/>
  <type value="collection"/>
  <entry>
    <resource>
      <Patient>
        <id value="9f22a14b-1741-41b7-8bc6-b0ea8668eec0"/>
        <text>
          <status value="generated"/><div xmlns="http://www.w3.org/1999/xhtml"><a name="Patient_9f22a14b-1741-41b7-8bc6-b0ea8668eec0"> </a><p class="res-header-id"><b>Generated Narrative: Patient 9f22a14b-1741-41b7-8bc6-b0ea8668eec0</b></p><a name="9f22a14b-1741-41b7-8bc6-b0ea8668eec0"> </a><a name="hc9f22a14b-1741-41b7-8bc6-b0ea8668eec0"> </a><a name="9f22a14b-1741-41b7-8bc6-b0ea8668eec0-en-US"> </a><p style="border: 1px #661aff solid; background-color: #e6e6ff; padding: 10px;">Joanne Smith  Female, DoB: 2024-01-01</p><hr/></div>
        </text>
        <name>
          <family value="Smith"/>
          <given value="Joanne"/>
        </name>
        <gender value="female"/>
        <birthDate value="2024-01-01"/>
      </Patient>
    </resource>
  </entry>
</Bundle>