<?xml version="1.0" encoding="UTF-8"?>

<Bundle xmlns="http://hl7.org/fhir">
  <id value="eve-acsgeneticrisk__act-acshighriskmammo__act-acshighriskmri"/>
  <type value="collection"/>
  <entry>
    <resource>
      <Patient>
        <id value="defaultPatient"/>
        <text>
          <status value="generated"/><div xmlns="http://www.w3.org/1999/xhtml"><a name="Patient_defaultPatient"> </a><p class="res-header-id"><b>Generated Narrative: Patient defaultPatient</b></p><a name="defaultPatient"> </a><a name="hcdefaultPatient"> </a><a name="defaultPatient-en-US"> </a><p style="border: 1px #661aff solid; background-color: #e6e6ff; padding: 10px;">Jane Doe  Female, DoB: 1981-01-01</p><hr/></div>
        </text>
        <name>
          <family value="Doe"/>
          <given value="Jane"/>
        </name>
        <gender value="female"/>
        <birthDate value="1981-01-01"/>
      </Patient>
    </resource>
  </entry>
  <entry>
    <resource>
      <Observation>
        <id value="de6bf43c-bdcf-4e71-81c6-b4a556059c5a"/>
        <text>
          <status value="generated"/><div xmlns="http://www.w3.org/1999/xhtml"><a name="Observation_de6bf43c-bdcf-4e71-81c6-b4a556059c5a"> </a><p class="res-header-id"><b>Generated Narrative: Observation de6bf43c-bdcf-4e71-81c6-b4a556059c5a</b></p><a name="de6bf43c-bdcf-4e71-81c6-b4a556059c5a"> </a><a name="hcde6bf43c-bdcf-4e71-81c6-b4a556059c5a"> </a><a name="de6bf43c-bdcf-4e71-81c6-b4a556059c5a-en-US"> </a><p><b>status</b>: Final</p><p><b>code</b>: <span title="Codes:{http://cancerscreeningcds.github.io/bcsm-cds/CodeSystem/screening-observation-code-system GeneticMarkerOrSyndrome}">Genetic marker or syndrome associated with breast cancer</span></p><p><b>subject</b>: <a href="Bundle-eve-Age45to54_act-acsavgrecs45_act-uspstfavgrecs.html#Patient_defaultPatient">Bundle: type = collection</a></p><p><b>effective</b>: 2024-11-10 00:00:00+0000</p><p><b>value</b>: true</p></div>
        </text>
        <status value="final"/>
        <code>
          <coding>
            <system value="http://cancerscreeningcds.github.io/bcsm-cds/CodeSystem/screening-observation-code-system"/>
            <code value="GeneticMarkerOrSyndrome"/>
            <display value="Genetic marker or syndrome associated with breast cancer"/>
          </coding>
        </code>
        <subject>
          <reference value="Patient/defaultPatient"/>
        </subject>
        <effectiveDateTime value="2024-11-10T00:00:00.0Z"/>
        <valueBoolean value="true"/>
      </Observation>
    </resource>
  </entry>
  <entry>
    <resource>
      <Condition>
        <id value="af85d05d-9132-42c8-8041-0b883accfd2a"/>
        <text>
          <status value="generated"/><div xmlns="http://www.w3.org/1999/xhtml"><a name="Condition_af85d05d-9132-42c8-8041-0b883accfd2a"> </a><p class="res-header-id"><b>Generated Narrative: Condition af85d05d-9132-42c8-8041-0b883accfd2a</b></p><a name="af85d05d-9132-42c8-8041-0b883accfd2a"> </a><a name="hcaf85d05d-9132-42c8-8041-0b883accfd2a"> </a><a name="af85d05d-9132-42c8-8041-0b883accfd2a-en-US"> </a><p><b>clinicalStatus</b>: <span title="Codes:{http://terminology.hl7.org/CodeSystem/condition-clinical active}">Active</span></p><p><b>verificationStatus</b>: <span title="Codes:{http://terminology.hl7.org/CodeSystem/condition-ver-status confirmed}">Confirmed</span></p><p><b>code</b>: <span title="Codes:{http://snomed.info/sct 412734009}">BRCA1 gene mutation detected (finding)</span></p><p><b>subject</b>: <a href="Bundle-eve-Age45to54_act-acsavgrecs45_act-uspstfavgrecs.html#Patient_defaultPatient">Bundle: type = collection</a></p></div>
        </text>
        <clinicalStatus>
          <coding>
            <system value="http://terminology.hl7.org/CodeSystem/condition-clinical"/>
            <code value="active"/>
          </coding>
        </clinicalStatus>
        <verificationStatus>
          <coding>
            <system value="http://terminology.hl7.org/CodeSystem/condition-ver-status"/>
            <code value="confirmed"/>
          </coding>
        </verificationStatus>
        <code>
          <coding>
            <system value="http://snomed.info/sct"/>
            <code value="412734009"/>
            <display value="BRCA1 gene mutation detected (finding)"/>
          </coding>
        </code>
        <subject>
          <reference value="Patient/defaultPatient"/>
        </subject>
      </Condition>
    </resource>
  </entry>
</Bundle>