<?xml version="1.0" encoding="UTF-8"?>

<Bundle xmlns="http://hl7.org/fhir">
  <id value="CheckIsIncludedAndNotExcluded_false"/>
  <type value="collection"/>
  <entry>
    <resource>
      <Patient>
        <id value="defaultNotIncludedPatient"/>
        <text>
          <status value="generated"/><div xmlns="http://www.w3.org/1999/xhtml"><a name="Patient_defaultNotIncludedPatient"> </a><p class="res-header-id"><b>Generated Narrative: Patient defaultNotIncludedPatient</b></p><a name="defaultNotIncludedPatient"> </a><a name="hcdefaultNotIncludedPatient"> </a><a name="defaultNotIncludedPatient-en-US"> </a><p style="border: 1px #661aff solid; background-color: #e6e6ff; padding: 10px;">Jane Doe  Male, DoB: 1981-01-01</p><hr/></div>
        </text>
        <name>
          <family value="Doe"/>
          <given value="Jane"/>
        </name>
        <gender value="male"/>
        <birthDate value="1981-01-01"/>
      </Patient>
    </resource>
  </entry>
</Bundle>