<?xml version="1.0" encoding="UTF-8"?>

<Bundle xmlns="http://hl7.org/fhir">
  <id value="GeneticRiskReferral_JosephineGreene-past-breast-pain-adh-biopsy"/>
  <type value="collection"/>
  <entry>
    <fullUrl value="http://cancerscreeningcds.github.io/bcsm-cds/CarePlan/376"/>
    <resource>
      <CarePlan>
        <id value="376"/>
        <text>
          <status value="generated"/><div xmlns="http://www.w3.org/1999/xhtml"><a name="CarePlan_376"> </a><p class="res-header-id"><b>Generated Narrative: CarePlan 376</b></p><a name="376"> </a><a name="hc376"> </a><a name="376-en-US"> </a><p><b>instantiatesCanonical</b>: <a href="PlanDefinition-flow-GeneticRiskReferral.html">Genetic Risk Referral</a></p><p><b>status</b>: Draft</p><p><b>intent</b>: Proposal</p><p><b>subject</b>: <a href="Bundle-JosephineGreene-past-breast-pain-adh-biopsy.html#Patient_JosephineGreene">Josephine38 Greene57</a></p><p><b>created</b>: 2024-12-10 00:00:00+0000</p><h3>Activities</h3><table class="grid"><tr><td style="display: none">-</td><td><b>Reference</b></td></tr><tr><td style="display: none">*</td><td><a href="Bundle-GeneticRiskReferral_JosephineGreene-past-breast-pain-adh-biopsy.html#RequestGroup_377">Bundle: type = collection</a></td></tr></table></div>
        </text>
        <instantiatesCanonical value="http://cancerscreeningcds.github.io/bcsm-cds/PlanDefinition/flow-GeneticRiskReferral"/>
        <status value="draft"/>
        <intent value="proposal"/>
        <subject>
          <reference value="Patient/JosephineGreene"/>
          <display value="Josephine38 Greene57"/>
        </subject>
        <created value="2024-12-10T00:00:00.0Z"/>
        <activity>
          <reference>
            <reference value="RequestGroup/377"/>
          </reference>
        </activity>
      </CarePlan>
    </resource>
  </entry>
  <entry>
    <fullUrl value="http://cancerscreeningcds.github.io/bcsm-cds/RequestGroup/377"/>
    <resource>
      <RequestGroup>
        <id value="377"/>
        <text>
          <status value="generated"/><div xmlns="http://www.w3.org/1999/xhtml"><a name="RequestGroup_377"> </a><p class="res-header-id"><b>Generated Narrative: RequestGroup 377</b></p><a name="377"> </a><a name="hc377"> </a><a name="377-en-US"> </a><p><b>instantiatesCanonical</b>: <a href="PlanDefinition-flow-GeneticRiskReferral.html">Genetic Risk Referral</a></p><p><b>status</b>: Draft</p><p><b>intent</b>: Proposal</p><p><b>subject</b>: <a href="Bundle-JosephineGreene-past-breast-pain-adh-biopsy.html#Patient_JosephineGreene">Josephine38 Greene57</a></p></div>
        </text>
        <instantiatesCanonical value="http://cancerscreeningcds.github.io/bcsm-cds/PlanDefinition/flow-GeneticRiskReferral"/>
        <status value="draft"/>
        <intent value="proposal"/>
        <subject>
          <reference value="Patient/JosephineGreene"/>
          <display value="Josephine38 Greene57"/>
        </subject>
      </RequestGroup>
    </resource>
  </entry>
</Bundle>