<?xml version="1.0" encoding="UTF-8"?>

<Bundle xmlns="http://hl7.org/fhir">
  <id value="eve-atypicalbxpop__act-HighRiskReferral_act-estlifexpectancy"/>
  <type value="collection"/>
  <entry>
    <resource>
      <Patient>
        <id value="defaultPatient"/>
        <text>
          <status value="generated"/><div xmlns="http://www.w3.org/1999/xhtml"><a name="Patient_defaultPatient"> </a><p class="res-header-id"><b>Generated Narrative: Patient defaultPatient</b></p><a name="defaultPatient"> </a><a name="hcdefaultPatient"> </a><a name="defaultPatient-en-US"> </a><p style="border: 1px #661aff solid; background-color: #e6e6ff; padding: 10px;">Jane Doe  Female, DoB: 1981-01-01</p><hr/></div>
        </text>
        <name>
          <family value="Doe"/>
          <given value="Jane"/>
        </name>
        <gender value="female"/>
        <birthDate value="1981-01-01"/>
      </Patient>
    </resource>
  </entry>
  <entry>
    <resource>
      <Condition>
        <id value="46132e84-40ee-4a42-b1d7-79e1989ff48f"/>
        <text>
          <status value="generated"/><div xmlns="http://www.w3.org/1999/xhtml"><a name="Condition_46132e84-40ee-4a42-b1d7-79e1989ff48f"> </a><p class="res-header-id"><b>Generated Narrative: Condition 46132e84-40ee-4a42-b1d7-79e1989ff48f</b></p><a name="46132e84-40ee-4a42-b1d7-79e1989ff48f"> </a><a name="hc46132e84-40ee-4a42-b1d7-79e1989ff48f"> </a><a name="46132e84-40ee-4a42-b1d7-79e1989ff48f-en-US"> </a><p><b>clinicalStatus</b>: <span title="Codes:{http://terminology.hl7.org/CodeSystem/condition-clinical active}">Active</span></p><p><b>verificationStatus</b>: <span title="Codes:{http://terminology.hl7.org/CodeSystem/condition-ver-status confirmed}">Confirmed</span></p><p><b>code</b>: <span title="Codes:{http://snomed.info/sct 109888004}">Lobular carcinoma in situ of breast (disorder)</span></p><p><b>subject</b>: <a href="Bundle-eve-Age45to54_act-acsavgrecs45_act-uspstfavgrecs.html#Patient_defaultPatient">Bundle: type = collection</a></p><p><b>recordedDate</b>: 2024-11-11 00:00:00+0000</p></div>
        </text>
        <clinicalStatus>
          <coding>
            <system value="http://terminology.hl7.org/CodeSystem/condition-clinical"/>
            <code value="active"/>
            <display value="Active"/>
          </coding>
        </clinicalStatus>
        <verificationStatus>
          <coding>
            <system value="http://terminology.hl7.org/CodeSystem/condition-ver-status"/>
            <code value="confirmed"/>
            <display value="Confirmed"/>
          </coding>
        </verificationStatus>
        <code>
          <coding>
            <system value="http://snomed.info/sct"/>
            <code value="109888004"/>
            <display value="Lobular carcinoma in situ of breast (disorder)"/>
          </coding>
        </code>
        <subject>
          <reference value="Patient/defaultPatient"/>
        </subject>
        <recordedDate value="2024-11-11T00:00:00.0Z"/>
      </Condition>
    </resource>
  </entry>
  <entry>
    <resource>
      <Observation>
        <id value="4ecbc31a-7538-4daa-ac2d-4a1c6c05ec1b"/>
        <text>
          <status value="generated"/><div xmlns="http://www.w3.org/1999/xhtml"><a name="Observation_4ecbc31a-7538-4daa-ac2d-4a1c6c05ec1b"> </a><p class="res-header-id"><b>Generated Narrative: Observation 4ecbc31a-7538-4daa-ac2d-4a1c6c05ec1b</b></p><a name="4ecbc31a-7538-4daa-ac2d-4a1c6c05ec1b"> </a><a name="hc4ecbc31a-7538-4daa-ac2d-4a1c6c05ec1b"> </a><a name="4ecbc31a-7538-4daa-ac2d-4a1c6c05ec1b-en-US"> </a><p><b>status</b>: Final</p><p><b>code</b>: <span title="Codes:{http://cancerscreeningcds.github.io/bcsm-cds/CodeSystem/screening-observation-code-system lifeexp}">Reduced life expectancy indicator</span></p><p><b>subject</b>: <a href="Bundle-eve-Age45to54_act-acsavgrecs45_act-uspstfavgrecs.html#Patient_defaultPatient">Bundle: type = collection</a></p><p><b>effective</b>: 2024-12-10 00:00:00+0000</p><p><b>value</b>: true</p></div>
        </text>
        <status value="final"/>
        <code>
          <coding>
            <system value="http://cancerscreeningcds.github.io/bcsm-cds/CodeSystem/screening-observation-code-system"/>
            <code value="lifeexp"/>
            <display value="Reduced life expectancy indicator"/>
          </coding>
        </code>
        <subject>
          <reference value="Patient/defaultPatient"/>
        </subject>
        <effectiveDateTime value="2024-12-10T00:00:00.0Z"/>
        <valueBoolean value="true"/>
      </Observation>
    </resource>
  </entry>
</Bundle>