<?xml version="1.0" encoding="UTF-8"?>

<CodeSystem xmlns="http://hl7.org/fhir">
  <id value="recommendation-flag-code-system"/>
  <text>
    <status value="generated"/><div xmlns="http://www.w3.org/1999/xhtml"><p class="res-header-id"><b>Generated Narrative: CodeSystem recommendation-flag-code-system</b></p><a name="recommendation-flag-code-system"> </a><a name="hcrecommendation-flag-code-system"> </a><a name="recommendation-flag-code-system-en-US"> </a><p>This  code system <code>http://cancerscreeningcds.github.io/bcsm-cds/CodeSystem/recommendation-flag-code-system</code> defines the following codes:</p><table class="codes"><tr><td style="white-space:nowrap"><b>Code</b></td><td><b>Display</b></td></tr><tr><td style="white-space:nowrap">overdue<a name="recommendation-flag-code-system-overdue"> </a></td><td>Overdue</td></tr><tr><td style="white-space:nowrap">due<a name="recommendation-flag-code-system-due"> </a></td><td>Due</td></tr><tr><td style="white-space:nowrap">not-due<a name="recommendation-flag-code-system-not-due"> </a></td><td>Not due</td></tr></table></div>
  </text>
  <url value="http://cancerscreeningcds.github.io/bcsm-cds/CodeSystem/recommendation-flag-code-system"/>
  <version value="1.0.0"/>
  <name value="RecommendationFlagCodeSystem"/>
  <title value="Recommendation Flag Code System"/>
  <status value="draft"/>
  <experimental value="true"/>
  <date value="2025-02-28T23:16:14+00:00"/>
  <publisher value="MITRE"/>
  <contact>
    <name value="MITRE"/>
    <telecom>
      <system value="url"/>
      <value value="https://www.mitre.org/"/>
    </telecom>
  </contact>
  <description value="Code representing due/overdue flags"/>
  <content value="complete"/>
  <count value="3"/>
  <concept>
    <code value="overdue"/>
    <display value="Overdue"/>
  </concept>
  <concept>
    <code value="due"/>
    <display value="Due"/>
  </concept>
  <concept>
    <code value="not-due"/>
    <display value="Not due"/>
  </concept>
</CodeSystem>