<?xml version="1.0" encoding="UTF-8"?>

<PlanDefinition xmlns="http://hl7.org/fhir">
  <id value="flow-HighRiskExclusions"/>
  <meta>
    <profile value="http://hl7.org/fhir/uv/cpg/StructureDefinition/cpg-computableplandefinition"/>
  </meta>
  <text>
    <status value="extensions"/><div xmlns="http://www.w3.org/1999/xhtml">
<div>
    <table class="grid dict">
        
        <tr>
            <th scope="row"><b>Id: </b></th>
            <td style="padding-left: 4px;">flow-HighRiskExclusions</td>
        </tr>
        

        
        <tr>
            <th scope="row"><b>Url: </b></th>
            <td style="padding-left: 4px;"><a href="PlanDefinition-flow-HighRiskExclusions.html">High Risk Exclusions</a></td>
        </tr>
        

        
        <tr>
            <th scope="row"><b>Version: </b></th>
            <td style="padding-left: 4px;">1.0.0</td>
        </tr>
        

        

        
        <tr>
            <th scope="row"><b>Title: </b></th>
            <td style="padding-left: 4px;">High Risk Exclusions</td>
        </tr>
        

        

        
        <tr>
            <th scope="row"><b>Status: </b></th>
            <td style="padding-left: 4px;">draft</td>
        </tr>
        

        
        <tr>
            <th scope="row"><b>Experimental: </b></th>
            <td style="padding-left: 4px;">true</td>
        </tr>
        

        
        <tr>
            <th scope="row"><b>Type: </b></th>
            <td style="padding-left: 4px;">
                
                    
                        
                        <p style="margin-bottom: 5px;">
                            <b>system: </b> <span><a href="http://terminology.hl7.org/6.2.0/CodeSystem-plan-definition-type.html">http://terminology.hl7.org/CodeSystem/plan-definition-type</a></span>
                        </p>
                        
                        
                        <p style="margin-bottom: 5px;">
                            <b>code: </b> <span>eca-rule</span>
                        </p>
                        
                        
                    
                
                
            </td>
        </tr>
        

        

        
        <tr>
            <th scope="row"><b>Date: </b></th>
            <td style="padding-left: 4px;">2024-10-22</td>
        </tr>
        

        
        <tr>
            <th scope="row"><b>Publisher: </b></th>
            <td style="padding-left: 4px;">MITRE</td>
        </tr>
        

        
        <tr>
            <th scope="row"><b>Description: </b></th>
            <td style="padding-left: 4px;"><div><p>Clinical characteristics that have been identified in the USPSTF breast screening recommendation statement as indicative of higher than average risk and therefore excluded from recommendation statement patient population. Provides criteria to determine age to start and age to stop, screening modality, and screening interval for these populations of patients.</p>
</div></td>
        </tr>
        

        
        <tr>
            <th scope="row"><b>Knowledge Capability: </b></th>
            <td style="padding-left: 4px;">
                
                executable 
            </td>
        </tr>
        

        
        <tr>
            <th scope="row"><b>Knowledge Representation Level: </b></th>
            <td style="padding-left: 4px;">
                
                structured
            </td>
        </tr>
        

        

        

        

        

        

        
        <tr>
            <th scope="row"><b>Copyright: </b></th>
            <td style="padding-left: 4px;"><div><p>(C) 2024 The MITRE Corporation. All Rights Reserved. Approved for Public Release: 24-2711. Distribution Unlimited. Unless otherwise noted, this work is available under an Apache 2.0 license. It was produced by the MITRE Corporation for the Division of Cancer Prevention and Control, Centers for Disease Control and Prevention in accordance with the Statement of Work, contract number 75FCMC18D0047, task order number 75D30123F17931.</p>
</div></td>
        </tr>
        

        
        <tr>
            <th scope="row"><b>Approval Date: </b></th>
            <td style="padding-left: 4px;">2024-10-22</td>
        </tr>
        

        

        

        
        <tr>
            <th scope="row"><b>Libraries: </b></th>
            <td style="padding-left: 4px;">
                <table class="grid-dict">
                    
                    <tr>
                        <td><code>Library/HighRiskExclusions|1.0.0</code></td>
                    </tr>
                    
                </table>
            </td>
        </tr>
        

        
        <tr>
            <th scope="row"><b>Actions: </b></th>
            <td style="padding-left: 4px;">
                <table class="grid-dict">
                    
                    <tr>
                        <td>
                            
                            <b> Annual screening mammogram starting age 30:</b> An annual screening mammogram starting at age 30 is recommended.

Women who are at higher than average risk for breast cancer based on known genetic markers or syndromes should get a mammogram every year, typically starting at age 30.
                            
                            <br/>
                            
                            
                            <b>If:</b>
                            
                            <i>Applicability:</i>
                            
                            <i>(ExistsACSGeneticRiskMammo)</i>
                            <br/>
                            
                            
                            
                            
                            <b>Then:</b> <i>Definition:</i> <code>http://cancerscreeningcds.github.io/bcsm-cds/ActivityDefinition/BreastCancerScreeningServiceRequest|1.0.0</code><br/>
                            
                            <i>Dynamic Values:</i><br/>
                            
                            %action.code[0].coding[0]: <i>(ACSGeneticRiskMammoCode)</i>
                            <br/>
                            
                            %action.timingTiming: <i>(ACSGeneticRiskMammoTiming)</i>
                            <br/>
                            
                            %action.extension: <i>(ACSGeneticRiskMammoFlag)</i>
                            <br/>
                            
                            code.coding[0]: <i>(ACSGeneticRiskMammoCode)</i>
                            <br/>
                            
                            reasonCode[0].coding[0]: <i>(ACSGeneticRiskMammoReason)</i>
                            <br/>
                            
                            occurrenceDateTime: <i>(ACSGeneticRiskMammoTimingEvent)</i>
                            <br/>
                            
                            
                            
                            
                        </td>
                    </tr>
                    
                    <tr>
                        <td>
                            
                            <b> Annual screening MRI starting age 30:</b> An annual screening MRI starting at age 30 is recommended.

Women who are at higher than average risk for breast cancer based on known genetic markers or syndromes should get a breast MRI every year, typically starting at age 30.
                            
                            <br/>
                            
                            
                            <b>If:</b>
                            
                            <i>Applicability:</i>
                            
                            <i>(ExistsACSGeneticRiskMri)</i>
                            <br/>
                            
                            
                            
                            
                            <b>Then:</b> <i>Definition:</i> <code>http://cancerscreeningcds.github.io/bcsm-cds/ActivityDefinition/BreastCancerScreeningServiceRequest|1.0.0</code><br/>
                            
                            <i>Dynamic Values:</i><br/>
                            
                            %action.code[0].coding[0]: <i>(ACSGeneticRiskMriCode)</i>
                            <br/>
                            
                            %action.timingTiming: <i>(ACSGeneticRiskMriTiming)</i>
                            <br/>
                            
                            %action.extension: <i>(ACSGeneticRiskMriFlag)</i>
                            <br/>
                            
                            code.coding[0]: <i>(ACSGeneticRiskMriCode)</i>
                            <br/>
                            
                            reasonCode[0].coding[0]: <i>(ACSGeneticRiskMriReason)</i>
                            <br/>
                            
                            occurrenceDateTime: <i>(ACSGeneticRiskMriTimingEvent)</i>
                            <br/>
                            
                            
                            
                            
                        </td>
                    </tr>
                    
                    <tr>
                        <td>
                            
                            <b> Refer to specialist recommendations:</b> A number of other genetic variants are known to be associated with an increased risk of developing of breast cancer. For known personal history of these variants, refer to the consulting geneticist or to high risk breast specialist for guidance on routine screening. 

Variants may include ATM, BARD1, CDH1, CHEK2, NF1, PALB2, RAD51C, RAD51D, STK11.
                            
                            <br/>
                            
                            
                            <b>If:</b>
                            
                            <i>Applicability:</i>
                            
                            <i>(ExistsSpecialtyReferralGeneticRisk)</i>
                            <br/>
                            
                            
                            
                            
                            <b>Then:</b> <i>Definition:</i> <code>http://cancerscreeningcds.github.io/bcsm-cds/ActivityDefinition/BreastCancerScreeningServiceRequest|1.0.0</code><br/>
                            
                            <i>Dynamic Values:</i><br/>
                            
                            %action.code[0].coding[0]: <i>(SpecialtyReferralGeneticRiskCode)</i>
                            <br/>
                            
                            code.coding[0]: <i>(SpecialtyReferralGeneticRiskCode)</i>
                            <br/>
                            
                            reasonCode[0].coding[0]: <i>(SpecialtyReferralGeneticRiskReason)</i>
                            <br/>
                            
                            
                            
                            
                        </td>
                    </tr>
                    
                    <tr>
                        <td>
                            
                            <b> Annual screening mammogram:</b> An annual screening mammogram starting 8 years after radiotherapy and no earlier than age 25 is recommended.

Refer to patient's Oncologic treatment team or Survivorship Care Plan for patient specific guidance.
                            
                            <br/>
                            
                            
                            <b>If:</b>
                            
                            <i>Applicability:</i>
                            
                            <i>(ExistsACSMammoAfterRT)</i>
                            <br/>
                            
                            
                            
                            
                            <b>Then:</b> <i>Definition:</i> <code>http://cancerscreeningcds.github.io/bcsm-cds/ActivityDefinition/BreastCancerScreeningServiceRequest|1.0.0</code><br/>
                            
                            <i>Dynamic Values:</i><br/>
                            
                            %action.code[0].coding[0]: <i>(ACSMammoAfterRTCode)</i>
                            <br/>
                            
                            %action.timingTiming: <i>(ACSMammoAfterRTTiming)</i>
                            <br/>
                            
                            %action.extension: <i>(ACSMammoAfterRTFlag)</i>
                            <br/>
                            
                            code.coding[0]: <i>(ACSMammoAfterRTCode)</i>
                            <br/>
                            
                            reasonCode[0].coding[0]: <i>(ACSMammoAfterRTReason)</i>
                            <br/>
                            
                            occurrenceDateTime: <i>(ACSMammoAfterRTTimingEvent)</i>
                            <br/>
                            
                            
                            
                            
                        </td>
                    </tr>
                    
                    <tr>
                        <td>
                            
                            <b> Annual screening MRI:</b> An annual screening MRI starting 8 years after radiotherapy and no earlier than age 25 is recommended.

Refer to patient's Oncologic treatment team or Survivorship Care Plan for patient specific guidance.
                            
                            <br/>
                            
                            
                            <b>If:</b>
                            
                            <i>Applicability:</i>
                            
                            <i>(ExistsACSMriAfterRT)</i>
                            <br/>
                            
                            
                            
                            
                            <b>Then:</b> <i>Definition:</i> <code>http://cancerscreeningcds.github.io/bcsm-cds/ActivityDefinition/BreastCancerScreeningServiceRequest|1.0.0</code><br/>
                            
                            <i>Dynamic Values:</i><br/>
                            
                            %action.code[0].coding[0]: <i>(ACSMriAfterRTCode)</i>
                            <br/>
                            
                            %action.timingTiming: <i>(ACSMriAfterRTTiming)</i>
                            <br/>
                            
                            %action.extension: <i>(ACSMriAfterRTFlag)</i>
                            <br/>
                            
                            code.coding[0]: <i>(ACSMriAfterRTCode)</i>
                            <br/>
                            
                            reasonCode[0].coding[0]: <i>(ACSMriAfterRTReason)</i>
                            <br/>
                            
                            occurrenceDateTime: <i>(ACSMriAfterRTTimingEvent)</i>
                            <br/>
                            
                            
                            
                            
                        </td>
                    </tr>
                    
                    <tr>
                        <td>
                            
                            <b> Annual screening mammogram:</b> Annual screening mammogram after 5 years from breast cancer onset is recomended.
                            
                            <br/>
                            
                            
                            <b>If:</b>
                            
                            <i>Applicability:</i>
                            
                            <i>(ExistsACSMammoAfterBrca)</i>
                            <br/>
                            
                            
                            
                            
                            <b>Then:</b> <i>Definition:</i> <code>http://cancerscreeningcds.github.io/bcsm-cds/ActivityDefinition/BreastCancerScreeningServiceRequest|1.0.0</code><br/>
                            
                            <i>Dynamic Values:</i><br/>
                            
                            %action.code[0].coding[0]: <i>(ACSMammoAfterBrcaCode)</i>
                            <br/>
                            
                            %action.timingTiming: <i>(ACSMammoAfterBrcaTiming)</i>
                            <br/>
                            
                            %action.extension: <i>(ACSMammoAfterBrcaFlag)</i>
                            <br/>
                            
                            code.coding[0]: <i>(ACSMammoAfterBrcaCode)</i>
                            <br/>
                            
                            reasonCode[0].coding[0]: <i>(ACSMammoAfterBrcaReason)</i>
                            <br/>
                            
                            occurrenceDateTime: <i>(ACSMammoAfterBrcaTimingEvent)</i>
                            <br/>
                            
                            
                            
                            
                        </td>
                    </tr>
                    
                    <tr>
                        <td>
                            
                            <b> Refer to Oncologic care plan:</b> Previous breast cancer within 5 years may require enhanced surveillance including diagnostic mammogram. 

Refer to patient's Oncologic treatment team or Survivorship Care Plan for patient specific guidance.
                            
                            <br/>
                            
                            
                            <b>If:</b>
                            
                            <i>Applicability:</i>
                            
                            <i>(ExistsSpecialtyReferralBreastCaWithin5y)</i>
                            <br/>
                            
                            
                            
                            
                            <b>Then:</b> <i>Definition:</i> <code>http://cancerscreeningcds.github.io/bcsm-cds/ActivityDefinition/BreastCancerScreeningServiceRequest|1.0.0</code><br/>
                            
                            <i>Dynamic Values:</i><br/>
                            
                            %action.code[0].coding[0]: <i>(SpecialtyReferralBreastCaWithin5yCode)</i>
                            <br/>
                            
                            code.coding[0]: <i>(SpecialtyReferralBreastCaWithin5yCode)</i>
                            <br/>
                            
                            reasonCode[0].coding[0]: <i>(SpecialtyReferralBreastCaWithin5yReason)</i>
                            <br/>
                            
                            
                            
                            
                        </td>
                    </tr>
                    
                    <tr>
                        <td>
                            
                            <b> Annual screening mammogram starting age 30:</b> An annual screening mammogram starting at age 30 is recommended.

Women who are at higher than average risk for breast cancer based on past atypical biopsy should get a mammogram every year, typically starting at age 30.

                            
                            <br/>
                            
                            
                            <b>If:</b>
                            
                            <i>Applicability:</i>
                            
                            <i>(ExistsACSMammoAtypicalBiopsy)</i>
                            <br/>
                            
                            
                            
                            
                            <b>Then:</b> <i>Definition:</i> <code>http://cancerscreeningcds.github.io/bcsm-cds/ActivityDefinition/BreastCancerScreeningServiceRequest|1.0.0</code><br/>
                            
                            <i>Dynamic Values:</i><br/>
                            
                            %action.code[0].coding[0]: <i>(ACSMammoAtypicalBiopsyCode)</i>
                            <br/>
                            
                            %action.timingTiming: <i>(ACSMammoAtypicalBiopsyTiming)</i>
                            <br/>
                            
                            %action.extension: <i>(ACSMammoAtypicalBiopsyFlag)</i>
                            <br/>
                            
                            code.coding[0]: <i>(ACSMammoAtypicalBiopsyCode)</i>
                            <br/>
                            
                            reasonCode[0].coding[0]: <i>(ACSMammoAtypicalBiopsyReason)</i>
                            <br/>
                            
                            occurrenceDateTime: <i>(ACSMammoAtypicalBiopsyTimingEvent)</i>
                            <br/>
                            
                            
                            
                            
                        </td>
                    </tr>
                    
                    <tr>
                        <td>
                            
                            <b> Perform lifetime risk assessment:</b> Consider performing assessment of lifetime risk. 

If estimated lifetime risk is &gt;20%, patient may be eligible for supplemental screening with annual screening MRI.
                            
                            <br/>
                            
                            
                            <b>If:</b>
                            
                            <i>Applicability:</i>
                            
                            <i>(ExistsACSAtypicalBiopsy)</i>
                            <br/>
                            
                            
                            
                            
                            <b>Then:</b> <i>Definition:</i> <code>http://cancerscreeningcds.github.io/bcsm-cds/ActivityDefinition/BreastCancerScreeningServiceRequest|1.0.0</code><br/>
                            
                            <i>Dynamic Values:</i><br/>
                            
                            %action.code[0].coding[0]: <i>(ACSAtypicalBiopsyCode)</i>
                            <br/>
                            
                            code.coding[0]: <i>(ACSAtypicalBiopsyCode)</i>
                            <br/>
                            
                            reasonCode[0].coding[0]: <i>(ACSAtypicalBiopsyReason)</i>
                            <br/>
                            
                            
                            
                            
                        </td>
                    </tr>
                    
                    <tr>
                        <td>
                            
                            <b> Annual screening MRI starting age 30:</b> An annual screening MRI starting at age 30 is recommended in patients with past atypical biopsy and lifetime risk &gt; 20-25%.
                            
                            <br/>
                            
                            
                            <b>If:</b>
                            
                            <i>Applicability:</i>
                            
                            <i>(ExistsACSMriAtypicalBiopsyHighRisk)</i>
                            <br/>
                            
                            
                            
                            
                            <b>Then:</b> <i>Definition:</i> <code>http://cancerscreeningcds.github.io/bcsm-cds/ActivityDefinition/BreastCancerScreeningServiceRequest|1.0.0</code><br/>
                            
                            <i>Dynamic Values:</i><br/>
                            
                            %action.code[0].coding[0]: <i>(ACSMriAtypicalBiopsyHighRiskCode)</i>
                            <br/>
                            
                            %action.timingTiming: <i>(ACSMriAtypicalBiopsyHighRiskTiming)</i>
                            <br/>
                            
                            %action.extension: <i>(ACSMriAtypicalBiopsyHighRiskFlag)</i>
                            <br/>
                            
                            code.coding[0]: <i>(ACSMriAtypicalBiopsyHighRiskCode)</i>
                            <br/>
                            
                            reasonCode[0].coding[0]: <i>(ACSMriAtypicalBiopsyHighRiskReason)</i>
                            <br/>
                            
                            occurrenceDateTime: <i>(ACSMriAtypicalBiopsyHighRiskTimingEvent)</i>
                            <br/>
                            
                            
                            
                            
                        </td>
                    </tr>
                    
                </table>
            </td>
        </tr>
        
    </table>
</div>
</div>
  </text>
  <extension url="http://hl7.org/fhir/uv/cpg/StructureDefinition/cpg-knowledgeCapability">
    <valueCode value="executable"/>
  </extension>
  <extension url="http://hl7.org/fhir/uv/cpg/StructureDefinition/cpg-knowledgeRepresentationLevel">
    <valueCode value="structured"/>
  </extension>
  <url value="http://cancerscreeningcds.github.io/bcsm-cds/PlanDefinition/flow-HighRiskExclusions"/>
  <version value="1.0.0"/>
  <name value="flow-HighRiskExclusions"/>
  <title value="High Risk Exclusions"/>
  <type>
    <coding>
      <system value="http://terminology.hl7.org/CodeSystem/plan-definition-type"/>
      <code value="eca-rule"/>
    </coding>
  </type>
  <status value="draft"/>
  <experimental value="true"/>
  <date value="2024-10-22"/>
  <publisher value="MITRE"/>
  <contact>
    <name value="MITRE"/>
    <telecom>
      <system value="url"/>
      <value value="https://www.mitre.org/"/>
    </telecom>
  </contact>
  <description value="Clinical characteristics that have been identified in the USPSTF breast screening recommendation statement as indicative of higher than average risk and therefore excluded from recommendation statement patient population. Provides criteria to determine age to start and age to stop, screening modality, and screening interval for these populations of patients."/>
  <copyright value="(C) 2024 The MITRE Corporation. All Rights Reserved. Approved for Public Release: 24-2711. Distribution Unlimited. Unless otherwise noted, this work is available under an Apache 2.0 license. It was produced by the MITRE Corporation for the Division of Cancer Prevention and Control, Centers for Disease Control and Prevention in accordance with the Statement of Work, contract number 75FCMC18D0047, task order number 75D30123F17931."/>
  <approvalDate value="2024-10-22"/>
  <lastReviewDate value="2024-10-22"/>
  <author>
    <name value="The Health FFRDC, operated by The MITRE Corporation, in support of the Division of Cancer Prevention and Control, Centers for Disease Control and Prevention."/>
  </author>
  <editor>
    <name value="Division of Cancer Prevention and Control, Centers for Disease Control and Prevention"/>
  </editor>
  <reviewer>
    <name value="Division of Cancer Prevention and Control, Centers for Disease Control and Prevention"/>
  </reviewer>
  <endorser>
    <name value="Division of Cancer Prevention and Control, Centers for Disease Control and Prevention"/>
  </endorser>
  <library value="Library/HighRiskExclusions|1.0.0"/>
  <action id="ACSGeneticRiskMammo">
    <title value="Annual screening mammogram starting age 30"/>
    <description value="An annual screening mammogram starting at age 30 is recommended.&#xA;&#xA;Women who are at higher than average risk for breast cancer based on known genetic markers or syndromes should get a mammogram every year, typically starting at age 30."/>
    <documentation>
      <type value="citation"/>
      <label value="ACS"/>
      <display value="American Cancer Society Recommendations for the Early Detection of Breast Cancer"/>
      <url value="https://www.cancer.org/cancer/types/breast-cancer/screening-tests-and-early-detection/american-cancer-society-recommendations-for-the-early-detection-of-breast-cancer.html"/>
      <document>
        <url value="https://www.cancer.org/cancer/types/breast-cancer/screening-tests-and-early-detection/american-cancer-society-recommendations-for-the-early-detection-of-breast-cancer.html"/>
      </document>
    </documentation>
    <condition>
      <kind value="applicability"/>
      <expression>
        <language value="text/cql-identifier"/>
        <expression value="ExistsACSGeneticRiskMammo"/>
      </expression>
    </condition>
    <definitionCanonical value="http://cancerscreeningcds.github.io/bcsm-cds/ActivityDefinition/BreastCancerScreeningServiceRequest|1.0.0"/>
    <dynamicValue>
      <path value="%action.code[0].coding[0]"/>
      <expression>
        <language value="text/cql-identifier"/>
        <expression value="ACSGeneticRiskMammoCode"/>
      </expression>
    </dynamicValue>
    <dynamicValue>
      <path value="%action.timingTiming"/>
      <expression>
        <language value="text/cql-identifier"/>
        <expression value="ACSGeneticRiskMammoTiming"/>
      </expression>
    </dynamicValue>
    <dynamicValue>
      <path value="%action.extension"/>
      <expression>
        <language value="text/cql-identifier"/>
        <expression value="ACSGeneticRiskMammoFlag"/>
      </expression>
    </dynamicValue>
    <dynamicValue>
      <path value="code.coding[0]"/>
      <expression>
        <language value="text/cql-identifier"/>
        <expression value="ACSGeneticRiskMammoCode"/>
      </expression>
    </dynamicValue>
    <dynamicValue>
      <path value="reasonCode[0].coding[0]"/>
      <expression>
        <language value="text/cql-identifier"/>
        <expression value="ACSGeneticRiskMammoReason"/>
      </expression>
    </dynamicValue>
    <dynamicValue>
      <path value="occurrenceDateTime"/>
      <expression>
        <language value="text/cql-identifier"/>
        <expression value="ACSGeneticRiskMammoTimingEvent"/>
      </expression>
    </dynamicValue>
  </action>
  <action id="ACSGeneticRiskMri">
    <title value="Annual screening MRI starting age 30"/>
    <description value="An annual screening MRI starting at age 30 is recommended.&#xA;&#xA;Women who are at higher than average risk for breast cancer based on known genetic markers or syndromes should get a breast MRI every year, typically starting at age 30."/>
    <documentation>
      <type value="citation"/>
      <label value="ACS"/>
      <display value="American Cancer Society Guidelines for Breast Screening with MRI as an Adjunct to Mammography"/>
      <citation value="Oeffinger KC, Fontham ETH, Etzioni R, et al. Breast Cancer Screening for Women at Average Risk: 2015 Guideline Update From the American Cancer Society. JAMA. 2015;314(15):1599–1614."/>
      <url value="https://acsjournals.onlinelibrary.wiley.com/doi/full/10.3322/canjclin.57.2.75"/>
      <document>
        <url value="https://acsjournals.onlinelibrary.wiley.com/doi/full/10.3322/canjclin.57.2.75"/>
      </document>
    </documentation>
    <condition>
      <kind value="applicability"/>
      <expression>
        <language value="text/cql-identifier"/>
        <expression value="ExistsACSGeneticRiskMri"/>
      </expression>
    </condition>
    <definitionCanonical value="http://cancerscreeningcds.github.io/bcsm-cds/ActivityDefinition/BreastCancerScreeningServiceRequest|1.0.0"/>
    <dynamicValue>
      <path value="%action.code[0].coding[0]"/>
      <expression>
        <language value="text/cql-identifier"/>
        <expression value="ACSGeneticRiskMriCode"/>
      </expression>
    </dynamicValue>
    <dynamicValue>
      <path value="%action.timingTiming"/>
      <expression>
        <language value="text/cql-identifier"/>
        <expression value="ACSGeneticRiskMriTiming"/>
      </expression>
    </dynamicValue>
    <dynamicValue>
      <path value="%action.extension"/>
      <expression>
        <language value="text/cql-identifier"/>
        <expression value="ACSGeneticRiskMriFlag"/>
      </expression>
    </dynamicValue>
    <dynamicValue>
      <path value="code.coding[0]"/>
      <expression>
        <language value="text/cql-identifier"/>
        <expression value="ACSGeneticRiskMriCode"/>
      </expression>
    </dynamicValue>
    <dynamicValue>
      <path value="reasonCode[0].coding[0]"/>
      <expression>
        <language value="text/cql-identifier"/>
        <expression value="ACSGeneticRiskMriReason"/>
      </expression>
    </dynamicValue>
    <dynamicValue>
      <path value="occurrenceDateTime"/>
      <expression>
        <language value="text/cql-identifier"/>
        <expression value="ACSGeneticRiskMriTimingEvent"/>
      </expression>
    </dynamicValue>
  </action>
  <action id="SpecialtyReferralGeneticRisk">
    <title value="Refer to specialist recommendations"/>
    <description value="A number of other genetic variants are known to be associated with an increased risk of developing of breast cancer. For known personal history of these variants, refer to the consulting geneticist or to high risk breast specialist for guidance on routine screening. &#xA;&#xA;Variants may include ATM, BARD1, CDH1, CHEK2, NF1, PALB2, RAD51C, RAD51D, STK11."/>
    <condition>
      <kind value="applicability"/>
      <expression>
        <language value="text/cql-identifier"/>
        <expression value="ExistsSpecialtyReferralGeneticRisk"/>
      </expression>
    </condition>
    <definitionCanonical value="http://cancerscreeningcds.github.io/bcsm-cds/ActivityDefinition/BreastCancerScreeningServiceRequest|1.0.0"/>
    <dynamicValue>
      <path value="%action.code[0].coding[0]"/>
      <expression>
        <language value="text/cql-identifier"/>
        <expression value="SpecialtyReferralGeneticRiskCode"/>
      </expression>
    </dynamicValue>
    <dynamicValue>
      <path value="code.coding[0]"/>
      <expression>
        <language value="text/cql-identifier"/>
        <expression value="SpecialtyReferralGeneticRiskCode"/>
      </expression>
    </dynamicValue>
    <dynamicValue>
      <path value="reasonCode[0].coding[0]"/>
      <expression>
        <language value="text/cql-identifier"/>
        <expression value="SpecialtyReferralGeneticRiskReason"/>
      </expression>
    </dynamicValue>
  </action>
  <action id="ACSMammoAfterRT">
    <title value="Annual screening mammogram"/>
    <description value="An annual screening mammogram starting 8 years after radiotherapy and no earlier than age 25 is recommended.&#xA;&#xA;Refer to patient's Oncologic treatment team or Survivorship Care Plan for patient specific guidance."/>
    <documentation>
      <type value="citation"/>
      <label value="ACS"/>
      <display value="American Cancer Society Recommendations for the Early Detection of Breast Cancer"/>
      <url value="https://www.cancer.org/cancer/types/breast-cancer/screening-tests-and-early-detection/american-cancer-society-recommendations-for-the-early-detection-of-breast-cancer.html"/>
      <document>
        <url value="https://www.cancer.org/cancer/types/breast-cancer/screening-tests-and-early-detection/american-cancer-society-recommendations-for-the-early-detection-of-breast-cancer.html"/>
      </document>
    </documentation>
    <condition>
      <kind value="applicability"/>
      <expression>
        <language value="text/cql-identifier"/>
        <expression value="ExistsACSMammoAfterRT"/>
      </expression>
    </condition>
    <definitionCanonical value="http://cancerscreeningcds.github.io/bcsm-cds/ActivityDefinition/BreastCancerScreeningServiceRequest|1.0.0"/>
    <dynamicValue>
      <path value="%action.code[0].coding[0]"/>
      <expression>
        <language value="text/cql-identifier"/>
        <expression value="ACSMammoAfterRTCode"/>
      </expression>
    </dynamicValue>
    <dynamicValue>
      <path value="%action.timingTiming"/>
      <expression>
        <language value="text/cql-identifier"/>
        <expression value="ACSMammoAfterRTTiming"/>
      </expression>
    </dynamicValue>
    <dynamicValue>
      <path value="%action.extension"/>
      <expression>
        <language value="text/cql-identifier"/>
        <expression value="ACSMammoAfterRTFlag"/>
      </expression>
    </dynamicValue>
    <dynamicValue>
      <path value="code.coding[0]"/>
      <expression>
        <language value="text/cql-identifier"/>
        <expression value="ACSMammoAfterRTCode"/>
      </expression>
    </dynamicValue>
    <dynamicValue>
      <path value="reasonCode[0].coding[0]"/>
      <expression>
        <language value="text/cql-identifier"/>
        <expression value="ACSMammoAfterRTReason"/>
      </expression>
    </dynamicValue>
    <dynamicValue>
      <path value="occurrenceDateTime"/>
      <expression>
        <language value="text/cql-identifier"/>
        <expression value="ACSMammoAfterRTTimingEvent"/>
      </expression>
    </dynamicValue>
  </action>
  <action id="ACSMriAfterRT">
    <title value="Annual screening MRI"/>
    <description value="An annual screening MRI starting 8 years after radiotherapy and no earlier than age 25 is recommended.&#xA;&#xA;Refer to patient's Oncologic treatment team or Survivorship Care Plan for patient specific guidance."/>
    <documentation>
      <type value="citation"/>
      <label value="ACS"/>
      <display value="American Cancer Society Guidelines for Breast Screening with MRI as an Adjunct to Mammography"/>
      <citation value="Oeffinger KC, Fontham ETH, Etzioni R, et al. Breast Cancer Screening for Women at Average Risk: 2015 Guideline Update From the American Cancer Society. JAMA. 2015;314(15):1599–1614."/>
      <url value="https://acsjournals.onlinelibrary.wiley.com/doi/full/10.3322/canjclin.57.2.75"/>
      <document>
        <url value="https://acsjournals.onlinelibrary.wiley.com/doi/full/10.3322/canjclin.57.2.75"/>
      </document>
    </documentation>
    <condition>
      <kind value="applicability"/>
      <expression>
        <language value="text/cql-identifier"/>
        <expression value="ExistsACSMriAfterRT"/>
      </expression>
    </condition>
    <definitionCanonical value="http://cancerscreeningcds.github.io/bcsm-cds/ActivityDefinition/BreastCancerScreeningServiceRequest|1.0.0"/>
    <dynamicValue>
      <path value="%action.code[0].coding[0]"/>
      <expression>
        <language value="text/cql-identifier"/>
        <expression value="ACSMriAfterRTCode"/>
      </expression>
    </dynamicValue>
    <dynamicValue>
      <path value="%action.timingTiming"/>
      <expression>
        <language value="text/cql-identifier"/>
        <expression value="ACSMriAfterRTTiming"/>
      </expression>
    </dynamicValue>
    <dynamicValue>
      <path value="%action.extension"/>
      <expression>
        <language value="text/cql-identifier"/>
        <expression value="ACSMriAfterRTFlag"/>
      </expression>
    </dynamicValue>
    <dynamicValue>
      <path value="code.coding[0]"/>
      <expression>
        <language value="text/cql-identifier"/>
        <expression value="ACSMriAfterRTCode"/>
      </expression>
    </dynamicValue>
    <dynamicValue>
      <path value="reasonCode[0].coding[0]"/>
      <expression>
        <language value="text/cql-identifier"/>
        <expression value="ACSMriAfterRTReason"/>
      </expression>
    </dynamicValue>
    <dynamicValue>
      <path value="occurrenceDateTime"/>
      <expression>
        <language value="text/cql-identifier"/>
        <expression value="ACSMriAfterRTTimingEvent"/>
      </expression>
    </dynamicValue>
  </action>
  <action id="ACSMammoAfterBrca">
    <title value="Annual screening mammogram"/>
    <description value="Annual screening mammogram after 5 years from breast cancer onset is recomended."/>
    <documentation>
      <type value="citation"/>
      <label value="ACS"/>
      <display value="American Cancer Society Recommendations for the Early Detection of Breast Cancer"/>
      <url value="https://www.cancer.org/cancer/types/breast-cancer/screening-tests-and-early-detection/american-cancer-society-recommendations-for-the-early-detection-of-breast-cancer.html"/>
      <document>
        <url value="https://www.cancer.org/cancer/types/breast-cancer/screening-tests-and-early-detection/american-cancer-society-recommendations-for-the-early-detection-of-breast-cancer.html"/>
      </document>
    </documentation>
    <condition>
      <kind value="applicability"/>
      <expression>
        <language value="text/cql-identifier"/>
        <expression value="ExistsACSMammoAfterBrca"/>
      </expression>
    </condition>
    <definitionCanonical value="http://cancerscreeningcds.github.io/bcsm-cds/ActivityDefinition/BreastCancerScreeningServiceRequest|1.0.0"/>
    <dynamicValue>
      <path value="%action.code[0].coding[0]"/>
      <expression>
        <language value="text/cql-identifier"/>
        <expression value="ACSMammoAfterBrcaCode"/>
      </expression>
    </dynamicValue>
    <dynamicValue>
      <path value="%action.timingTiming"/>
      <expression>
        <language value="text/cql-identifier"/>
        <expression value="ACSMammoAfterBrcaTiming"/>
      </expression>
    </dynamicValue>
    <dynamicValue>
      <path value="%action.extension"/>
      <expression>
        <language value="text/cql-identifier"/>
        <expression value="ACSMammoAfterBrcaFlag"/>
      </expression>
    </dynamicValue>
    <dynamicValue>
      <path value="code.coding[0]"/>
      <expression>
        <language value="text/cql-identifier"/>
        <expression value="ACSMammoAfterBrcaCode"/>
      </expression>
    </dynamicValue>
    <dynamicValue>
      <path value="reasonCode[0].coding[0]"/>
      <expression>
        <language value="text/cql-identifier"/>
        <expression value="ACSMammoAfterBrcaReason"/>
      </expression>
    </dynamicValue>
    <dynamicValue>
      <path value="occurrenceDateTime"/>
      <expression>
        <language value="text/cql-identifier"/>
        <expression value="ACSMammoAfterBrcaTimingEvent"/>
      </expression>
    </dynamicValue>
  </action>
  <action id="SpecialtyReferralBreastCaWithin5y">
    <title value="Refer to Oncologic care plan"/>
    <description value="Previous breast cancer within 5 years may require enhanced surveillance including diagnostic mammogram. &#xA;&#xA;Refer to patient's Oncologic treatment team or Survivorship Care Plan for patient specific guidance."/>
    <condition>
      <kind value="applicability"/>
      <expression>
        <language value="text/cql-identifier"/>
        <expression value="ExistsSpecialtyReferralBreastCaWithin5y"/>
      </expression>
    </condition>
    <definitionCanonical value="http://cancerscreeningcds.github.io/bcsm-cds/ActivityDefinition/BreastCancerScreeningServiceRequest|1.0.0"/>
    <dynamicValue>
      <path value="%action.code[0].coding[0]"/>
      <expression>
        <language value="text/cql-identifier"/>
        <expression value="SpecialtyReferralBreastCaWithin5yCode"/>
      </expression>
    </dynamicValue>
    <dynamicValue>
      <path value="code.coding[0]"/>
      <expression>
        <language value="text/cql-identifier"/>
        <expression value="SpecialtyReferralBreastCaWithin5yCode"/>
      </expression>
    </dynamicValue>
    <dynamicValue>
      <path value="reasonCode[0].coding[0]"/>
      <expression>
        <language value="text/cql-identifier"/>
        <expression value="SpecialtyReferralBreastCaWithin5yReason"/>
      </expression>
    </dynamicValue>
  </action>
  <action id="ACSMammoAtypicalBiopsy">
    <title value="Annual screening mammogram starting age 30"/>
    <description value="An annual screening mammogram starting at age 30 is recommended.&#xA;&#xA;Women who are at higher than average risk for breast cancer based on past atypical biopsy should get a mammogram every year, typically starting at age 30.&#xA;"/>
    <documentation>
      <type value="citation"/>
      <label value="ACS"/>
      <display value="American Cancer Society Recommendations for the Early Detection of Breast Cancer"/>
      <url value="https://www.cancer.org/cancer/types/breast-cancer/screening-tests-and-early-detection/american-cancer-society-recommendations-for-the-early-detection-of-breast-cancer.html"/>
      <document>
        <url value="https://www.cancer.org/cancer/types/breast-cancer/screening-tests-and-early-detection/american-cancer-society-recommendations-for-the-early-detection-of-breast-cancer.html"/>
      </document>
    </documentation>
    <condition>
      <kind value="applicability"/>
      <expression>
        <language value="text/cql-identifier"/>
        <expression value="ExistsACSMammoAtypicalBiopsy"/>
      </expression>
    </condition>
    <definitionCanonical value="http://cancerscreeningcds.github.io/bcsm-cds/ActivityDefinition/BreastCancerScreeningServiceRequest|1.0.0"/>
    <dynamicValue>
      <path value="%action.code[0].coding[0]"/>
      <expression>
        <language value="text/cql-identifier"/>
        <expression value="ACSMammoAtypicalBiopsyCode"/>
      </expression>
    </dynamicValue>
    <dynamicValue>
      <path value="%action.timingTiming"/>
      <expression>
        <language value="text/cql-identifier"/>
        <expression value="ACSMammoAtypicalBiopsyTiming"/>
      </expression>
    </dynamicValue>
    <dynamicValue>
      <path value="%action.extension"/>
      <expression>
        <language value="text/cql-identifier"/>
        <expression value="ACSMammoAtypicalBiopsyFlag"/>
      </expression>
    </dynamicValue>
    <dynamicValue>
      <path value="code.coding[0]"/>
      <expression>
        <language value="text/cql-identifier"/>
        <expression value="ACSMammoAtypicalBiopsyCode"/>
      </expression>
    </dynamicValue>
    <dynamicValue>
      <path value="reasonCode[0].coding[0]"/>
      <expression>
        <language value="text/cql-identifier"/>
        <expression value="ACSMammoAtypicalBiopsyReason"/>
      </expression>
    </dynamicValue>
    <dynamicValue>
      <path value="occurrenceDateTime"/>
      <expression>
        <language value="text/cql-identifier"/>
        <expression value="ACSMammoAtypicalBiopsyTimingEvent"/>
      </expression>
    </dynamicValue>
  </action>
  <action id="ACSAtypicalBiopsy">
    <title value="Perform lifetime risk assessment"/>
    <description value="Consider performing assessment of lifetime risk. &#xA;&#xA;If estimated lifetime risk is &gt;20%, patient may be eligible for supplemental screening with annual screening MRI."/>
    <documentation>
      <type value="citation"/>
      <label value="ACS"/>
      <display value="American Cancer Society Guidelines for Breast Screening with MRI as an Adjunct to Mammography"/>
      <citation value="Oeffinger KC, Fontham ETH, Etzioni R, et al. Breast Cancer Screening for Women at Average Risk: 2015 Guideline Update From the American Cancer Society. JAMA. 2015;314(15):1599–1614."/>
      <url value="https://acsjournals.onlinelibrary.wiley.com/doi/full/10.3322/canjclin.57.2.75"/>
      <document>
        <url value="https://acsjournals.onlinelibrary.wiley.com/doi/full/10.3322/canjclin.57.2.75"/>
      </document>
    </documentation>
    <condition>
      <kind value="applicability"/>
      <expression>
        <language value="text/cql-identifier"/>
        <expression value="ExistsACSAtypicalBiopsy"/>
      </expression>
    </condition>
    <definitionCanonical value="http://cancerscreeningcds.github.io/bcsm-cds/ActivityDefinition/BreastCancerScreeningServiceRequest|1.0.0"/>
    <dynamicValue>
      <path value="%action.code[0].coding[0]"/>
      <expression>
        <language value="text/cql-identifier"/>
        <expression value="ACSAtypicalBiopsyCode"/>
      </expression>
    </dynamicValue>
    <dynamicValue>
      <path value="code.coding[0]"/>
      <expression>
        <language value="text/cql-identifier"/>
        <expression value="ACSAtypicalBiopsyCode"/>
      </expression>
    </dynamicValue>
    <dynamicValue>
      <path value="reasonCode[0].coding[0]"/>
      <expression>
        <language value="text/cql-identifier"/>
        <expression value="ACSAtypicalBiopsyReason"/>
      </expression>
    </dynamicValue>
  </action>
  <action id="ACSMriAtypicalBiopsyHighRisk">
    <title value="Annual screening MRI starting age 30"/>
    <description value="An annual screening MRI starting at age 30 is recommended in patients with past atypical biopsy and lifetime risk &gt; 20-25%."/>
    <documentation>
      <type value="citation"/>
      <label value="ACS"/>
      <display value="American Cancer Society Guidelines for Breast Screening with MRI as an Adjunct to Mammography"/>
      <citation value="Oeffinger KC, Fontham ETH, Etzioni R, et al. Breast Cancer Screening for Women at Average Risk: 2015 Guideline Update From the American Cancer Society. JAMA. 2015;314(15):1599–1614."/>
      <url value="https://acsjournals.onlinelibrary.wiley.com/doi/full/10.3322/canjclin.57.2.75"/>
      <document>
        <url value="https://acsjournals.onlinelibrary.wiley.com/doi/full/10.3322/canjclin.57.2.75"/>
      </document>
    </documentation>
    <condition>
      <kind value="applicability"/>
      <expression>
        <language value="text/cql-identifier"/>
        <expression value="ExistsACSMriAtypicalBiopsyHighRisk"/>
      </expression>
    </condition>
    <definitionCanonical value="http://cancerscreeningcds.github.io/bcsm-cds/ActivityDefinition/BreastCancerScreeningServiceRequest|1.0.0"/>
    <dynamicValue>
      <path value="%action.code[0].coding[0]"/>
      <expression>
        <language value="text/cql-identifier"/>
        <expression value="ACSMriAtypicalBiopsyHighRiskCode"/>
      </expression>
    </dynamicValue>
    <dynamicValue>
      <path value="%action.timingTiming"/>
      <expression>
        <language value="text/cql-identifier"/>
        <expression value="ACSMriAtypicalBiopsyHighRiskTiming"/>
      </expression>
    </dynamicValue>
    <dynamicValue>
      <path value="%action.extension"/>
      <expression>
        <language value="text/cql-identifier"/>
        <expression value="ACSMriAtypicalBiopsyHighRiskFlag"/>
      </expression>
    </dynamicValue>
    <dynamicValue>
      <path value="code.coding[0]"/>
      <expression>
        <language value="text/cql-identifier"/>
        <expression value="ACSMriAtypicalBiopsyHighRiskCode"/>
      </expression>
    </dynamicValue>
    <dynamicValue>
      <path value="reasonCode[0].coding[0]"/>
      <expression>
        <language value="text/cql-identifier"/>
        <expression value="ACSMriAtypicalBiopsyHighRiskReason"/>
      </expression>
    </dynamicValue>
    <dynamicValue>
      <path value="occurrenceDateTime"/>
      <expression>
        <language value="text/cql-identifier"/>
        <expression value="ACSMriAtypicalBiopsyHighRiskTimingEvent"/>
      </expression>
    </dynamicValue>
  </action>
</PlanDefinition>