<?xml version="1.0" encoding="UTF-8"?><CodeSystem xmlns="http://hl7.org/fhir"><id value="biopsy-result-observation-code-system"/><text><status value="generated"/><div xmlns="http://www.w3.org/1999/xhtml"><p class="res-header-id"><b>Generated Narrative: CodeSystem biopsy-result-observation-code-system</b></p><a name="biopsy-result-observation-code-system"> </a><a name="hcbiopsy-result-observation-code-system"> </a><a name="biopsy-result-observation-code-system-en-US"> </a><p>This  code system <code>http://cancerscreeningcds.github.io/bcsm-cds/CodeSystem/biopsy-result-observation-code-system</code> defines the following codes:</p><table class="codes"><tr><td style="white-space:nowrap"><b>Code</b></td><td><b>Display</b></td><td><b>Definition</b></td></tr><tr><td style="white-space:nowrap">Negative<a name="biopsy-result-observation-code-system-Negative"> </a></td><td>Normal breast tissue</td><td/></tr><tr><td style="white-space:nowrap">Benign<a name="biopsy-result-observation-code-system-Benign"> </a></td><td>Benign breast finding</td><td>Benign findings, excluding ADH, LCIS or ALH</td></tr><tr><td style="white-space:nowrap">Atypical<a name="biopsy-result-observation-code-system-Atypical"> </a></td><td>Atypical breast finding</td><td>Includes atypical ductal hyperplasia (ADH) and lobular neoplasia (lobular carcinoma in situ [LCIS]/atypical lobular hyperplasia [ALH]</td></tr><tr><td style="white-space:nowrap">Malignant<a name="biopsy-result-observation-code-system-Malignant"> </a></td><td>Malignant breast finding</td><td>Invasive or non-invasive breast malignancy</td></tr><tr><td style="white-space:nowrap">Indeterminate<a name="biopsy-result-observation-code-system-Indeterminate"> </a></td><td>Indeterminate breast finding</td><td/></tr><tr><td style="white-space:nowrap">Discordant<a name="biopsy-result-observation-code-system-Discordant"> </a></td><td>Discordant breast finding</td><td/></tr></table></div></text><url value="http://cancerscreeningcds.github.io/bcsm-cds/CodeSystem/biopsy-result-observation-code-system"/><version value="1.0.0"/><name value="BiopsyResultObservationCodeSystem"/><title value="Biopsy Result Observation Code System"/><status value="draft"/><experimental value="true"/><date value="2025-02-28T23:16:14+00:00"/><publisher value="MITRE"/><contact><name value="MITRE"/><telecom><system value="url"/><value value="https://www.mitre.org/"/></telecom></contact><description value="Code representing breast cancer biopsy result observations"/><content value="complete"/><count value="6"/><concept><code value="Negative"/><display value="Normal breast tissue"/></concept><concept><code value="Benign"/><display value="Benign breast finding"/><definition value="Benign findings, excluding ADH, LCIS or ALH"/></concept><concept><code value="Atypical"/><display value="Atypical breast finding"/><definition value="Includes atypical ductal hyperplasia (ADH) and lobular neoplasia (lobular carcinoma in situ [LCIS]/atypical lobular hyperplasia [ALH]"/></concept><concept><code value="Malignant"/><display value="Malignant breast finding"/><definition value="Invasive or non-invasive breast malignancy"/></concept><concept><code value="Indeterminate"/><display value="Indeterminate breast finding"/></concept><concept><code value="Discordant"/><display value="Discordant breast finding"/></concept></CodeSystem>