<?xml version="1.0" encoding="UTF-8"?><CodeSystem xmlns="http://hl7.org/fhir"><id value="plan-definition-action-code-system"/><text><status value="generated"/><div xmlns="http://www.w3.org/1999/xhtml"><p class="res-header-id"><b>Generated Narrative: CodeSystem plan-definition-action-code-system</b></p><a name="plan-definition-action-code-system"> </a><a name="hcplan-definition-action-code-system"> </a><a name="plan-definition-action-code-system-en-US"> </a><p>This  code system <code>http://cancerscreeningcds.github.io/bcsm-cds/CodeSystem/plan-definition-action-code-system</code> defines the following codes:</p><table class="codes"><tr><td style="white-space:nowrap"><b>Code</b></td><td><b>Display</b></td></tr><tr><td style="white-space:nowrap">eligible<a name="plan-definition-action-code-system-eligible"> </a></td><td>Eligible for screening</td></tr><tr><td style="white-space:nowrap">noteligible<a name="plan-definition-action-code-system-noteligible"> </a></td><td>Not eligible for screening</td></tr><tr><td style="white-space:nowrap">diagtesting<a name="plan-definition-action-code-system-diagtesting"> </a></td><td>Diagnostic testing</td></tr><tr><td style="white-space:nowrap">error<a name="plan-definition-action-code-system-error"> </a></td><td>An error occurred</td></tr><tr><td style="white-space:nowrap">missingresultcode<a name="plan-definition-action-code-system-missingresultcode"> </a></td><td>A laboratory test was found without a result</td></tr><tr><td style="white-space:nowrap">unknownresultcode<a name="plan-definition-action-code-system-unknownresultcode"> </a></td><td>A laboratory test was found with an unexpected result code</td></tr><tr><td style="white-space:nowrap">sdmcontinue<a name="plan-definition-action-code-system-sdmcontinue"> </a></td><td>Shared decision making to continue screening</td></tr><tr><td style="white-space:nowrap">sdmdelay<a name="plan-definition-action-code-system-sdmdelay"> </a></td><td>Shared decision making to delay screening</td></tr><tr><td style="white-space:nowrap">specialtyreferral<a name="plan-definition-action-code-system-specialtyreferral"> </a></td><td>Refer to specialist recommendations</td></tr><tr><td style="white-space:nowrap">determinenextdue<a name="plan-definition-action-code-system-determinenextdue"> </a></td><td>Determine next due date</td></tr><tr><td style="white-space:nowrap">lifetimeriskassessment<a name="plan-definition-action-code-system-lifetimeriskassessment"> </a></td><td>Lifetime risk assessment</td></tr><tr><td style="white-space:nowrap">familialriskassessment<a name="plan-definition-action-code-system-familialriskassessment"> </a></td><td>Familial risk assessment</td></tr><tr><td style="white-space:nowrap">fhxrisktool<a name="plan-definition-action-code-system-fhxrisktool"> </a></td><td>Brief familial risk assessment tool</td></tr><tr><td style="white-space:nowrap">fhxriskassess<a name="plan-definition-action-code-system-fhxriskassess"> </a></td><td>Informal familial risk assessment</td></tr><tr><td style="white-space:nowrap">estlifexpectancy<a name="plan-definition-action-code-system-estlifexpectancy"> </a></td><td>Consider life expectancy</td></tr><tr><td style="white-space:nowrap">geneticriskreferral<a name="plan-definition-action-code-system-geneticriskreferral"> </a></td><td>Genetic risk referral</td></tr><tr><td style="white-space:nowrap">5yriskassessment<a name="plan-definition-action-code-system-5yriskassessment"> </a></td><td>5 year risk assessment</td></tr><tr><td style="white-space:nowrap">highriskreferral<a name="plan-definition-action-code-system-highriskreferral"> </a></td><td>High risk referral</td></tr><tr><td style="white-space:nowrap">breastbiopsy<a name="plan-definition-action-code-system-breastbiopsy"> </a></td><td>Breast biopsy</td></tr><tr><td style="white-space:nowrap">surgicalreferral<a name="plan-definition-action-code-system-surgicalreferral"> </a></td><td>Breast surgeon referral</td></tr><tr><td style="white-space:nowrap">oncreferral<a name="plan-definition-action-code-system-oncreferral"> </a></td><td>Oncologic referral</td></tr></table></div></text><url value="http://cancerscreeningcds.github.io/bcsm-cds/CodeSystem/plan-definition-action-code-system"/><version value="1.0.0"/><name value="PlanDefinitionActionCodeSystem"/><title value="Plan Definition Action Code System"/><status value="draft"/><experimental value="true"/><date value="2025-02-28T23:16:14+00:00"/><publisher value="MITRE"/><contact><name value="MITRE"/><telecom><system value="url"/><value value="https://www.mitre.org/"/></telecom></contact><description value="Code representing plan definition action codes"/><content value="complete"/><count value="21"/><concept><code value="eligible"/><display value="Eligible for screening"/><designation><use><system value="http://terminology.hl7.org/CodeSystem/designation-usage"/><code value="display"/></use><value value="Eligible for screening"/></designation></concept><concept><code value="noteligible"/><display value="Not eligible for screening"/><designation><use><system value="http://terminology.hl7.org/CodeSystem/designation-usage"/><code value="display"/></use><value value="Not eligible for screening"/></designation></concept><concept><code value="diagtesting"/><display value="Diagnostic testing"/><designation><use><system value="http://terminology.hl7.org/CodeSystem/designation-usage"/><code value="display"/></use><value value="Diagnostic testing"/></designation></concept><concept><code value="error"/><display value="An error occurred"/><designation><use><system value="http://terminology.hl7.org/CodeSystem/designation-usage"/><code value="display"/></use><value value="An error occurred"/></designation></concept><concept><code value="missingresultcode"/><display value="A laboratory test was found without a result"/><designation><use><system value="http://terminology.hl7.org/CodeSystem/designation-usage"/><code value="display"/></use><value value="A laboratory test was found without a result"/></designation></concept><concept><code value="unknownresultcode"/><display value="A laboratory test was found with an unexpected result code"/><designation><use><system value="http://terminology.hl7.org/CodeSystem/designation-usage"/><code value="display"/></use><value value="A laboratory test was found with an unexpected result code"/></designation></concept><concept><code value="sdmcontinue"/><display value="Shared decision making to continue screening"/><designation><use><system value="http://terminology.hl7.org/CodeSystem/designation-usage"/><code value="display"/></use><value value="Shared decision making to continue screening"/></designation></concept><concept><code value="sdmdelay"/><display value="Shared decision making to delay screening"/><designation><use><system value="http://terminology.hl7.org/CodeSystem/designation-usage"/><code value="display"/></use><value value="Shared decision making to delay screening"/></designation></concept><concept><code value="specialtyreferral"/><display value="Refer to specialist recommendations"/><designation><use><system value="http://terminology.hl7.org/CodeSystem/designation-usage"/><code value="display"/></use><value value="Refer to specialist recommendations"/></designation></concept><concept><code value="determinenextdue"/><display value="Determine next due date"/><designation><use><system value="http://terminology.hl7.org/CodeSystem/designation-usage"/><code value="display"/></use><value value="Determine next due date"/></designation></concept><concept><code value="lifetimeriskassessment"/><display value="Lifetime risk assessment"/><designation><use><system value="http://terminology.hl7.org/CodeSystem/designation-usage"/><code value="display"/></use><value value="Lifetime risk assessment"/></designation></concept><concept><code value="familialriskassessment"/><display value="Familial risk assessment"/><designation><use><system value="http://terminology.hl7.org/CodeSystem/designation-usage"/><code value="display"/></use><value value="Familial risk assessment"/></designation></concept><concept><code value="fhxrisktool"/><display value="Brief familial risk assessment tool"/><designation><use><system value="http://terminology.hl7.org/CodeSystem/designation-usage"/><code value="display"/></use><value value="Brief familial risk assessment tool"/></designation></concept><concept><code value="fhxriskassess"/><display value="Informal familial risk assessment"/><designation><use><system value="http://terminology.hl7.org/CodeSystem/designation-usage"/><code value="display"/></use><value value="Informal familial risk assessment"/></designation></concept><concept><code value="estlifexpectancy"/><display value="Consider life expectancy"/><designation><use><system value="http://terminology.hl7.org/CodeSystem/designation-usage"/><code value="display"/></use><value value="Consider life expectancy"/></designation></concept><concept><code value="geneticriskreferral"/><display value="Genetic risk referral"/><designation><use><system value="http://terminology.hl7.org/CodeSystem/designation-usage"/><code value="display"/></use><value value="Genetic risk referral"/></designation></concept><concept><code value="5yriskassessment"/><display value="5 year risk assessment"/><designation><use><system value="http://terminology.hl7.org/CodeSystem/designation-usage"/><code value="display"/></use><value value="5 year risk assessment"/></designation></concept><concept><code value="highriskreferral"/><display value="High risk referral"/><designation><use><system value="http://terminology.hl7.org/CodeSystem/designation-usage"/><code value="display"/></use><value value="High risk referral"/></designation></concept><concept><code value="breastbiopsy"/><display value="Breast biopsy"/><designation><use><system value="http://terminology.hl7.org/CodeSystem/designation-usage"/><code value="display"/></use><value value="Breast biopsy"/></designation></concept><concept><code value="surgicalreferral"/><display value="Breast surgeon referral"/><designation><use><system value="http://terminology.hl7.org/CodeSystem/designation-usage"/><code value="display"/></use><value value="Breast surgeon referral"/></designation></concept><concept><code value="oncreferral"/><display value="Oncologic referral"/><designation><use><system value="http://terminology.hl7.org/CodeSystem/designation-usage"/><code value="display"/></use><value value="Oncologic referral"/></designation></concept></CodeSystem>