<?xml version="1.0" encoding="UTF-8"?><PlanDefinition xmlns="http://hl7.org/fhir"><id value="flow-SpecialPopulations"/><meta><profile value="http://hl7.org/fhir/uv/cpg/StructureDefinition/cpg-computableplandefinition"/></meta><extension url="http://hl7.org/fhir/uv/cpg/StructureDefinition/cpg-knowledgeCapability"><valueCode value="executable"/></extension><extension url="http://hl7.org/fhir/uv/cpg/StructureDefinition/cpg-knowledgeRepresentationLevel"><valueCode value="structured"/></extension><url value="http://cancerscreeningcds.github.io/bcsm-cds/PlanDefinition/flow-SpecialPopulations"/><version value="1.0.0"/><name value="flow-SpecialPopulations"/><title value="Special Populations"/><type><coding><system value="http://terminology.hl7.org/CodeSystem/plan-definition-type"/><code value="eca-rule"/></coding></type><status value="draft"/><experimental value="true"/><date value="2024-10-22"/><publisher value="MITRE"/><contact><name value="MITRE"/><telecom><system value="url"/><value value="https://www.mitre.org/"/></telecom></contact><description value="Patient population that have been identified as higher than average risk or otherwise requiring specific consideration within a particular guideline. &#xA;&#xA;Provides criteria to determine age to start, screening modality, and screening interval for these populations of patients."/><copyright value="(C) 2024 The MITRE Corporation. All Rights Reserved. Approved for Public Release: 24-2711. Distribution Unlimited. Unless otherwise noted, this work is available under an Apache 2.0 license. It was produced by the MITRE Corporation for the Division of Cancer Prevention and Control, Centers for Disease Control and Prevention in accordance with the Statement of Work, contract number 75FCMC18D0047, task order number 75D30123F17931."/><approvalDate value="2024-10-22"/><lastReviewDate value="2024-10-22"/><author><name value="The Health FFRDC, operated by The MITRE Corporation, in support of the Division of Cancer Prevention and Control, Centers for Disease Control and Prevention."/></author><editor><name value="Division of Cancer Prevention and Control, Centers for Disease Control and Prevention"/></editor><reviewer><name value="Division of Cancer Prevention and Control, Centers for Disease Control and Prevention"/></reviewer><endorser><name value="Division of Cancer Prevention and Control, Centers for Disease Control and Prevention"/></endorser><library value="Library/SpecialPopulations|1.0.0"/><action id="ACSMammoHighRisk"><title value="Annual screening mammogram starting age 30"/><description value="An annual screening mammogram starting at age 30 is recommended.&#xA;&#xA;Women who are at higher than average risk for breast cancer based on certain risk factors should get a mammogram every year, typically starting at age 30."/><documentation><type value="citation"/><label value="ACS"/><display value="American Cancer Society Recommendations for the Early Detection of Breast Cancer"/><url value="https://www.cancer.org/cancer/types/breast-cancer/screening-tests-and-early-detection/american-cancer-society-recommendations-for-the-early-detection-of-breast-cancer.html"/><document><url value="https://www.cancer.org/cancer/types/breast-cancer/screening-tests-and-early-detection/american-cancer-society-recommendations-for-the-early-detection-of-breast-cancer.html"/></document></documentation><condition><kind value="applicability"/><expression><language value="text/cql-identifier"/><expression value="ExistsACSMammoHighRisk"/></expression></condition><definitionCanonical value="http://cancerscreeningcds.github.io/bcsm-cds/ActivityDefinition/BreastCancerScreeningServiceRequest|1.0.0"/><dynamicValue><path value="%action.code[0].coding[0]"/><expression><language value="text/cql-identifier"/><expression value="ACSMammoHighRiskCode"/></expression></dynamicValue><dynamicValue><path value="%action.timingTiming"/><expression><language value="text/cql-identifier"/><expression value="ACSMammoHighRiskTiming"/></expression></dynamicValue><dynamicValue><path value="%action.extension"/><expression><language value="text/cql-identifier"/><expression value="ACSMammoHighRiskFlag"/></expression></dynamicValue><dynamicValue><path value="code.coding[0]"/><expression><language value="text/cql-identifier"/><expression value="ACSMammoHighRiskCode"/></expression></dynamicValue><dynamicValue><path value="reasonCode[0].coding[0]"/><expression><language value="text/cql-identifier"/><expression value="ACSMammoHighRiskReason"/></expression></dynamicValue><dynamicValue><path value="occurrenceDateTime"/><expression><language value="text/cql-identifier"/><expression value="ACSMammoHighRiskTimingEvent"/></expression></dynamicValue></action><action id="ACSMriHighRisk"><title value="Annual screening MRI starting age 30"/><description value="An annual screening MRI starting at age 30 is recommended.&#xA;&#xA;Women who are at higher than average risk for breast cancer based on certain risk factors should get a breast MRI every year, typically starting at age 30."/><documentation><type value="citation"/><label value="ACS"/><display value="American Cancer Society Guidelines for Breast Screening with MRI as an Adjunct to Mammography"/><citation value="Oeffinger KC, Fontham ETH, Etzioni R, et al. Breast Cancer Screening for Women at Average Risk: 2015 Guideline Update From the American Cancer Society. JAMA. 2015;314(15):1599–1614."/><url value="https://acsjournals.onlinelibrary.wiley.com/doi/full/10.3322/canjclin.57.2.75"/><document><url value="https://acsjournals.onlinelibrary.wiley.com/doi/full/10.3322/canjclin.57.2.75"/></document></documentation><condition><kind value="applicability"/><expression><language value="text/cql-identifier"/><expression value="ExistsACSMriHighRisk"/></expression></condition><definitionCanonical value="http://cancerscreeningcds.github.io/bcsm-cds/ActivityDefinition/BreastCancerScreeningServiceRequest|1.0.0"/><dynamicValue><path value="%action.code[0].coding[0]"/><expression><language value="text/cql-identifier"/><expression value="ACSMriHighRiskCode"/></expression></dynamicValue><dynamicValue><path value="%action.timingTiming"/><expression><language value="text/cql-identifier"/><expression value="ACSMriHighRiskTiming"/></expression></dynamicValue><dynamicValue><path value="%action.extension"/><expression><language value="text/cql-identifier"/><expression value="ACSMriHighRiskFlag"/></expression></dynamicValue><dynamicValue><path value="code.coding[0]"/><expression><language value="text/cql-identifier"/><expression value="ACSMriHighRiskCode"/></expression></dynamicValue><dynamicValue><path value="reasonCode[0].coding[0]"/><expression><language value="text/cql-identifier"/><expression value="ACSMriHighRiskReason"/></expression></dynamicValue><dynamicValue><path value="occurrenceDateTime"/><expression><language value="text/cql-identifier"/><expression value="ACSMriHighRiskTimingEvent"/></expression></dynamicValue></action><action id="ACSFirstDegGeneticMammo"><title value="Annual screening mammo starting age 30"/><description value="An annual screening mammogram starting at age 30 is recommended.&#xA;&#xA;Women who are at higher than average risk for breast cancer based on certain risk factors should get a mammogram every year, typically starting at age 30."/><documentation><type value="citation"/><label value="ACS"/><display value="American Cancer Society Recommendations for the Early Detection of Breast Cancer"/><url value="https://www.cancer.org/cancer/types/breast-cancer/screening-tests-and-early-detection/american-cancer-society-recommendations-for-the-early-detection-of-breast-cancer.html"/><document><url value="https://www.cancer.org/cancer/types/breast-cancer/screening-tests-and-early-detection/american-cancer-society-recommendations-for-the-early-detection-of-breast-cancer.html"/></document></documentation><condition><kind value="applicability"/><expression><language value="text/cql-identifier"/><expression value="ExistsACSFirstDegGeneticMammo"/></expression></condition><definitionCanonical value="http://cancerscreeningcds.github.io/bcsm-cds/ActivityDefinition/BreastCancerScreeningServiceRequest|1.0.0"/><dynamicValue><path value="%action.code[0].coding[0]"/><expression><language value="text/cql-identifier"/><expression value="ACSFirstDegGeneticMammoCode"/></expression></dynamicValue><dynamicValue><path value="%action.timingTiming"/><expression><language value="text/cql-identifier"/><expression value="ACSFirstDegGeneticMammoTiming"/></expression></dynamicValue><dynamicValue><path value="%action.extension"/><expression><language value="text/cql-identifier"/><expression value="ACSFirstDegGeneticMammoFlag"/></expression></dynamicValue><dynamicValue><path value="code.coding[0]"/><expression><language value="text/cql-identifier"/><expression value="ACSFirstDegGeneticMammoCode"/></expression></dynamicValue><dynamicValue><path value="reasonCode[0].coding[0]"/><expression><language value="text/cql-identifier"/><expression value="ACSFirstDegGeneticMammoReason"/></expression></dynamicValue><dynamicValue><path value="occurrenceDateTime"/><expression><language value="text/cql-identifier"/><expression value="ACSFirstDegGeneticMammoTimingEvent"/></expression></dynamicValue></action><action id="ACSFirstDegGeneticMri"><title value="Annual screening MRI starting age 30"/><description value="An annual screening MRI starting at age 30 is recommended.&#xA;&#xA;Women who are at higher than average risk for breast cancer based on certain risk factors should get a breast MRI every year, typically starting at age 30."/><documentation><type value="citation"/><label value="ACS"/><display value="American Cancer Society Guidelines for Breast Screening with MRI as an Adjunct to Mammography"/><citation value="Oeffinger KC, Fontham ETH, Etzioni R, et al. Breast Cancer Screening for Women at Average Risk: 2015 Guideline Update From the American Cancer Society. JAMA. 2015;314(15):1599–1614."/><url value="https://acsjournals.onlinelibrary.wiley.com/doi/full/10.3322/canjclin.57.2.75"/><document><url value="https://acsjournals.onlinelibrary.wiley.com/doi/full/10.3322/canjclin.57.2.75"/></document></documentation><condition><kind value="applicability"/><expression><language value="text/cql-identifier"/><expression value="ExistsACSFirstDegGeneticMri"/></expression></condition><definitionCanonical value="http://cancerscreeningcds.github.io/bcsm-cds/ActivityDefinition/BreastCancerScreeningServiceRequest|1.0.0"/><dynamicValue><path value="%action.code[0].coding[0]"/><expression><language value="text/cql-identifier"/><expression value="ACSFirstDegGeneticMriCode"/></expression></dynamicValue><dynamicValue><path value="%action.timingTiming"/><expression><language value="text/cql-identifier"/><expression value="ACSFirstDegGeneticMriTiming"/></expression></dynamicValue><dynamicValue><path value="%action.extension"/><expression><language value="text/cql-identifier"/><expression value="ACSFirstDegGeneticMriFlag"/></expression></dynamicValue><dynamicValue><path value="code.coding[0]"/><expression><language value="text/cql-identifier"/><expression value="ACSFirstDegGeneticMriCode"/></expression></dynamicValue><dynamicValue><path value="reasonCode[0].coding[0]"/><expression><language value="text/cql-identifier"/><expression value="ACSFirstDegGeneticMriReason"/></expression></dynamicValue><dynamicValue><path value="occurrenceDateTime"/><expression><language value="text/cql-identifier"/><expression value="ACSFirstDegGeneticMriTimingEvent"/></expression></dynamicValue></action><action id="BreastImagingHeterogenouslyOrExtremelyDense"><title value="Perform lifetime risk assessment"/><description value="Consider performing assessment of lifetime risk, as defined by models largely dependent on family history.&#xA;&#xA;If estimated lifetime risk is &gt;20%, based on informal assessment or assessment using validated risk model, then patient is eligible for annual screening mammogram starting at age 30 and supplemental screening with annual screening MRI. Otherwise, patient can be offered annual screening mammogram starting at age 40.&#xA;&#xA;Validated tools include BRCAPRO, Claus, BOADICEA [Breast and Ovarian Analysis of Disease Incidence and Carrier Estimation Algorithm], and Tyrer-Cuzick."/><documentation><type value="citation"/><label value="ACS"/><display value="American Cancer Society Recommendations for the Early Detection of Breast Cancer"/><url value="https://www.cancer.org/cancer/types/breast-cancer/screening-tests-and-early-detection/american-cancer-society-recommendations-for-the-early-detection-of-breast-cancer.html"/><document><url value="https://www.cancer.org/cancer/types/breast-cancer/screening-tests-and-early-detection/american-cancer-society-recommendations-for-the-early-detection-of-breast-cancer.html"/></document></documentation><condition><kind value="applicability"/><expression><language value="text/cql-identifier"/><expression value="ExistsBreastImagingHeterogenouslyOrExtremelyDense"/></expression></condition><definitionCanonical value="http://cancerscreeningcds.github.io/bcsm-cds/ActivityDefinition/BreastCancerScreeningServiceRequest|1.0.0"/><dynamicValue><path value="reasonCode[0].coding[0]"/><expression><language value="text/cql-identifier"/><expression value="BreastImagingHeterogenouslyOrExtremelyDenseReason"/></expression></dynamicValue></action><action id="CompellingFamilyHistory"><title value="Perform lifetime risk assessment"/><description value="Consider performing assessment of lifetime risk, as defined by models largely dependent on family history.&#xA;&#xA;If estimated lifetime risk is &gt;20%, based on informal assessment or assessment using validated risk model, then patient is eligible for annual screening mammogram starting at age 30 and supplemental screening with annual screening MRI. Otherwise, patient can be offered annual screening mammogram starting at age 40.&#xA;&#xA;Validated tools include BRCAPRO, Claus, BOADICEA [Breast and Ovarian Analysis of Disease Incidence and Carrier Estimation Algorithm], and Tyrer-Cuzick."/><documentation><type value="citation"/><label value="ACS"/><display value="American Cancer Society Recommendations for the Early Detection of Breast Cancer"/><url value="https://www.cancer.org/cancer/types/breast-cancer/screening-tests-and-early-detection/american-cancer-society-recommendations-for-the-early-detection-of-breast-cancer.html"/><document><url value="https://www.cancer.org/cancer/types/breast-cancer/screening-tests-and-early-detection/american-cancer-society-recommendations-for-the-early-detection-of-breast-cancer.html"/></document></documentation><condition><kind value="applicability"/><expression><language value="text/cql-identifier"/><expression value="ExistsCompellingFamilyHistory"/></expression></condition><definitionCanonical value="http://cancerscreeningcds.github.io/bcsm-cds/ActivityDefinition/BreastCancerScreeningServiceRequest|1.0.0"/><dynamicValue><path value="%action.code[0].coding[0]"/><expression><language value="text/cql-identifier"/><expression value="CompellingFamilyHistoryCode"/></expression></dynamicValue><dynamicValue><path value="code.coding[0]"/><expression><language value="text/cql-identifier"/><expression value="CompellingFamilyHistoryCode"/></expression></dynamicValue><dynamicValue><path value="reasonCode[0].coding[0]"/><expression><language value="text/cql-identifier"/><expression value="CompellingFamilyHistoryReason"/></expression></dynamicValue></action><action id="USPSTFRecommendation"><title value="Biennial screening mammo starting age 40"/><description value="Biennial screening mammogram starting at age 40"/><documentation><type value="citation"/><label value="USPSTF"/><display value="Screening for Breast Cancer: US Preventive Services Task Force Recommendation Statement"/><citation value="US Preventive Services Task Force. Screening for Breast Cancer: US Preventive Services Task Force Recommendation Statement. JAMA. Published online April 30, 2024."/><url value="https://www.uspreventiveservicestaskforce.org/uspstf/recommendation/breast-cancer-screening"/><document><url value="https://www.uspreventiveservicestaskforce.org/uspstf/recommendation/breast-cancer-screening"/></document></documentation><condition><kind value="applicability"/><expression><language value="text/cql-identifier"/><expression value="ExistsUSPSTFRecommendation"/></expression></condition><definitionCanonical value="http://cancerscreeningcds.github.io/bcsm-cds/ActivityDefinition/BreastCancerScreeningServiceRequest|1.0.0"/><dynamicValue><path value="%action.code[0].coding[0]"/><expression><language value="text/cql-identifier"/><expression value="USPSTFRecommendationCode"/></expression></dynamicValue><dynamicValue><path value="%action.timingTiming"/><expression><language value="text/cql-identifier"/><expression value="USPSTFRecommendationTiming"/></expression></dynamicValue><dynamicValue><path value="%action.extension"/><expression><language value="text/cql-identifier"/><expression value="USPSTFRecommendationFlag"/></expression></dynamicValue><dynamicValue><path value="code.coding[0]"/><expression><language value="text/cql-identifier"/><expression value="USPSTFRecommendationCode"/></expression></dynamicValue><dynamicValue><path value="reasonCode[0].coding[0]"/><expression><language value="text/cql-identifier"/><expression value="USPSTFRecommendationReason"/></expression></dynamicValue><dynamicValue><path value="occurrenceDateTime"/><expression><language value="text/cql-identifier"/><expression value="USPSTFRecommendationTimingEvent"/></expression></dynamicValue></action></PlanDefinition>