{
  "resourceType" : "Bundle",
  "id" : "GeneticRiskReferral_PatriciaLambert_remission_lt_5_years",
  "type" : "collection",
  "entry" : [{
    "fullUrl" : "http://cancerscreeningcds.github.io/bcsm-cds/CarePlan/386",
    "resource" : {
      "resourceType" : "CarePlan",
      "id" : "386",
      "text" : {
        "status" : "generated",
        "div" : "<div xmlns=\"http://www.w3.org/1999/xhtml\"><a name=\"CarePlan_386\"> </a><p class=\"res-header-id\"><b>Generated Narrative: CarePlan 386</b></p><a name=\"386\"> </a><a name=\"hc386\"> </a><a name=\"386-en-US\"> </a><p><b>instantiatesCanonical</b>: <a href=\"PlanDefinition-flow-GeneticRiskReferral.html\">Genetic Risk Referral</a></p><p><b>status</b>: Draft</p><p><b>intent</b>: Proposal</p><p><b>subject</b>: <a href=\"Bundle-PatriciaLambert_remission_lt_5_years.html#Patient_PatriciaLambert\">Patricia49 Lambert23</a></p><p><b>created</b>: 2024-12-10 00:00:00+0000</p><h3>Activities</h3><table class=\"grid\"><tr><td style=\"display: none\">-</td><td><b>Reference</b></td></tr><tr><td style=\"display: none\">*</td><td><a href=\"Bundle-GeneticRiskReferral_PatriciaLambert_remission_lt_5_years.html#RequestGroup_387\">Bundle: type = collection</a></td></tr></table></div>"
      },
      "instantiatesCanonical" : ["http://cancerscreeningcds.github.io/bcsm-cds/PlanDefinition/flow-GeneticRiskReferral"],
      "status" : "draft",
      "intent" : "proposal",
      "subject" : {
        "reference" : "Patient/PatriciaLambert",
        "display" : "Patricia49 Lambert23"
      },
      "created" : "2024-12-10T00:00:00.0Z",
      "activity" : [{
        "reference" : {
          "reference" : "RequestGroup/387"
        }
      }]
    }
  },
  {
    "fullUrl" : "http://cancerscreeningcds.github.io/bcsm-cds/RequestGroup/387",
    "resource" : {
      "resourceType" : "RequestGroup",
      "id" : "387",
      "text" : {
        "status" : "generated",
        "div" : "<div xmlns=\"http://www.w3.org/1999/xhtml\"><a name=\"RequestGroup_387\"> </a><p class=\"res-header-id\"><b>Generated Narrative: RequestGroup 387</b></p><a name=\"387\"> </a><a name=\"hc387\"> </a><a name=\"387-en-US\"> </a><p><b>instantiatesCanonical</b>: <a href=\"PlanDefinition-flow-GeneticRiskReferral.html\">Genetic Risk Referral</a></p><p><b>status</b>: Draft</p><p><b>intent</b>: Proposal</p><p><b>subject</b>: <a href=\"Bundle-PatriciaLambert_remission_lt_5_years.html#Patient_PatriciaLambert\">Patricia49 Lambert23</a></p></div>"
      },
      "instantiatesCanonical" : ["http://cancerscreeningcds.github.io/bcsm-cds/PlanDefinition/flow-GeneticRiskReferral"],
      "status" : "draft",
      "intent" : "proposal",
      "subject" : {
        "reference" : "Patient/PatriciaLambert",
        "display" : "Patricia49 Lambert23"
      }
    }
  }]
}