{
  "resourceType" : "Bundle",
  "id" : "eve-biopsyresult_malignant_act-oncreferral",
  "type" : "collection",
  "entry" : [{
    "resource" : {
      "resourceType" : "Patient",
      "id" : "defaultPatient",
      "text" : {
        "status" : "generated",
        "div" : "<div xmlns=\"http://www.w3.org/1999/xhtml\"><a name=\"Patient_defaultPatient\"> </a><p class=\"res-header-id\"><b>Generated Narrative: Patient defaultPatient</b></p><a name=\"defaultPatient\"> </a><a name=\"hcdefaultPatient\"> </a><a name=\"defaultPatient-en-US\"> </a><p style=\"border: 1px #661aff solid; background-color: #e6e6ff; padding: 10px;\">Jane Doe  Female, DoB: 1981-01-01</p><hr/></div>"
      },
      "name" : [{
        "family" : "Doe",
        "given" : ["Jane"]
      }],
      "gender" : "female",
      "birthDate" : "1981-01-01"
    }
  },
  {
    "resource" : {
      "resourceType" : "DiagnosticReport",
      "id" : "f5d8014b-ea0e-47d8-ab72-8d11a5cebad1",
      "text" : {
        "status" : "generated",
        "div" : "<div xmlns=\"http://www.w3.org/1999/xhtml\"><a name=\"DiagnosticReport_f5d8014b-ea0e-47d8-ab72-8d11a5cebad1\"> </a><p class=\"res-header-id\"><b>Generated Narrative: DiagnosticReport f5d8014b-ea0e-47d8-ab72-8d11a5cebad1</b></p><a name=\"f5d8014b-ea0e-47d8-ab72-8d11a5cebad1\"> </a><a name=\"hcf5d8014b-ea0e-47d8-ab72-8d11a5cebad1\"> </a><a name=\"f5d8014b-ea0e-47d8-ab72-8d11a5cebad1-en-US\"> </a><h2><span title=\"Codes:{http://loinc.org 66110-8}\">Biopsy Report</span> </h2><table class=\"grid\"><tr><td>Subject</td><td>Not done yet</td></tr><tr><td>When For</td><td>2024-10-01 10:00:00+0000</td></tr></table><p><b>Report Details</b></p></div>"
      },
      "basedOn" : [{
        "reference" : "ServiceRequest/order-1"
      }],
      "status" : "final",
      "code" : {
        "coding" : [{
          "system" : "http://loinc.org",
          "code" : "66110-8",
          "display" : "Biopsy Report"
        }]
      },
      "subject" : {
        "reference" : "Patient/defaultPatient"
      },
      "effectiveDateTime" : "2024-10-01T10:00:00.000Z"
    }
  },
  {
    "resource" : {
      "resourceType" : "Observation",
      "id" : "40def085-e40b-43ac-90f0-e72871496b3e",
      "text" : {
        "status" : "generated",
        "div" : "<div xmlns=\"http://www.w3.org/1999/xhtml\"><a name=\"Observation_40def085-e40b-43ac-90f0-e72871496b3e\"> </a><p class=\"res-header-id\"><b>Generated Narrative: Observation 40def085-e40b-43ac-90f0-e72871496b3e</b></p><a name=\"40def085-e40b-43ac-90f0-e72871496b3e\"> </a><a name=\"hc40def085-e40b-43ac-90f0-e72871496b3e\"> </a><a name=\"40def085-e40b-43ac-90f0-e72871496b3e-en-US\"> </a><p><b>basedOn</b>: <a href=\"ServiceRequest/order-1\">ServiceRequest/order-1</a></p><p><b>status</b>: Final</p><p><b>code</b>: <span title=\"Codes:{http://loinc.org 66110-8}\">Biopsy Report</span></p><p><b>subject</b>: <a href=\"Bundle-eve-Age45to54_act-acsavgrecs45_act-uspstfavgrecs.html#Patient_defaultPatient\">Bundle: type = collection</a></p><p><b>value</b>: <span title=\"Codes:{http://cancerscreeningcds.github.io/bcsm-cds/CodeSystem/biopsy-result-observation-code-system Malignant}\">Malignant breast finding</span></p></div>"
      },
      "basedOn" : [{
        "reference" : "ServiceRequest/order-1"
      }],
      "status" : "final",
      "code" : {
        "coding" : [{
          "system" : "http://loinc.org",
          "code" : "66110-8",
          "display" : "Biopsy Report"
        }]
      },
      "subject" : {
        "reference" : "Patient/defaultPatient"
      },
      "valueCodeableConcept" : {
        "coding" : [{
          "system" : "http://cancerscreeningcds.github.io/bcsm-cds/CodeSystem/biopsy-result-observation-code-system",
          "code" : "Malignant"
        }]
      }
    }
  }]
}