<?xml version="1.0" encoding="UTF-8"?>

<Bundle xmlns="http://hl7.org/fhir">
  <id value="eve-breastdensitycord_act-performriskassessment"/>
  <type value="collection"/>
  <entry>
    <resource>
      <Patient>
        <id value="defaultPatient"/>
        <text>
          <status value="generated"/><div xmlns="http://www.w3.org/1999/xhtml"><a name="Patient_defaultPatient"> </a><p class="res-header-id"><b>Generated Narrative: Patient defaultPatient</b></p><a name="defaultPatient"> </a><a name="hcdefaultPatient"> </a><a name="defaultPatient-en-US"> </a><p style="border: 1px #661aff solid; background-color: #e6e6ff; padding: 10px;">Jane Doe  Female, DoB: 1981-01-01</p><hr/></div>
        </text>
        <name>
          <family value="Doe"/>
          <given value="Jane"/>
        </name>
        <gender value="female"/>
        <birthDate value="1981-01-01"/>
      </Patient>
    </resource>
  </entry>
  <entry>
    <resource>
      <DiagnosticReport>
        <id value="biopsy-report-1"/>
        <text>
          <status value="generated"/><div xmlns="http://www.w3.org/1999/xhtml"><a name="DiagnosticReport_biopsy-report-1"> </a><p class="res-header-id"><b>Generated Narrative: DiagnosticReport biopsy-report-1</b></p><a name="biopsy-report-1"> </a><a name="hcbiopsy-report-1"> </a><a name="biopsy-report-1-en-US"> </a><h2><span title="Codes:{http://loinc.org 10193-1}">Physical findings of Breasts Narrative</span> </h2><table class="grid"><tr><td>Subject</td><td>Not done yet</td></tr></table><p><b>Report Details</b></p><p><b>Coded Conclusions:</b></p><ul><li><span title="Codes:{http://snomed.info/sct 129718006}">Heterogeneously dense breast composition</span></li></ul></div>
        </text>
        <status value="final"/>
        <code>
          <coding>
            <system value="http://loinc.org"/>
            <code value="10193-1"/>
            <display value="Physical findings of Breasts Narrative"/>
          </coding>
        </code>
        <subject>
          <reference value="Patient/defaultPatient"/>
        </subject>
        <conclusionCode>
          <coding>
            <system value="http://snomed.info/sct"/>
            <code value="129718006"/>
            <display value="Heterogeneously dense breast composition"/>
          </coding>
        </conclusionCode>
      </DiagnosticReport>
    </resource>
  </entry>
</Bundle>