<?xml version="1.0" encoding="UTF-8"?>

<Bundle xmlns="http://hl7.org/fhir">
  <id value="eve-personalriskfactors__act-HighRiskAssessment"/>
  <type value="collection"/>
  <entry>
    <resource>
      <Patient>
        <id value="ec483f8c-67d8-40b3-80c0-d2245dec04ee"/>
        <text>
          <status value="generated"/><div xmlns="http://www.w3.org/1999/xhtml"><a name="Patient_ec483f8c-67d8-40b3-80c0-d2245dec04ee"> </a><p class="res-header-id"><b>Generated Narrative: Patient ec483f8c-67d8-40b3-80c0-d2245dec04ee</b></p><a name="ec483f8c-67d8-40b3-80c0-d2245dec04ee"> </a><a name="hcec483f8c-67d8-40b3-80c0-d2245dec04ee"> </a><a name="ec483f8c-67d8-40b3-80c0-d2245dec04ee-en-US"> </a><p style="border: 1px #661aff solid; background-color: #e6e6ff; padding: 10px;">Jane Doe  Female, DoB: 1980-01-01</p><hr/></div>
        </text>
        <name>
          <family value="Doe"/>
          <given value="Jane"/>
        </name>
        <gender value="female"/>
        <birthDate value="1980-01-01"/>
      </Patient>
    </resource>
  </entry>
  <entry>
    <resource>
      <Observation>
        <id value="f19d0390-a804-43bd-84ae-6ee08c17ea86"/>
        <text>
          <status value="generated"/><div xmlns="http://www.w3.org/1999/xhtml"><a name="Observation_f19d0390-a804-43bd-84ae-6ee08c17ea86"> </a><p class="res-header-id"><b>Generated Narrative: Observation f19d0390-a804-43bd-84ae-6ee08c17ea86</b></p><a name="f19d0390-a804-43bd-84ae-6ee08c17ea86"> </a><a name="hcf19d0390-a804-43bd-84ae-6ee08c17ea86"> </a><a name="f19d0390-a804-43bd-84ae-6ee08c17ea86-en-US"> </a><p><b>status</b>: Final</p><p><b>code</b>: <span title="Codes:{http://cancerscreeningcds.github.io/bcsm-cds/CodeSystem/screening-observation-code-system PersonalRiskFactors}">Personal risk factors conferring increased risk of breast cancer</span></p><p><b>subject</b>: <a href="Bundle-eve-personalriskfactors__act-HighRiskAssessment.html#Patient_ec483f8c-67d8-40b3-80c0-d2245dec04ee">Bundle: type = collection</a></p><p><b>effective</b>: 2024-11-10 00:00:00+0000</p><p><b>value</b>: true</p></div>
        </text>
        <status value="final"/>
        <code>
          <coding>
            <system value="http://cancerscreeningcds.github.io/bcsm-cds/CodeSystem/screening-observation-code-system"/>
            <code value="PersonalRiskFactors"/>
            <display value="Personal risk factors conferring increased risk of breast cancer"/>
          </coding>
        </code>
        <subject>
          <reference value="Patient/ec483f8c-67d8-40b3-80c0-d2245dec04ee"/>
        </subject>
        <effectiveDateTime value="2024-11-10T00:00:00.0Z"/>
        <valueBoolean value="true"/>
      </Observation>
    </resource>
  </entry>
</Bundle>