<?xml version="1.0" encoding="UTF-8"?>

<Bundle xmlns="http://hl7.org/fhir">
  <id value="act-sdmcontinueage__act-sdmcontinuelifexp__act-lactating__act-avgrisk"/>
  <type value="collection"/>
  <entry>
    <resource>
      <Patient>
        <id value="1dbda870-00a6-46e3-88be-32e43de1ce0d"/>
        <text>
          <status value="generated"/><div xmlns="http://www.w3.org/1999/xhtml"><a name="Patient_1dbda870-00a6-46e3-88be-32e43de1ce0d"> </a><p class="res-header-id"><b>Generated Narrative: Patient 1dbda870-00a6-46e3-88be-32e43de1ce0d</b></p><a name="1dbda870-00a6-46e3-88be-32e43de1ce0d"> </a><a name="hc1dbda870-00a6-46e3-88be-32e43de1ce0d"> </a><a name="1dbda870-00a6-46e3-88be-32e43de1ce0d-en-US"> </a><p style="border: 1px #661aff solid; background-color: #e6e6ff; padding: 10px;">Jane Doe  Female, DoB: 1945-01-01</p><hr/></div>
        </text>
        <name>
          <family value="Doe"/>
          <given value="Jane"/>
        </name>
        <gender value="female"/>
        <birthDate value="1945-01-01"/>
      </Patient>
    </resource>
  </entry>
  <entry>
    <resource>
      <Observation>
        <id value="8ac2a034-cddb-4d1f-8af3-7cdb4df303ef"/>
        <text>
          <status value="generated"/><div xmlns="http://www.w3.org/1999/xhtml"><a name="Observation_8ac2a034-cddb-4d1f-8af3-7cdb4df303ef"> </a><p class="res-header-id"><b>Generated Narrative: Observation 8ac2a034-cddb-4d1f-8af3-7cdb4df303ef</b></p><a name="8ac2a034-cddb-4d1f-8af3-7cdb4df303ef"> </a><a name="hc8ac2a034-cddb-4d1f-8af3-7cdb4df303ef"> </a><a name="8ac2a034-cddb-4d1f-8af3-7cdb4df303ef-en-US"> </a><p><b>status</b>: Final</p><p><b>code</b>: <span title="Codes:{http://cancerscreeningcds.github.io/bcsm-cds/CodeSystem/screening-observation-code-system lifeexp}">Reduced life expectancy indicator</span></p><p><b>subject</b>: <a href="Bundle-act-sdmcontinueage__act-sdmcontinuelifexp__act-lactating__act-avgrisk.html#Patient_1dbda870-00a6-46e3-88be-32e43de1ce0d">Bundle: type = collection</a></p><p><b>effective</b>: 2024-12-10 00:00:00+0000</p><p><b>value</b>: true</p></div>
        </text>
        <status value="final"/>
        <code>
          <coding>
            <system value="http://cancerscreeningcds.github.io/bcsm-cds/CodeSystem/screening-observation-code-system"/>
            <code value="lifeexp"/>
            <display value="Reduced life expectancy indicator"/>
          </coding>
        </code>
        <subject>
          <reference value="Patient/1dbda870-00a6-46e3-88be-32e43de1ce0d"/>
        </subject>
        <effectiveDateTime value="2024-12-10T00:00:00.0Z"/>
        <valueBoolean value="true"/>
      </Observation>
    </resource>
  </entry>
  <entry>
    <resource>
      <Observation>
        <id value="a4e35b29-563b-4f31-9fbb-19668e64e55d"/>
        <text>
          <status value="generated"/><div xmlns="http://www.w3.org/1999/xhtml"><a name="Observation_a4e35b29-563b-4f31-9fbb-19668e64e55d"> </a><p class="res-header-id"><b>Generated Narrative: Observation a4e35b29-563b-4f31-9fbb-19668e64e55d</b></p><a name="a4e35b29-563b-4f31-9fbb-19668e64e55d"> </a><a name="hca4e35b29-563b-4f31-9fbb-19668e64e55d"> </a><a name="a4e35b29-563b-4f31-9fbb-19668e64e55d-en-US"> </a><p><b>status</b>: Final</p><p><b>code</b>: <span title="Codes:{http://cancerscreeningcds.github.io/bcsm-cds/CodeSystem/screening-observation-code-system currentlylactating}">Currently lactating</span></p><p><b>subject</b>: <a href="Bundle-act-sdmcontinueage__act-sdmcontinuelifexp__act-lactating__act-avgrisk.html#Patient_1dbda870-00a6-46e3-88be-32e43de1ce0d">Bundle: type = collection</a></p><p><b>effective</b>: 2024-12-10 00:00:00+0000</p><p><b>value</b>: true</p></div>
        </text>
        <status value="final"/>
        <code>
          <coding>
            <system value="http://cancerscreeningcds.github.io/bcsm-cds/CodeSystem/screening-observation-code-system"/>
            <code value="currentlylactating"/>
            <display value="Currently lactating"/>
          </coding>
        </code>
        <subject>
          <reference value="Patient/1dbda870-00a6-46e3-88be-32e43de1ce0d"/>
        </subject>
        <effectiveDateTime value="2024-12-10T00:00:00.0Z"/>
        <valueBoolean value="true"/>
      </Observation>
    </resource>
  </entry>
</Bundle>