{
  "resourceType" : "Bundle",
  "id" : "inc-AgeAtLeast18_error",
  "type" : "collection",
  "entry" : [{
    "resource" : {
      "resourceType" : "Patient",
      "id" : "a54ce384-168d-4a92-8786-18e90ac7ea45",
      "text" : {
        "status" : "generated",
        "div" : "<div xmlns=\"http://www.w3.org/1999/xhtml\"><a name=\"Patient_a54ce384-168d-4a92-8786-18e90ac7ea45\"> </a><p class=\"res-header-id\"><b>Generated Narrative: Patient a54ce384-168d-4a92-8786-18e90ac7ea45</b></p><a name=\"a54ce384-168d-4a92-8786-18e90ac7ea45\"> </a><a name=\"hca54ce384-168d-4a92-8786-18e90ac7ea45\"> </a><a name=\"a54ce384-168d-4a92-8786-18e90ac7ea45-en-US\"> </a><p style=\"border: 1px #661aff solid; background-color: #e6e6ff; padding: 10px;\">Joanne Smith  Female, DoB Unknown</p><hr/></div>"
      },
      "name" : [{
        "family" : "Smith",
        "given" : ["Joanne"]
      }],
      "gender" : "female"
    }
  }]
}