{
  "resourceType" : "Bundle",
  "id" : "eve-fiveyrrisklowpop_eve-ageAtLeast35_act-ConsiderHighRiskReferral",
  "type" : "collection",
  "entry" : [{
    "resource" : {
      "resourceType" : "Patient",
      "id" : "bfea4654-c6cb-4e71-85c4-a4d7de4a1b3d",
      "text" : {
        "status" : "generated",
        "div" : "<div xmlns=\"http://www.w3.org/1999/xhtml\"><a name=\"Patient_bfea4654-c6cb-4e71-85c4-a4d7de4a1b3d\"> </a><p class=\"res-header-id\"><b>Generated Narrative: Patient bfea4654-c6cb-4e71-85c4-a4d7de4a1b3d</b></p><a name=\"bfea4654-c6cb-4e71-85c4-a4d7de4a1b3d\"> </a><a name=\"hcbfea4654-c6cb-4e71-85c4-a4d7de4a1b3d\"> </a><a name=\"bfea4654-c6cb-4e71-85c4-a4d7de4a1b3d-en-US\"> </a><p style=\"border: 1px #661aff solid; background-color: #e6e6ff; padding: 10px;\">Jane Doe  Female, DoB: 1980-01-01</p><hr/></div>"
      },
      "name" : [{
        "family" : "Doe",
        "given" : ["Jane"]
      }],
      "gender" : "female",
      "birthDate" : "1980-01-01"
    }
  },
  {
    "resource" : {
      "resourceType" : "Observation",
      "id" : "7765d71c-ad5e-48ea-bd83-cf8ebbd7a8a9",
      "text" : {
        "status" : "generated",
        "div" : "<div xmlns=\"http://www.w3.org/1999/xhtml\"><a name=\"Observation_7765d71c-ad5e-48ea-bd83-cf8ebbd7a8a9\"> </a><p class=\"res-header-id\"><b>Generated Narrative: Observation 7765d71c-ad5e-48ea-bd83-cf8ebbd7a8a9</b></p><a name=\"7765d71c-ad5e-48ea-bd83-cf8ebbd7a8a9\"> </a><a name=\"hc7765d71c-ad5e-48ea-bd83-cf8ebbd7a8a9\"> </a><a name=\"7765d71c-ad5e-48ea-bd83-cf8ebbd7a8a9-en-US\"> </a><p><b>status</b>: Final</p><p><b>code</b>: <span title=\"Codes:{http://cancerscreeningcds.github.io/bcsm-cds/CodeSystem/plan-definition-action-code-system 5yriskassessment}\">5 year risk assessment</span></p><p><b>subject</b>: <a href=\"Bundle-eve-fiveyrrisklowpop_eve-ageAtLeast35_act-ConsiderHighRiskReferral.html#Patient_bfea4654-c6cb-4e71-85c4-a4d7de4a1b3d\">Bundle: type = collection</a></p><p><b>effective</b>: 2024-11-10 00:00:00+0000</p><p><b>value</b>: 1.67<span style=\"background: LightGoldenRodYellow\"> (Details: [not stated]  code% = '%')</span></p></div>"
      },
      "status" : "final",
      "code" : {
        "coding" : [{
          "system" : "http://cancerscreeningcds.github.io/bcsm-cds/CodeSystem/plan-definition-action-code-system",
          "code" : "5yriskassessment",
          "display" : "5 year risk assessment"
        }]
      },
      "subject" : {
        "reference" : "Patient/bfea4654-c6cb-4e71-85c4-a4d7de4a1b3d"
      },
      "effectiveDateTime" : "2024-11-10T00:00:00.0Z",
      "valueQuantity" : {
        "value" : 1.67,
        "code" : "%"
      }
    }
  }]
}