{
  "resourceType" : "Bundle",
  "id" : "inc-assignedfemaleatbirthortransfemale_yes",
  "type" : "collection",
  "entry" : [{
    "resource" : {
      "resourceType" : "Patient",
      "id" : "2acfafc2-fafd-4cd5-ac03-3336a354b2fe",
      "text" : {
        "status" : "generated",
        "div" : "<div xmlns=\"http://www.w3.org/1999/xhtml\"><a name=\"Patient_2acfafc2-fafd-4cd5-ac03-3336a354b2fe\"> </a><p class=\"res-header-id\"><b>Generated Narrative: Patient 2acfafc2-fafd-4cd5-ac03-3336a354b2fe</b></p><a name=\"2acfafc2-fafd-4cd5-ac03-3336a354b2fe\"> </a><a name=\"hc2acfafc2-fafd-4cd5-ac03-3336a354b2fe\"> </a><a name=\"2acfafc2-fafd-4cd5-ac03-3336a354b2fe-en-US\"> </a><p style=\"border: 1px #661aff solid; background-color: #e6e6ff; padding: 10px;\">Joanne Smith  (no stated gender), DoB: 1980-01-01</p><hr/><table class=\"grid\"><tr><td style=\"background-color: #f3f5da\" title=\"A code classifying the person's sex assigned at birth  as specified by the [Office of the National Coordinator for Health IT (ONC)](https://www.healthit.gov/newsroom/about-onc). This extension aligns with the C-CDA Birth Sex Observation (LOINC 76689-9).\"><a href=\"http://hl7.org/fhir/us/core/STU3.1/StructureDefinition-us-core-birthsex.html\">US Core Birth Sex Extension</a></td><td colspan=\"3\">M</td></tr></table></div>"
      },
      "extension" : [{
        "url" : "http://hl7.org/fhir/us/core/StructureDefinition/us-core-birthsex",
        "valueCode" : "M"
      },
      {
        "url" : "http://hl7.org/fhir/us/core/StructureDefinition/us-core-genderIdentity",
        "valueCodeableConcept" : {
          "coding" : [{
            "system" : "http://snomed.info/sct",
            "code" : "407376001",
            "display" : "Male-to-female transsexual (finding)"
          }]
        }
      }],
      "name" : [{
        "family" : "Smith",
        "given" : ["Joanne"]
      }],
      "birthDate" : "1980-01-01"
    }
  }]
}