<?xml version="1.0" encoding="UTF-8"?>

<Bundle xmlns="http://hl7.org/fhir">
  <id value="eve-biopsyresult_negative_act-updateduedate"/>
  <type value="collection"/>
  <entry>
    <resource>
      <Patient>
        <id value="defaultPatient"/>
        <text>
          <status value="generated"/><div xmlns="http://www.w3.org/1999/xhtml"><a name="Patient_defaultPatient"> </a><p class="res-header-id"><b>Generated Narrative: Patient defaultPatient</b></p><a name="defaultPatient"> </a><a name="hcdefaultPatient"> </a><a name="defaultPatient-en-US"> </a><p style="border: 1px #661aff solid; background-color: #e6e6ff; padding: 10px;">Jane Doe  Female, DoB: 1981-01-01</p><hr/></div>
        </text>
        <name>
          <family value="Doe"/>
          <given value="Jane"/>
        </name>
        <gender value="female"/>
        <birthDate value="1981-01-01"/>
      </Patient>
    </resource>
  </entry>
  <entry>
    <resource>
      <DiagnosticReport>
        <id value="d70c985a-aa39-4cab-8f61-b03616f0ec6f"/>
        <text>
          <status value="generated"/><div xmlns="http://www.w3.org/1999/xhtml"><a name="DiagnosticReport_d70c985a-aa39-4cab-8f61-b03616f0ec6f"> </a><p class="res-header-id"><b>Generated Narrative: DiagnosticReport d70c985a-aa39-4cab-8f61-b03616f0ec6f</b></p><a name="d70c985a-aa39-4cab-8f61-b03616f0ec6f"> </a><a name="hcd70c985a-aa39-4cab-8f61-b03616f0ec6f"> </a><a name="d70c985a-aa39-4cab-8f61-b03616f0ec6f-en-US"> </a><h2><span title="Codes:{http://loinc.org 66110-8}">Biopsy Report</span> </h2><table class="grid"><tr><td>Subject</td><td>Not done yet</td></tr><tr><td>When For</td><td>2024-10-01 10:00:00+0000</td></tr></table><p><b>Report Details</b></p></div>
        </text>
        <basedOn>
          <reference value="ServiceRequest/order-1"/>
        </basedOn>
        <status value="final"/>
        <code>
          <coding>
            <system value="http://loinc.org"/>
            <code value="66110-8"/>
            <display value="Biopsy Report"/>
          </coding>
        </code>
        <subject>
          <reference value="Patient/defaultPatient"/>
        </subject>
        <effectiveDateTime value="2024-10-01T10:00:00.000Z"/>
      </DiagnosticReport>
    </resource>
  </entry>
  <entry>
    <resource>
      <Observation>
        <id value="973890e5-945a-452b-8b5e-853c3889c54f"/>
        <text>
          <status value="generated"/><div xmlns="http://www.w3.org/1999/xhtml"><a name="Observation_973890e5-945a-452b-8b5e-853c3889c54f"> </a><p class="res-header-id"><b>Generated Narrative: Observation 973890e5-945a-452b-8b5e-853c3889c54f</b></p><a name="973890e5-945a-452b-8b5e-853c3889c54f"> </a><a name="hc973890e5-945a-452b-8b5e-853c3889c54f"> </a><a name="973890e5-945a-452b-8b5e-853c3889c54f-en-US"> </a><p><b>basedOn</b>: <a href="ServiceRequest/order-1">ServiceRequest/order-1</a></p><p><b>status</b>: Final</p><p><b>code</b>: <span title="Codes:{http://loinc.org 66110-8}">Biopsy Report</span></p><p><b>subject</b>: <a href="Bundle-eve-Age45to54_act-acsavgrecs45_act-uspstfavgrecs.html#Patient_defaultPatient">Bundle: type = collection</a></p><p><b>value</b>: <span title="Codes:{http://cancerscreeningcds.github.io/bcsm-cds/CodeSystem/biopsy-result-observation-code-system Negative}">Normal breast tissue</span></p></div>
        </text>
        <basedOn>
          <reference value="ServiceRequest/order-1"/>
        </basedOn>
        <status value="final"/>
        <code>
          <coding>
            <system value="http://loinc.org"/>
            <code value="66110-8"/>
            <display value="Biopsy Report"/>
          </coding>
        </code>
        <subject>
          <reference value="Patient/defaultPatient"/>
        </subject>
        <valueCodeableConcept>
          <coding>
            <system value="http://cancerscreeningcds.github.io/bcsm-cds/CodeSystem/biopsy-result-observation-code-system"/>
            <code value="Negative"/>
          </coding>
        </valueCodeableConcept>
      </Observation>
    </resource>
  </entry>
</Bundle>