{
  "resourceType" : "Bundle",
  "id" : "inc-assignedfemaleatbirthortransfemale_no",
  "type" : "collection",
  "entry" : [{
    "resource" : {
      "resourceType" : "Patient",
      "id" : "93dde565-cece-4dab-b130-80c84a2c04c7",
      "text" : {
        "status" : "generated",
        "div" : "<div xmlns=\"http://www.w3.org/1999/xhtml\"><a name=\"Patient_93dde565-cece-4dab-b130-80c84a2c04c7\"> </a><p class=\"res-header-id\"><b>Generated Narrative: Patient 93dde565-cece-4dab-b130-80c84a2c04c7</b></p><a name=\"93dde565-cece-4dab-b130-80c84a2c04c7\"> </a><a name=\"hc93dde565-cece-4dab-b130-80c84a2c04c7\"> </a><a name=\"93dde565-cece-4dab-b130-80c84a2c04c7-en-US\"> </a><p style=\"border: 1px #661aff solid; background-color: #e6e6ff; padding: 10px;\">Joanne Smith  Male, DoB: 1980-01-01</p><hr/><table class=\"grid\"><tr><td style=\"background-color: #f3f5da\" title=\"A code classifying the person's sex assigned at birth  as specified by the [Office of the National Coordinator for Health IT (ONC)](https://www.healthit.gov/newsroom/about-onc). This extension aligns with the C-CDA Birth Sex Observation (LOINC 76689-9).\"><a href=\"http://hl7.org/fhir/us/core/STU3.1/StructureDefinition-us-core-birthsex.html\">US Core Birth Sex Extension</a></td><td colspan=\"3\">M</td></tr></table></div>"
      },
      "extension" : [{
        "url" : "http://hl7.org/fhir/us/core/StructureDefinition/us-core-birthsex",
        "valueCode" : "M"
      }],
      "name" : [{
        "family" : "Smith",
        "given" : ["Joanne"]
      }],
      "gender" : "male",
      "birthDate" : "1980-01-01"
    }
  }]
}