{
  "resourceType" : "Bundle",
  "id" : "GeneticRiskReferral_JustineWallace_brca1",
  "type" : "collection",
  "entry" : [{
    "fullUrl" : "http://cancerscreeningcds.github.io/bcsm-cds/CarePlan/378",
    "resource" : {
      "resourceType" : "CarePlan",
      "id" : "378",
      "text" : {
        "status" : "generated",
        "div" : "<div xmlns=\"http://www.w3.org/1999/xhtml\"><a name=\"CarePlan_378\"> </a><p class=\"res-header-id\"><b>Generated Narrative: CarePlan 378</b></p><a name=\"378\"> </a><a name=\"hc378\"> </a><a name=\"378-en-US\"> </a><p><b>instantiatesCanonical</b>: <a href=\"PlanDefinition-flow-GeneticRiskReferral.html\">Genetic Risk Referral</a></p><p><b>status</b>: Draft</p><p><b>intent</b>: Proposal</p><p><b>subject</b>: <a href=\"Bundle-JustineWallace_brca1.html#Patient_JustineWallace\">Justine39 Wallace91</a></p><p><b>created</b>: 2024-12-10 00:00:00+0000</p><h3>Activities</h3><table class=\"grid\"><tr><td style=\"display: none\">-</td><td><b>Reference</b></td></tr><tr><td style=\"display: none\">*</td><td><a href=\"Bundle-GeneticRiskReferral_JustineWallace_brca1.html#RequestGroup_379\">Bundle: type = collection</a></td></tr></table></div>"
      },
      "instantiatesCanonical" : ["http://cancerscreeningcds.github.io/bcsm-cds/PlanDefinition/flow-GeneticRiskReferral"],
      "status" : "draft",
      "intent" : "proposal",
      "subject" : {
        "reference" : "Patient/JustineWallace",
        "display" : "Justine39 Wallace91"
      },
      "created" : "2024-12-10T00:00:00.0Z",
      "activity" : [{
        "reference" : {
          "reference" : "RequestGroup/379"
        }
      }]
    }
  },
  {
    "fullUrl" : "http://cancerscreeningcds.github.io/bcsm-cds/RequestGroup/379",
    "resource" : {
      "resourceType" : "RequestGroup",
      "id" : "379",
      "text" : {
        "status" : "generated",
        "div" : "<div xmlns=\"http://www.w3.org/1999/xhtml\"><a name=\"RequestGroup_379\"> </a><p class=\"res-header-id\"><b>Generated Narrative: RequestGroup 379</b></p><a name=\"379\"> </a><a name=\"hc379\"> </a><a name=\"379-en-US\"> </a><p><b>instantiatesCanonical</b>: <a href=\"PlanDefinition-flow-GeneticRiskReferral.html\">Genetic Risk Referral</a></p><p><b>status</b>: Draft</p><p><b>intent</b>: Proposal</p><p><b>subject</b>: <a href=\"Bundle-JustineWallace_brca1.html#Patient_JustineWallace\">Justine39 Wallace91</a></p></div>"
      },
      "instantiatesCanonical" : ["http://cancerscreeningcds.github.io/bcsm-cds/PlanDefinition/flow-GeneticRiskReferral"],
      "status" : "draft",
      "intent" : "proposal",
      "subject" : {
        "reference" : "Patient/JustineWallace",
        "display" : "Justine39 Wallace91"
      }
    }
  }]
}