[
  {
    "id" : "5YearRiskAssessmentRequest",
    "type" : "ActivityDefinition",
    "url" : "http://cancerscreeningcds.github.io/bcsm-cds/ActivityDefinition/5YearRiskAssessmentRequest",
    "version" : "1.0.0",
    "name" : "5YearRiskAssessmentRequest"
  },
  {
    "id" : "BreastCancerScreeningServiceRequest",
    "type" : "ActivityDefinition",
    "url" : "http://cancerscreeningcds.github.io/bcsm-cds/ActivityDefinition/BreastCancerScreeningServiceRequest",
    "version" : "1.0.0",
    "name" : "BreastCancerScreeningServiceRequest"
  },
  {
    "id" : "CommunicateEligible",
    "type" : "ActivityDefinition",
    "url" : "http://cancerscreeningcds.github.io/bcsm-cds/ActivityDefinition/CommunicateEligible",
    "version" : "1.0.0",
    "name" : "CommunicateEligible"
  },
  {
    "id" : "CommunicateNotEligible",
    "type" : "ActivityDefinition",
    "url" : "http://cancerscreeningcds.github.io/bcsm-cds/ActivityDefinition/CommunicateNotEligible",
    "version" : "1.0.0",
    "name" : "CommunicateNotEligible"
  },
  {
    "id" : "CommunicateSDMConsiderLifeExpectancy",
    "type" : "ActivityDefinition",
    "url" : "http://cancerscreeningcds.github.io/bcsm-cds/ActivityDefinition/CommunicateSDMConsiderLifeExpectancy",
    "version" : "1.0.0",
    "name" : "CommunicateSDMConsiderLifeExpectancy"
  },
  {
    "id" : "CommunicateSDMContinueScreening",
    "type" : "ActivityDefinition",
    "url" : "http://cancerscreeningcds.github.io/bcsm-cds/ActivityDefinition/CommunicateSDMContinueScreening",
    "version" : "1.0.0",
    "name" : "CommunicateSDMContinueScreening"
  },
  {
    "id" : "CommunicateSDMDelayScreening",
    "type" : "ActivityDefinition",
    "url" : "http://cancerscreeningcds.github.io/bcsm-cds/ActivityDefinition/CommunicateSDMDelayScreening",
    "version" : "1.0.0",
    "name" : "CommunicateSDMDelayScreening"
  },
  {
    "id" : "GeneticCounselingReferralRequest",
    "type" : "ActivityDefinition",
    "url" : "http://cancerscreeningcds.github.io/bcsm-cds/ActivityDefinition/GeneticCounselingReferralRequest",
    "version" : "1.0.0",
    "name" : "GeneticCounselingReferralRequest"
  },
  {
    "id" : "GeneticRiskAssessmentRequest",
    "type" : "ActivityDefinition",
    "url" : "http://cancerscreeningcds.github.io/bcsm-cds/ActivityDefinition/GeneticRiskAssessmentRequest",
    "version" : "1.0.0",
    "name" : "GeneticRiskAssessmentRequest"
  },
  {
    "id" : "HighRiskSpecialtyReferralRequest",
    "type" : "ActivityDefinition",
    "url" : "http://cancerscreeningcds.github.io/bcsm-cds/ActivityDefinition/HighRiskSpecialtyReferralRequest",
    "version" : "1.0.0",
    "name" : "HighRiskSpecialtyReferralRequest"
  },
  {
    "id" : "ScreeningEligibleQuestionnaireTask",
    "type" : "ActivityDefinition",
    "url" : "http://cancerscreeningcds.github.io/bcsm-cds/ActivityDefinition/ScreeningEligibleQuestionnaireTask",
    "version" : "1.0.0",
    "name" : "ScreeningEligibleQuestionnaireTask"
  },
  {
    "id" : "biopsy-result-observation-code-system",
    "type" : "CodeSystem",
    "url" : "http://cancerscreeningcds.github.io/bcsm-cds/CodeSystem/biopsy-result-observation-code-system",
    "version" : "1.0.0",
    "name" : "BiopsyResultObservationCodeSystem"
  },
  {
    "id" : "plan-definition-action-code-system",
    "type" : "CodeSystem",
    "url" : "http://cancerscreeningcds.github.io/bcsm-cds/CodeSystem/plan-definition-action-code-system",
    "version" : "1.0.0",
    "name" : "PlanDefinitionActionCodeSystem"
  },
  {
    "id" : "recommendation-flag-code-system",
    "type" : "CodeSystem",
    "url" : "http://cancerscreeningcds.github.io/bcsm-cds/CodeSystem/recommendation-flag-code-system",
    "version" : "1.0.0",
    "name" : "RecommendationFlagCodeSystem"
  },
  {
    "id" : "screening-observation-code-system",
    "type" : "CodeSystem",
    "url" : "http://cancerscreeningcds.github.io/bcsm-cds/CodeSystem/screening-observation-code-system",
    "version" : "1.0.0",
    "name" : "ScreeningObservationCodeSystem"
  },
  {
    "id" : "cancerscreeningcds.fhir.us.bcsm-cds",
    "type" : "ImplementationGuide",
    "url" : "http://cancerscreeningcds.github.io/bcsm-cds/ImplementationGuide/cancerscreeningcds.fhir.us.bcsm-cds",
    "version" : "1.0.0",
    "name" : "bcsmcds"
  },
  {
    "id" : "AverageRisk",
    "type" : "Library",
    "url" : "http://cancerscreeningcds.github.io/bcsm-cds/Library/AverageRisk",
    "version" : "1.0.0",
    "name" : "AverageRisk"
  },
  {
    "id" : "AverageRiskActions",
    "type" : "Library",
    "url" : "http://cancerscreeningcds.github.io/bcsm-cds/Library/AverageRiskActions",
    "version" : "1.0.0",
    "name" : "AverageRiskActions"
  },
  {
    "id" : "AverageRiskEvents",
    "type" : "Library",
    "url" : "http://cancerscreeningcds.github.io/bcsm-cds/Library/AverageRiskEvents",
    "version" : "1.0.0",
    "name" : "AverageRiskEvents"
  },
  {
    "id" : "BCSMCommonFunctions",
    "type" : "Library",
    "url" : "http://cancerscreeningcds.github.io/bcsm-cds/Library/BCSMCommonFunctions",
    "version" : "1.0.0",
    "name" : "BCSMCommonFunctions"
  },
  {
    "id" : "CDSConnectCommonsforFHIRv401",
    "type" : "Library",
    "url" : "http://cancerscreeningcds.github.io/bcsm-cds/Library/CDSConnectCommonsforFHIRv401",
    "version" : "1.0.0",
    "name" : "CDSConnectCommonsforFHIRv401"
  },
  {
    "id" : "CSMCommonFunctions",
    "type" : "Library",
    "url" : "http://cancerscreeningcds.github.io/bcsm-cds/Library/CSMCommonFunctions",
    "version" : "1.0.0",
    "name" : "CSMCommonFunctions"
  },
  {
    "id" : "DataElements",
    "type" : "Library",
    "url" : "http://cancerscreeningcds.github.io/bcsm-cds/Library/DataElements",
    "version" : "1.0.0",
    "name" : "DataElements"
  },
  {
    "id" : "DecisionToScreen",
    "type" : "Library",
    "url" : "http://cancerscreeningcds.github.io/bcsm-cds/Library/DecisionToScreen",
    "version" : "1.0.0",
    "name" : "DecisionToScreen"
  },
  {
    "id" : "DecisionToScreenActions",
    "type" : "Library",
    "url" : "http://cancerscreeningcds.github.io/bcsm-cds/Library/DecisionToScreenActions",
    "version" : "1.0.0",
    "name" : "DecisionToScreenActions"
  },
  {
    "id" : "DecisionToScreenEvents",
    "type" : "Library",
    "url" : "http://cancerscreeningcds.github.io/bcsm-cds/Library/DecisionToScreenEvents",
    "version" : "1.0.0",
    "name" : "DecisionToScreenEvents"
  },
  {
    "id" : "FollowupScreeningResult",
    "type" : "Library",
    "url" : "http://cancerscreeningcds.github.io/bcsm-cds/Library/FollowupScreeningResult",
    "version" : "1.0.0",
    "name" : "FollowupScreeningResult"
  },
  {
    "id" : "FollowupScreeningResultActions",
    "type" : "Library",
    "url" : "http://cancerscreeningcds.github.io/bcsm-cds/Library/FollowupScreeningResultActions",
    "version" : "1.0.0",
    "name" : "FollowupScreeningResultActions"
  },
  {
    "id" : "FollowupScreeningResultEvents",
    "type" : "Library",
    "url" : "http://cancerscreeningcds.github.io/bcsm-cds/Library/FollowupScreeningResultEvents",
    "version" : "1.0.0",
    "name" : "FollowupScreeningResultEvents"
  },
  {
    "id" : "GeneticRiskReferral",
    "type" : "Library",
    "url" : "http://cancerscreeningcds.github.io/bcsm-cds/Library/GeneticRiskReferral",
    "version" : "1.0.0",
    "name" : "GeneticRiskReferral"
  },
  {
    "id" : "GeneticRiskReferralActions",
    "type" : "Library",
    "url" : "http://cancerscreeningcds.github.io/bcsm-cds/Library/GeneticRiskReferralActions",
    "version" : "1.0.0",
    "name" : "GeneticRiskReferralActions"
  },
  {
    "id" : "GeneticRiskReferralEvents",
    "type" : "Library",
    "url" : "http://cancerscreeningcds.github.io/bcsm-cds/Library/GeneticRiskReferralEvents",
    "version" : "1.0.0",
    "name" : "GeneticRiskReferralEvents"
  },
  {
    "id" : "HighRiskExclusions",
    "type" : "Library",
    "url" : "http://cancerscreeningcds.github.io/bcsm-cds/Library/HighRiskExclusions",
    "version" : "1.0.0",
    "name" : "HighRiskExclusions"
  },
  {
    "id" : "HighRiskExclusionsActions",
    "type" : "Library",
    "url" : "http://cancerscreeningcds.github.io/bcsm-cds/Library/HighRiskExclusionsActions",
    "version" : "1.0.0",
    "name" : "HighRiskExclusionsActions"
  },
  {
    "id" : "HighRiskExclusionsEvents",
    "type" : "Library",
    "url" : "http://cancerscreeningcds.github.io/bcsm-cds/Library/HighRiskExclusionsEvents",
    "version" : "1.0.0",
    "name" : "HighRiskExclusionsEvents"
  },
  {
    "id" : "HighRiskReferral",
    "type" : "Library",
    "url" : "http://cancerscreeningcds.github.io/bcsm-cds/Library/HighRiskReferral",
    "version" : "1.0.0",
    "name" : "HighRiskReferral"
  },
  {
    "id" : "HighRiskReferralActions",
    "type" : "Library",
    "url" : "http://cancerscreeningcds.github.io/bcsm-cds/Library/HighRiskReferralActions",
    "version" : "1.0.0",
    "name" : "HighRiskReferralActions"
  },
  {
    "id" : "HighRiskReferralEvents",
    "type" : "Library",
    "url" : "http://cancerscreeningcds.github.io/bcsm-cds/Library/HighRiskReferralEvents",
    "version" : "1.0.0",
    "name" : "HighRiskReferralEvents"
  },
  {
    "id" : "Hospice",
    "type" : "Library",
    "url" : "http://cancerscreeningcds.github.io/bcsm-cds/Library/Hospice",
    "version" : "1.0.0",
    "name" : "Hospice"
  },
  {
    "id" : "PertinentHistory",
    "type" : "Library",
    "url" : "http://cancerscreeningcds.github.io/bcsm-cds/Library/PertinentHistory",
    "version" : "1.0.0",
    "name" : "PertinentHistory"
  },
  {
    "id" : "PrimaryScreeningDecision",
    "type" : "Library",
    "url" : "http://cancerscreeningcds.github.io/bcsm-cds/Library/PrimaryScreeningDecision",
    "version" : "1.0.0",
    "name" : "PrimaryScreeningDecision"
  },
  {
    "id" : "ScreeningDue",
    "type" : "Library",
    "url" : "http://cancerscreeningcds.github.io/bcsm-cds/Library/ScreeningDue",
    "version" : "1.0.0",
    "name" : "ScreeningDue"
  },
  {
    "id" : "ScreeningDueActions",
    "type" : "Library",
    "url" : "http://cancerscreeningcds.github.io/bcsm-cds/Library/ScreeningDueActions",
    "version" : "1.0.0",
    "name" : "ScreeningDueActions"
  },
  {
    "id" : "ScreeningDueEvents",
    "type" : "Library",
    "url" : "http://cancerscreeningcds.github.io/bcsm-cds/Library/ScreeningDueEvents",
    "version" : "1.0.0",
    "name" : "ScreeningDueEvents"
  },
  {
    "id" : "ScreeningEligible",
    "type" : "Library",
    "url" : "http://cancerscreeningcds.github.io/bcsm-cds/Library/ScreeningEligible",
    "version" : "1.0.0",
    "name" : "ScreeningEligible"
  },
  {
    "id" : "ScreeningEligibleActions",
    "type" : "Library",
    "url" : "http://cancerscreeningcds.github.io/bcsm-cds/Library/ScreeningEligibleActions",
    "version" : "1.0.0",
    "name" : "ScreeningEligibleActions"
  },
  {
    "id" : "ScreeningEligibleEvents",
    "type" : "Library",
    "url" : "http://cancerscreeningcds.github.io/bcsm-cds/Library/ScreeningEligibleEvents",
    "version" : "1.0.0",
    "name" : "ScreeningEligibleEvents"
  },
  {
    "id" : "ScreeningTestIncomplete",
    "type" : "Library",
    "url" : "http://cancerscreeningcds.github.io/bcsm-cds/Library/ScreeningTestIncomplete",
    "version" : "1.0.0",
    "name" : "ScreeningTestIncomplete"
  },
  {
    "id" : "ScreeningTestIncompleteEvents",
    "type" : "Library",
    "url" : "http://cancerscreeningcds.github.io/bcsm-cds/Library/ScreeningTestIncompleteEvents",
    "version" : "1.0.0",
    "name" : "ScreeningTestIncompleteEvents"
  },
  {
    "id" : "SpecialPopulations",
    "type" : "Library",
    "url" : "http://cancerscreeningcds.github.io/bcsm-cds/Library/SpecialPopulations",
    "version" : "1.0.0",
    "name" : "SpecialPopulations"
  },
  {
    "id" : "SpecialPopulationsActions",
    "type" : "Library",
    "url" : "http://cancerscreeningcds.github.io/bcsm-cds/Library/SpecialPopulationsActions",
    "version" : "1.0.0",
    "name" : "SpecialPopulationsActions"
  },
  {
    "id" : "SpecialPopulationsEvents",
    "type" : "Library",
    "url" : "http://cancerscreeningcds.github.io/bcsm-cds/Library/SpecialPopulationsEvents",
    "version" : "1.0.0",
    "name" : "SpecialPopulationsEvents"
  },
  {
    "id" : "ScreeningDueMeasure",
    "type" : "Measure",
    "url" : "http://cancerscreeningcds.github.io/bcsm-cds/Measure/ScreeningDueMeasure",
    "version" : "1.0.0",
    "name" : "ScreeningDueMeasure"
  },
  {
    "id" : "ScreeningTestIncompleteMeasure",
    "type" : "Measure",
    "url" : "http://cancerscreeningcds.github.io/bcsm-cds/Measure/ScreeningTestIncompleteMeasure",
    "version" : "1.0.0",
    "name" : "ScreeningTestIncompleteMeasure"
  },
  {
    "id" : "HighLevelFlow",
    "type" : "PlanDefinition",
    "url" : "http://cancerscreeningcds.github.io/bcsm-cds/PlanDefinition/HighLevelFlow",
    "version" : "1.0.0",
    "name" : "HighLevelFlow"
  },
  {
    "id" : "PrimaryScreeningDecision",
    "type" : "PlanDefinition",
    "url" : "http://cancerscreeningcds.github.io/bcsm-cds/PlanDefinition/PrimaryScreeningDecision",
    "version" : "1.0.0",
    "name" : "PrimaryScreeningDecision"
  },
  {
    "id" : "flow-AverageRisk",
    "type" : "PlanDefinition",
    "url" : "http://cancerscreeningcds.github.io/bcsm-cds/PlanDefinition/flow-AverageRisk",
    "version" : "1.0.0",
    "name" : "flow-AverageRisk"
  },
  {
    "id" : "flow-DecisionToScreen",
    "type" : "PlanDefinition",
    "url" : "http://cancerscreeningcds.github.io/bcsm-cds/PlanDefinition/flow-DecisionToScreen",
    "version" : "1.0.0",
    "name" : "flow-DecisionToScreen"
  },
  {
    "id" : "flow-FollowupScreeningResult",
    "type" : "PlanDefinition",
    "url" : "http://cancerscreeningcds.github.io/bcsm-cds/PlanDefinition/flow-FollowupScreeningResult",
    "version" : "1.0.0",
    "name" : "flow-FollowupScreeningResult"
  },
  {
    "id" : "flow-GeneticRiskReferral",
    "type" : "PlanDefinition",
    "url" : "http://cancerscreeningcds.github.io/bcsm-cds/PlanDefinition/flow-GeneticRiskReferral",
    "version" : "1.0.0",
    "name" : "flow-GeneticRiskReferral"
  },
  {
    "id" : "flow-HighRiskExclusions",
    "type" : "PlanDefinition",
    "url" : "http://cancerscreeningcds.github.io/bcsm-cds/PlanDefinition/flow-HighRiskExclusions",
    "version" : "1.0.0",
    "name" : "flow-HighRiskExclusions"
  },
  {
    "id" : "flow-HighRiskReferral",
    "type" : "PlanDefinition",
    "url" : "http://cancerscreeningcds.github.io/bcsm-cds/PlanDefinition/flow-HighRiskReferral",
    "version" : "1.0.0",
    "name" : "flow-HighRiskReferral"
  },
  {
    "id" : "flow-ScreeningEligible",
    "type" : "PlanDefinition",
    "url" : "http://cancerscreeningcds.github.io/bcsm-cds/PlanDefinition/flow-ScreeningEligible",
    "version" : "1.0.0",
    "name" : "flow-ScreeningEligible"
  },
  {
    "id" : "flow-SpecialPopulations",
    "type" : "PlanDefinition",
    "url" : "http://cancerscreeningcds.github.io/bcsm-cds/PlanDefinition/flow-SpecialPopulations",
    "version" : "1.0.0",
    "name" : "flow-SpecialPopulations"
  },
  {
    "id" : "BreastCancerDecisionToScreenQuestionnaire",
    "type" : "Questionnaire",
    "url" : "http://cancerscreeningcds.github.io/bcsm-cds/Questionnaire/BreastCancerDecisionToScreenQuestionnaire",
    "version" : "1.0.0",
    "name" : "BreastCancerDecisionToScreenQuestionnaire"
  },
  {
    "id" : "BreastCancerGeneticRiskReferralQuestionnaire",
    "type" : "Questionnaire",
    "url" : "http://cancerscreeningcds.github.io/bcsm-cds/Questionnaire/BreastCancerGeneticRiskReferralQuestionnaire",
    "version" : "1.0.0",
    "name" : "BreastCancerGeneticRiskReferralQuestionnaire"
  },
  {
    "id" : "BreastCancerHighRiskReferralQuestionnaire",
    "type" : "Questionnaire",
    "url" : "http://cancerscreeningcds.github.io/bcsm-cds/Questionnaire/BreastCancerHighRiskReferralQuestionnaire",
    "version" : "1.0.0",
    "name" : "BreastCancerHighRiskReferralQuestionnaire"
  },
  {
    "id" : "ScreeningEligibleQuestionnaire",
    "type" : "Questionnaire",
    "url" : "http://cancerscreeningcds.github.io/bcsm-cds/Questionnaire/ScreeningEligibleQuestionnaire",
    "version" : "1.0.0",
    "name" : "ScreeningEligible"
  },
  {
    "id" : "csm-recommendation-flag",
    "type" : "StructureDefinition",
    "url" : "http://cancerscreeningcds.github.io/bcsm-cds/StructureDefinition/csm-recommendation-flag",
    "version" : "1.0.0",
    "name" : "RecommendationFlag"
  },
  {
    "id" : "plan-definition-action-codes",
    "type" : "ValueSet",
    "url" : "http://cancerscreeningcds.github.io/bcsm-cds/ValueSet/plan-definition-action-codes",
    "version" : "1.0.0",
    "name" : "PlanDefinitionActionCodes"
  },
  {
    "id" : "plan-definition-action-reason-codes",
    "type" : "ValueSet",
    "url" : "http://cancerscreeningcds.github.io/bcsm-cds/ValueSet/plan-definition-action-reason-codes",
    "version" : "1.0.0",
    "name" : "PlanDefinitionActionReasonCodes"
  },
  {
    "id" : "recommendation-flag-codes",
    "type" : "ValueSet",
    "url" : "http://cancerscreeningcds.github.io/bcsm-cds/ValueSet/recommendation-flag-codes",
    "version" : "1.0.0",
    "name" : "RecommendationFlagCodes"
  },
  {
    "id" : "FHIRHelpers",
    "type" : "Library",
    "url" : "http://hl7.org/fhir/Library/FHIRHelpers",
    "version" : "1.0.0",
    "name" : "FHIRHelpers"
  }
]
