{
   "library" : {
      "localId" : "0",
      "annotation" : [ {
         "translatorVersion" : "3.11.0",
         "translatorOptions" : "EnableAnnotations,EnableLocators,DisableListDemotion,DisableListPromotion",
         "signatureLevel" : "Overloads",
         "type" : "CqlToElmInfo"
      }, {
         "type" : "Annotation",
         "s" : {
            "r" : "508",
            "s" : [ {
               "value" : [ "/*  \n  Author: CMS Alliance to Modernize Healthcare, operated by THE MITRE Corporation.\n\n  (C) 2024 The MITRE Corporation. All Rights Reserved. \n  Approved for Public Release: 24-2711. \n  Distribution Unlimited.\n\n  Unless otherwise noted, this work is available under an Apache 2.0 license. \n  It was produced by the MITRE Corporation for the Division of Cancer Prevention \n  and Control, Centers for Disease Control and Prevention in accordance with the \n  Statement of Work, contract number 75FCMC18D0047, task order number 75D30123F17931.\n*/\n\n","library GeneticRiskReferral version '1.0.0'" ]
            } ]
         }
      } ],
      "identifier" : {
         "id" : "GeneticRiskReferral",
         "system" : "http://cancerscreeningcds.github.io/bcsm-cds",
         "version" : "1.0.0"
      },
      "schemaIdentifier" : {
         "id" : "urn:hl7-org:elm",
         "version" : "r1"
      },
      "usings" : {
         "def" : [ {
            "localId" : "1",
            "localIdentifier" : "System",
            "uri" : "urn:hl7-org:elm-types:r1"
         }, {
            "localId" : "206",
            "locator" : "16:1-16:26",
            "localIdentifier" : "FHIR",
            "uri" : "http://hl7.org/fhir",
            "version" : "4.0.1",
            "annotation" : [ {
               "type" : "Annotation",
               "s" : {
                  "r" : "206",
                  "s" : [ {
                     "value" : [ "","using " ]
                  }, {
                     "s" : [ {
                        "value" : [ "FHIR" ]
                     } ]
                  }, {
                     "value" : [ " version '4.0.1'" ]
                  } ]
               }
            } ]
         } ]
      },
      "includes" : {
         "def" : [ {
            "localId" : "207",
            "locator" : "17:1-17:55",
            "localIdentifier" : "FHIRHelpers",
            "path" : "http://cancerscreeningcds.github.io/bcsm-cds/FHIRHelpers",
            "version" : "4.0.1",
            "annotation" : [ {
               "type" : "Annotation",
               "s" : {
                  "r" : "207",
                  "s" : [ {
                     "value" : [ "","include " ]
                  }, {
                     "s" : [ {
                        "value" : [ "FHIRHelpers" ]
                     } ]
                  }, {
                     "value" : [ "  version ","'4.0.1'"," called ","FHIRHelpers" ]
                  } ]
               }
            } ]
         }, {
            "localId" : "208",
            "locator" : "19:1-19:63",
            "localIdentifier" : "Events",
            "path" : "http://cancerscreeningcds.github.io/bcsm-cds/GeneticRiskReferralEvents",
            "version" : "1.0.0",
            "annotation" : [ {
               "type" : "Annotation",
               "s" : {
                  "r" : "208",
                  "s" : [ {
                     "value" : [ "","include " ]
                  }, {
                     "s" : [ {
                        "value" : [ "GeneticRiskReferralEvents" ]
                     } ]
                  }, {
                     "value" : [ " version ","'1.0.0'"," called ","Events" ]
                  } ]
               }
            } ]
         }, {
            "localId" : "209",
            "locator" : "20:1-20:65",
            "localIdentifier" : "Actions",
            "path" : "http://cancerscreeningcds.github.io/bcsm-cds/GeneticRiskReferralActions",
            "version" : "1.0.0",
            "annotation" : [ {
               "type" : "Annotation",
               "s" : {
                  "r" : "209",
                  "s" : [ {
                     "value" : [ "","include " ]
                  }, {
                     "s" : [ {
                        "value" : [ "GeneticRiskReferralActions" ]
                     } ]
                  }, {
                     "value" : [ " version ","'1.0.0'"," called ","Actions" ]
                  } ]
               }
            } ]
         }, {
            "localId" : "210",
            "locator" : "21:1-21:56",
            "localIdentifier" : "DataElements",
            "path" : "http://cancerscreeningcds.github.io/bcsm-cds/DataElements",
            "version" : "1.0.0",
            "annotation" : [ {
               "type" : "Annotation",
               "s" : {
                  "r" : "210",
                  "s" : [ {
                     "value" : [ "","include " ]
                  }, {
                     "s" : [ {
                        "value" : [ "DataElements" ]
                     } ]
                  }, {
                     "value" : [ " version ","'1.0.0'"," called ","DataElements" ]
                  } ]
               }
            } ]
         } ]
      },
      "codeSystems" : {
         "def" : [ {
            "localId" : "211",
            "locator" : "23:1-23:38",
            "name" : "LOINC",
            "id" : "http://loinc.org",
            "accessLevel" : "Public",
            "annotation" : [ {
               "type" : "Annotation",
               "s" : {
                  "r" : "211",
                  "s" : [ {
                     "value" : [ "","codesystem ","\"LOINC\"",": ","'http://loinc.org'" ]
                  } ]
               }
            } ]
         } ]
      },
      "codes" : {
         "def" : [ {
            "localId" : "212",
            "locator" : "26:1-26:48",
            "name" : "Age",
            "id" : "30525-0",
            "display" : "Age",
            "accessLevel" : "Public",
            "annotation" : [ {
               "type" : "Annotation",
               "s" : {
                  "r" : "212",
                  "s" : [ {
                     "value" : [ "// Standard codes\n","code ","\"Age\"",": ","'30525-0'"," from " ]
                  }, {
                     "r" : "213",
                     "s" : [ {
                        "value" : [ "\"LOINC\"" ]
                     } ]
                  }, {
                     "value" : [ " display ","'Age'" ]
                  } ]
               }
            } ],
            "codeSystem" : {
               "localId" : "213",
               "locator" : "26:28-26:34",
               "name" : "LOINC"
            }
         } ]
      },
      "contexts" : {
         "def" : [ {
            "localId" : "217",
            "locator" : "28:1-28:15",
            "name" : "Patient"
         } ]
      },
      "statements" : {
         "def" : [ {
            "localId" : "215",
            "locator" : "28:1-28:15",
            "name" : "Patient",
            "context" : "Patient",
            "expression" : {
               "localId" : "216",
               "type" : "SingletonFrom",
               "signature" : [ ],
               "operand" : {
                  "localId" : "214",
                  "locator" : "28:1-28:15",
                  "dataType" : "{http://hl7.org/fhir}Patient",
                  "templateId" : "http://hl7.org/fhir/StructureDefinition/Patient",
                  "type" : "Retrieve",
                  "include" : [ ],
                  "codeFilter" : [ ],
                  "dateFilter" : [ ],
                  "otherFilter" : [ ]
               }
            }
         }, {
            "localId" : "258",
            "locator" : "51:1-56:21",
            "name" : "MostRecentAgeValue",
            "context" : "Patient",
            "accessLevel" : "Public",
            "annotation" : [ {
               "type" : "Annotation",
               "s" : {
                  "r" : "258",
                  "s" : [ {
                     "value" : [ "","define ","MostRecentAgeValue",":\n  " ]
                  }, {
                     "r" : "318",
                     "s" : [ {
                        "r" : "317",
                        "s" : [ {
                           "r" : "316",
                           "s" : [ {
                              "r" : "315",
                              "s" : [ {
                                 "value" : [ "First","(\n    " ]
                              }, {
                                 "r" : "312",
                                 "s" : [ {
                                    "s" : [ {
                                       "r" : "259",
                                       "s" : [ {
                                          "r" : "262",
                                          "s" : [ {
                                             "r" : "262",
                                             "s" : [ {
                                                "value" : [ "[","Observation",": " ]
                                             }, {
                                                "s" : [ {
                                                   "value" : [ "\"Age\"" ]
                                                } ]
                                             }, {
                                                "value" : [ "]" ]
                                             } ]
                                          } ]
                                       }, {
                                          "value" : [ " ","O" ]
                                       } ]
                                    } ]
                                 }, {
                                    "value" : [ "\n      " ]
                                 }, {
                                    "r" : "271",
                                    "s" : [ {
                                       "value" : [ "where " ]
                                    }, {
                                       "r" : "271",
                                       "s" : [ {
                                          "r" : "274",
                                          "s" : [ {
                                             "r" : "273",
                                             "s" : [ {
                                                "r" : "272",
                                                "s" : [ {
                                                   "value" : [ "O" ]
                                                } ]
                                             }, {
                                                "value" : [ "." ]
                                             }, {
                                                "r" : "273",
                                                "s" : [ {
                                                   "value" : [ "value" ]
                                                } ]
                                             } ]
                                          }, {
                                             "value" : [ "." ]
                                          }, {
                                             "r" : "274",
                                             "s" : [ {
                                                "value" : [ "unit" ]
                                             } ]
                                          } ]
                                       }, {
                                          "value" : [ " ","="," " ]
                                       }, {
                                          "r" : "275",
                                          "s" : [ {
                                             "value" : [ "'years'" ]
                                          } ]
                                       } ]
                                    } ]
                                 }, {
                                    "value" : [ "\n      " ]
                                 }, {
                                    "r" : "282",
                                    "s" : [ {
                                       "value" : [ "sort by " ]
                                    }, {
                                       "r" : "281",
                                       "s" : [ {
                                          "r" : "280",
                                          "s" : [ {
                                             "value" : [ "effective" ]
                                          } ]
                                       }, {
                                          "value" : [ " desc" ]
                                       } ]
                                    } ]
                                 } ]
                              }, {
                                 "value" : [ "\n  )" ]
                              } ]
                           }, {
                              "value" : [ "." ]
                           }, {
                              "r" : "316",
                              "s" : [ {
                                 "value" : [ "value" ]
                              } ]
                           } ]
                        }, {
                           "value" : [ "." ]
                        }, {
                           "r" : "317",
                           "s" : [ {
                              "value" : [ "value" ]
                           } ]
                        } ]
                     }, {
                        "value" : [ "." ]
                     }, {
                        "r" : "318",
                        "s" : [ {
                           "value" : [ "value" ]
                        } ]
                     } ]
                  } ]
               }
            } ],
            "expression" : {
               "localId" : "318",
               "locator" : "52:3-56:21",
               "path" : "value",
               "type" : "Property",
               "source" : {
                  "localId" : "317",
                  "locator" : "52:3-56:15",
                  "path" : "value",
                  "type" : "Property",
                  "source" : {
                     "localId" : "316",
                     "locator" : "52:3-56:9",
                     "path" : "value",
                     "type" : "Property",
                     "source" : {
                        "localId" : "315",
                        "locator" : "52:3-56:3",
                        "type" : "First",
                        "signature" : [ ],
                        "source" : {
                           "localId" : "312",
                           "locator" : "53:5-55:28",
                           "type" : "Query",
                           "source" : [ {
                              "localId" : "259",
                              "locator" : "53:5-53:26",
                              "alias" : "O",
                              "expression" : {
                                 "localId" : "262",
                                 "locator" : "53:5-53:24",
                                 "dataType" : "{http://hl7.org/fhir}Observation",
                                 "templateId" : "http://hl7.org/fhir/StructureDefinition/Observation",
                                 "codeProperty" : "code",
                                 "codeComparator" : "~",
                                 "type" : "Retrieve",
                                 "codes" : {
                                    "localId" : "270",
                                    "type" : "ToList",
                                    "signature" : [ ],
                                    "operand" : {
                                       "localId" : "261",
                                       "locator" : "53:19-53:23",
                                       "name" : "Age",
                                       "type" : "CodeRef"
                                    }
                                 },
                                 "include" : [ ],
                                 "codeFilter" : [ ],
                                 "dateFilter" : [ ],
                                 "otherFilter" : [ ]
                              }
                           } ],
                           "let" : [ ],
                           "relationship" : [ ],
                           "where" : {
                              "localId" : "271",
                              "locator" : "54:7-54:34",
                              "type" : "Equal",
                              "signature" : [ {
                                 "localId" : "278",
                                 "name" : "{urn:hl7-org:elm-types:r1}String",
                                 "type" : "NamedTypeSpecifier"
                              }, {
                                 "localId" : "279",
                                 "name" : "{urn:hl7-org:elm-types:r1}String",
                                 "type" : "NamedTypeSpecifier"
                              } ],
                              "operand" : [ {
                                 "localId" : "276",
                                 "name" : "ToString",
                                 "libraryName" : "FHIRHelpers",
                                 "type" : "FunctionRef",
                                 "signature" : [ {
                                    "localId" : "277",
                                    "name" : "{http://hl7.org/fhir}string",
                                    "type" : "NamedTypeSpecifier"
                                 } ],
                                 "operand" : [ {
                                    "localId" : "274",
                                    "locator" : "54:13-54:24",
                                    "path" : "unit",
                                    "type" : "Property",
                                    "source" : {
                                       "localId" : "273",
                                       "locator" : "54:13-54:19",
                                       "path" : "value",
                                       "scope" : "O",
                                       "type" : "Property"
                                    }
                                 } ]
                              }, {
                                 "localId" : "275",
                                 "locator" : "54:28-54:34",
                                 "valueType" : "{urn:hl7-org:elm-types:r1}String",
                                 "value" : "years",
                                 "type" : "Literal"
                              } ]
                           },
                           "sort" : {
                              "localId" : "282",
                              "locator" : "55:7-55:28",
                              "by" : [ {
                                 "localId" : "281",
                                 "locator" : "55:15-55:28",
                                 "direction" : "desc",
                                 "path" : "effective",
                                 "type" : "ByColumn"
                              } ]
                           }
                        }
                     }
                  }
               }
            }
         }, {
            "localId" : "227",
            "locator" : "48:1-49:106",
            "name" : "inc-AgeAtLeast18",
            "context" : "Patient",
            "accessLevel" : "Public",
            "annotation" : [ {
               "type" : "Annotation",
               "s" : {
                  "r" : "227",
                  "s" : [ {
                     "value" : [ "// Age 18 years and older, only use MostRecentAgeValue if no birthdate  \n","define ","\"inc-AgeAtLeast18\"",":\n  " ]
                  }, {
                     "r" : "228",
                     "s" : [ {
                        "r" : "229",
                        "s" : [ {
                           "value" : [ "(" ]
                        }, {
                           "r" : "229",
                           "s" : [ {
                              "r" : "237",
                              "s" : [ {
                                 "r" : "234",
                                 "s" : [ {
                                    "value" : [ "AgeInYears","()" ]
                                 } ]
                              }, {
                                 "value" : [ " is not null" ]
                              } ]
                           }, {
                              "value" : [ " and " ]
                           }, {
                              "r" : "238",
                              "s" : [ {
                                 "r" : "243",
                                 "s" : [ {
                                    "value" : [ "AgeInYears","()" ]
                                 } ]
                              }, {
                                 "r" : "245",
                                 "value" : [ " ",">="," ","18" ]
                              } ]
                           } ]
                        }, {
                           "value" : [ ")" ]
                        } ]
                     }, {
                        "value" : [ " or " ]
                     }, {
                        "r" : "248",
                        "s" : [ {
                           "value" : [ "(" ]
                        }, {
                           "r" : "248",
                           "s" : [ {
                              "r" : "255",
                              "s" : [ {
                                 "r" : "253",
                                 "s" : [ {
                                    "value" : [ "AgeInYears","()" ]
                                 } ]
                              }, {
                                 "value" : [ " is null" ]
                              } ]
                           }, {
                              "value" : [ " and " ]
                           }, {
                              "r" : "256",
                              "s" : [ {
                                 "r" : "319",
                                 "s" : [ {
                                    "value" : [ "MostRecentAgeValue" ]
                                 } ]
                              }, {
                                 "r" : "320",
                                 "value" : [ " ",">="," ","18" ]
                              } ]
                           } ]
                        }, {
                           "value" : [ ")" ]
                        } ]
                     } ]
                  } ]
               }
            } ],
            "expression" : {
               "localId" : "228",
               "locator" : "49:3-49:106",
               "type" : "Or",
               "signature" : [ ],
               "operand" : [ {
                  "localId" : "229",
                  "locator" : "49:3-49:51",
                  "type" : "And",
                  "signature" : [ ],
                  "operand" : [ {
                     "localId" : "237",
                     "locator" : "49:4-49:27",
                     "type" : "Not",
                     "signature" : [ ],
                     "operand" : {
                        "localId" : "236",
                        "locator" : "49:4-49:27",
                        "type" : "IsNull",
                        "signature" : [ ],
                        "operand" : {
                           "localId" : "234",
                           "locator" : "49:4-49:15",
                           "precision" : "Year",
                           "type" : "CalculateAge",
                           "signature" : [ {
                              "localId" : "235",
                              "name" : "{urn:hl7-org:elm-types:r1}Date",
                              "type" : "NamedTypeSpecifier"
                           } ],
                           "operand" : {
                              "localId" : "233",
                              "path" : "birthDate.value",
                              "type" : "Property",
                              "source" : {
                                 "localId" : "232",
                                 "name" : "Patient",
                                 "type" : "ExpressionRef"
                              }
                           }
                        }
                     }
                  }, {
                     "localId" : "238",
                     "locator" : "49:33-49:50",
                     "type" : "GreaterOrEqual",
                     "signature" : [ {
                        "localId" : "246",
                        "name" : "{urn:hl7-org:elm-types:r1}Integer",
                        "type" : "NamedTypeSpecifier"
                     }, {
                        "localId" : "247",
                        "name" : "{urn:hl7-org:elm-types:r1}Integer",
                        "type" : "NamedTypeSpecifier"
                     } ],
                     "operand" : [ {
                        "localId" : "243",
                        "locator" : "49:33-49:44",
                        "precision" : "Year",
                        "type" : "CalculateAge",
                        "signature" : [ {
                           "localId" : "244",
                           "name" : "{urn:hl7-org:elm-types:r1}Date",
                           "type" : "NamedTypeSpecifier"
                        } ],
                        "operand" : {
                           "localId" : "242",
                           "path" : "birthDate.value",
                           "type" : "Property",
                           "source" : {
                              "localId" : "241",
                              "name" : "Patient",
                              "type" : "ExpressionRef"
                           }
                        }
                     }, {
                        "localId" : "245",
                        "locator" : "49:49-49:50",
                        "valueType" : "{urn:hl7-org:elm-types:r1}Integer",
                        "value" : "18",
                        "type" : "Literal"
                     } ]
                  } ]
               }, {
                  "localId" : "248",
                  "locator" : "49:56-49:106",
                  "type" : "And",
                  "signature" : [ ],
                  "operand" : [ {
                     "localId" : "255",
                     "locator" : "49:57-49:76",
                     "type" : "IsNull",
                     "signature" : [ ],
                     "operand" : {
                        "localId" : "253",
                        "locator" : "49:57-49:68",
                        "precision" : "Year",
                        "type" : "CalculateAge",
                        "signature" : [ {
                           "localId" : "254",
                           "name" : "{urn:hl7-org:elm-types:r1}Date",
                           "type" : "NamedTypeSpecifier"
                        } ],
                        "operand" : {
                           "localId" : "252",
                           "path" : "birthDate.value",
                           "type" : "Property",
                           "source" : {
                              "localId" : "251",
                              "name" : "Patient",
                              "type" : "ExpressionRef"
                           }
                        }
                     }
                  }, {
                     "localId" : "256",
                     "locator" : "49:82-49:105",
                     "type" : "GreaterOrEqual",
                     "signature" : [ {
                        "localId" : "324",
                        "name" : "{urn:hl7-org:elm-types:r1}Decimal",
                        "type" : "NamedTypeSpecifier"
                     }, {
                        "localId" : "325",
                        "name" : "{urn:hl7-org:elm-types:r1}Decimal",
                        "type" : "NamedTypeSpecifier"
                     } ],
                     "operand" : [ {
                        "localId" : "319",
                        "locator" : "49:82-49:99",
                        "name" : "MostRecentAgeValue",
                        "type" : "ExpressionRef"
                     }, {
                        "localId" : "322",
                        "type" : "ToDecimal",
                        "signature" : [ {
                           "localId" : "323",
                           "name" : "{urn:hl7-org:elm-types:r1}Integer",
                           "type" : "NamedTypeSpecifier"
                        } ],
                        "operand" : {
                           "localId" : "320",
                           "locator" : "49:104-49:105",
                           "valueType" : "{urn:hl7-org:elm-types:r1}Integer",
                           "value" : "18",
                           "type" : "Literal"
                        }
                     } ]
                  } ]
               } ]
            }
         }, {
            "localId" : "328",
            "locator" : "58:1-59:62",
            "name" : "inc-assignedfemaleatbirthortransfemale",
            "context" : "Patient",
            "accessLevel" : "Public",
            "annotation" : [ {
               "type" : "Annotation",
               "s" : {
                  "r" : "328",
                  "s" : [ {
                     "value" : [ "","define ","\"inc-assignedfemaleatbirthortransfemale\"",":\n  " ]
                  }, {
                     "r" : "329",
                     "s" : [ {
                        "r" : "331",
                        "s" : [ {
                           "r" : "330",
                           "s" : [ {
                              "value" : [ "DataElements" ]
                           } ]
                        }, {
                           "value" : [ "." ]
                        }, {
                           "r" : "331",
                           "s" : [ {
                              "value" : [ "\"de-female\"" ]
                           } ]
                        } ]
                     }, {
                        "value" : [ " or " ]
                     }, {
                        "r" : "333",
                        "s" : [ {
                           "r" : "332",
                           "s" : [ {
                              "value" : [ "DataElements" ]
                           } ]
                        }, {
                           "value" : [ "." ]
                        }, {
                           "r" : "333",
                           "s" : [ {
                              "value" : [ "\"TransgenderFemale\"" ]
                           } ]
                        } ]
                     } ]
                  } ]
               }
            } ],
            "expression" : {
               "localId" : "329",
               "locator" : "59:3-59:62",
               "type" : "Or",
               "signature" : [ ],
               "operand" : [ {
                  "localId" : "331",
                  "locator" : "59:3-59:26",
                  "name" : "de-female",
                  "libraryName" : "DataElements",
                  "type" : "ExpressionRef"
               }, {
                  "localId" : "333",
                  "locator" : "59:31-59:62",
                  "name" : "TransgenderFemale",
                  "libraryName" : "DataElements",
                  "type" : "ExpressionRef"
               } ]
            }
         }, {
            "localId" : "224",
            "locator" : "44:1-45:65",
            "name" : "IsIncluded",
            "context" : "Patient",
            "accessLevel" : "Public",
            "annotation" : [ {
               "type" : "Annotation",
               "s" : {
                  "r" : "224",
                  "s" : [ {
                     "value" : [ "// INCLUSIONS\n","define ","IsIncluded",":\n  " ]
                  }, {
                     "r" : "225",
                     "s" : [ {
                        "r" : "326",
                        "s" : [ {
                           "value" : [ "\"inc-AgeAtLeast18\"" ]
                        } ]
                     }, {
                        "value" : [ " and " ]
                     }, {
                        "r" : "334",
                        "s" : [ {
                           "value" : [ "\"inc-assignedfemaleatbirthortransfemale\"" ]
                        } ]
                     } ]
                  } ]
               }
            } ],
            "expression" : {
               "localId" : "225",
               "locator" : "45:3-45:65",
               "type" : "And",
               "signature" : [ ],
               "operand" : [ {
                  "localId" : "326",
                  "locator" : "45:3-45:20",
                  "name" : "inc-AgeAtLeast18",
                  "type" : "ExpressionRef"
               }, {
                  "localId" : "334",
                  "locator" : "45:26-45:65",
                  "name" : "inc-assignedfemaleatbirthortransfemale",
                  "type" : "ExpressionRef"
               } ]
            }
         }, {
            "localId" : "338",
            "locator" : "62:1-63:7",
            "name" : "Excluded",
            "context" : "Patient",
            "accessLevel" : "Public",
            "annotation" : [ {
               "type" : "Annotation",
               "s" : {
                  "r" : "338",
                  "s" : [ {
                     "r" : "339",
                     "value" : [ "// EXCLUSIONS\n","define ","Excluded",":\n  ","false" ]
                  } ]
               }
            } ],
            "expression" : {
               "localId" : "339",
               "locator" : "63:3-63:7",
               "valueType" : "{urn:hl7-org:elm-types:r1}Boolean",
               "value" : "false",
               "type" : "Literal"
            }
         }, {
            "localId" : "221",
            "locator" : "40:1-41:29",
            "name" : "IsIncludedAndNotExcluded",
            "context" : "Patient",
            "accessLevel" : "Public",
            "annotation" : [ {
               "type" : "Annotation",
               "s" : {
                  "r" : "221",
                  "s" : [ {
                     "value" : [ "","define ","IsIncludedAndNotExcluded",":\n  " ]
                  }, {
                     "r" : "222",
                     "s" : [ {
                        "r" : "335",
                        "s" : [ {
                           "value" : [ "IsIncluded" ]
                        } ]
                     }, {
                        "value" : [ " and " ]
                     }, {
                        "r" : "336",
                        "s" : [ {
                           "value" : [ "not " ]
                        }, {
                           "r" : "340",
                           "s" : [ {
                              "value" : [ "Excluded" ]
                           } ]
                        } ]
                     } ]
                  } ]
               }
            } ],
            "expression" : {
               "localId" : "222",
               "locator" : "41:3-41:29",
               "type" : "And",
               "signature" : [ ],
               "operand" : [ {
                  "localId" : "335",
                  "locator" : "41:3-41:12",
                  "name" : "IsIncluded",
                  "type" : "ExpressionRef"
               }, {
                  "localId" : "336",
                  "locator" : "41:18-41:29",
                  "type" : "Not",
                  "signature" : [ ],
                  "operand" : {
                     "localId" : "340",
                     "locator" : "41:22-41:29",
                     "name" : "Excluded",
                     "type" : "ExpressionRef"
                  }
               } ]
            }
         }, {
            "localId" : "219",
            "locator" : "34:1-38:31",
            "name" : "CheckIsIncludedAndNotExcluded",
            "context" : "Patient",
            "accessLevel" : "Public",
            "annotation" : [ {
               "type" : "Annotation",
               "s" : {
                  "r" : "219",
                  "s" : [ {
                     "value" : [ "//------------------------------------------------------------------------------\n// INCLUSIONS/EXCLUSIONS\n//------------------------------------------------------------------------------\n\n","define ","CheckIsIncludedAndNotExcluded",":\n  " ]
                  }, {
                     "r" : "349",
                     "s" : [ {
                        "value" : [ "Message","(" ]
                     }, {
                        "r" : "341",
                        "s" : [ {
                           "value" : [ "IsIncludedAndNotExcluded" ]
                        } ]
                     }, {
                        "value" : [ ", " ]
                     }, {
                        "r" : "343",
                        "s" : [ {
                           "r" : "342",
                           "s" : [ {
                              "value" : [ "IsIncludedAndNotExcluded" ]
                           } ]
                        }, {
                           "value" : [ " is false" ]
                        } ]
                     }, {
                        "value" : [ ",\n    " ]
                     }, {
                        "r" : "344",
                        "s" : [ {
                           "value" : [ "'http://example.org/CodeSystem/plan-definition-action-reason-code-system/excludedornotincluded'" ]
                        } ]
                     }, {
                        "value" : [ ",\n    " ]
                     }, {
                        "r" : "345",
                        "s" : [ {
                           "value" : [ "'Error'" ]
                        } ]
                     }, {
                        "value" : [ ", \n    " ]
                     }, {
                        "r" : "346",
                        "s" : [ {
                           "value" : [ "'Excluded or not included'" ]
                        } ]
                     }, {
                        "value" : [ ")" ]
                     } ]
                  } ]
               }
            } ],
            "expression" : {
               "localId" : "349",
               "locator" : "35:3-38:31",
               "type" : "Message",
               "signature" : [ ],
               "source" : {
                  "localId" : "341",
                  "locator" : "35:11-35:34",
                  "name" : "IsIncludedAndNotExcluded",
                  "type" : "ExpressionRef"
               },
               "condition" : {
                  "localId" : "343",
                  "locator" : "35:37-35:69",
                  "type" : "IsFalse",
                  "signature" : [ ],
                  "operand" : {
                     "localId" : "342",
                     "locator" : "35:37-35:60",
                     "name" : "IsIncludedAndNotExcluded",
                     "type" : "ExpressionRef"
                  }
               },
               "code" : {
                  "localId" : "344",
                  "locator" : "36:5-36:99",
                  "valueType" : "{urn:hl7-org:elm-types:r1}String",
                  "value" : "http://example.org/CodeSystem/plan-definition-action-reason-code-system/excludedornotincluded",
                  "type" : "Literal"
               },
               "severity" : {
                  "localId" : "345",
                  "locator" : "37:5-37:11",
                  "valueType" : "{urn:hl7-org:elm-types:r1}String",
                  "value" : "Error",
                  "type" : "Literal"
               },
               "message" : {
                  "localId" : "346",
                  "locator" : "38:5-38:30",
                  "valueType" : "{urn:hl7-org:elm-types:r1}String",
                  "value" : "Excluded or not included",
                  "type" : "Literal"
               }
            }
         }, {
            "localId" : "356",
            "locator" : "83:1-85:53",
            "name" : "GeneticReferralVariant",
            "context" : "Patient",
            "accessLevel" : "Public",
            "annotation" : [ {
               "type" : "Annotation",
               "s" : {
                  "r" : "356",
                  "s" : [ {
                     "value" : [ "","define ","GeneticReferralVariant",":\n  " ]
                  }, {
                     "r" : "357",
                     "s" : [ {
                        "value" : [ "if " ]
                     }, {
                        "r" : "358",
                        "s" : [ {
                           "r" : "361",
                           "s" : [ {
                              "r" : "360",
                              "s" : [ {
                                 "r" : "359",
                                 "s" : [ {
                                    "value" : [ "Events" ]
                                 } ]
                              }, {
                                 "value" : [ "." ]
                              }, {
                                 "r" : "360",
                                 "s" : [ {
                                    "value" : [ "\"eve-fhxgeneinherited\"" ]
                                 } ]
                              } ]
                           }, {
                              "value" : [ " is true" ]
                           } ]
                        }, {
                           "value" : [ " and " ]
                        }, {
                           "r" : "364",
                           "s" : [ {
                              "r" : "363",
                              "s" : [ {
                                 "r" : "362",
                                 "s" : [ {
                                    "value" : [ "Events" ]
                                 } ]
                              }, {
                                 "value" : [ "." ]
                              }, {
                                 "r" : "363",
                                 "s" : [ {
                                    "value" : [ "\"eve-knownvariantstatus\"" ]
                                 } ]
                              } ]
                           }, {
                              "value" : [ " is false" ]
                           } ]
                        } ]
                     }, {
                        "value" : [ "\n  then " ]
                     }, {
                        "r" : "366",
                        "s" : [ {
                           "r" : "365",
                           "s" : [ {
                              "value" : [ "Actions" ]
                           } ]
                        }, {
                           "value" : [ "." ]
                        }, {
                           "r" : "366",
                           "s" : [ {
                              "value" : [ "\"act-geneticreferralvariant\"" ]
                           } ]
                        } ]
                     }, {
                        "r" : "367",
                        "value" : [ " else ","null" ]
                     } ]
                  } ]
               }
            } ],
            "expression" : {
               "localId" : "357",
               "locator" : "84:3-85:53",
               "type" : "If",
               "condition" : {
                  "localId" : "358",
                  "locator" : "84:6-84:87",
                  "type" : "And",
                  "signature" : [ ],
                  "operand" : [ {
                     "localId" : "361",
                     "locator" : "84:6-84:42",
                     "type" : "IsTrue",
                     "signature" : [ ],
                     "operand" : {
                        "localId" : "360",
                        "locator" : "84:6-84:34",
                        "name" : "eve-fhxgeneinherited",
                        "libraryName" : "Events",
                        "type" : "ExpressionRef"
                     }
                  }, {
                     "localId" : "364",
                     "locator" : "84:48-84:87",
                     "type" : "IsFalse",
                     "signature" : [ ],
                     "operand" : {
                        "localId" : "363",
                        "locator" : "84:48-84:78",
                        "name" : "eve-knownvariantstatus",
                        "libraryName" : "Events",
                        "type" : "ExpressionRef"
                     }
                  } ]
               },
               "then" : {
                  "localId" : "366",
                  "locator" : "85:8-85:43",
                  "name" : "act-geneticreferralvariant",
                  "libraryName" : "Actions",
                  "type" : "ExpressionRef"
               },
               "else" : {
                  "localId" : "368",
                  "type" : "As",
                  "signature" : [ ],
                  "operand" : {
                     "localId" : "367",
                     "locator" : "85:50-85:53",
                     "type" : "Null"
                  },
                  "asTypeSpecifier" : {
                     "localId" : "369",
                     "type" : "TupleTypeSpecifier",
                     "element" : [ {
                        "localId" : "370",
                        "name" : "code",
                        "elementType" : {
                           "localId" : "371",
                           "name" : "{urn:hl7-org:elm-types:r1}Code",
                           "type" : "NamedTypeSpecifier"
                        }
                     }, {
                        "localId" : "372",
                        "name" : "reason",
                        "elementType" : {
                           "localId" : "373",
                           "name" : "{urn:hl7-org:elm-types:r1}Code",
                           "type" : "NamedTypeSpecifier"
                        }
                     }, {
                        "localId" : "374",
                        "name" : "documentation",
                        "elementType" : {
                           "localId" : "375",
                           "type" : "TupleTypeSpecifier",
                           "element" : [ {
                              "localId" : "376",
                              "name" : "label",
                              "elementType" : {
                                 "localId" : "377",
                                 "name" : "{urn:hl7-org:elm-types:r1}String",
                                 "type" : "NamedTypeSpecifier"
                              }
                           } ]
                        }
                     } ]
                  }
               }
            }
         }, {
            "localId" : "380",
            "locator" : "87:1-89:54",
            "name" : "GeneticReferralAncestry",
            "context" : "Patient",
            "accessLevel" : "Public",
            "annotation" : [ {
               "type" : "Annotation",
               "s" : {
                  "r" : "380",
                  "s" : [ {
                     "value" : [ "","define ","GeneticReferralAncestry",":\n  " ]
                  }, {
                     "r" : "381",
                     "s" : [ {
                        "value" : [ "if " ]
                     }, {
                        "r" : "384",
                        "s" : [ {
                           "r" : "383",
                           "s" : [ {
                              "r" : "382",
                              "s" : [ {
                                 "value" : [ "Events" ]
                              } ]
                           }, {
                              "value" : [ "." ]
                           }, {
                              "r" : "383",
                              "s" : [ {
                                 "value" : [ "\"eve-brcageneancestry\"" ]
                              } ]
                           } ]
                        }, {
                           "value" : [ " is true" ]
                        } ]
                     }, {
                        "value" : [ "\n  then " ]
                     }, {
                        "r" : "386",
                        "s" : [ {
                           "r" : "385",
                           "s" : [ {
                              "value" : [ "Actions" ]
                           } ]
                        }, {
                           "value" : [ "." ]
                        }, {
                           "r" : "386",
                           "s" : [ {
                              "value" : [ "\"act-geneticreferralancestry\"" ]
                           } ]
                        } ]
                     }, {
                        "r" : "387",
                        "value" : [ " else ","null" ]
                     } ]
                  } ]
               }
            } ],
            "expression" : {
               "localId" : "381",
               "locator" : "88:3-89:54",
               "type" : "If",
               "condition" : {
                  "localId" : "384",
                  "locator" : "88:6-88:42",
                  "type" : "IsTrue",
                  "signature" : [ ],
                  "operand" : {
                     "localId" : "383",
                     "locator" : "88:6-88:34",
                     "name" : "eve-brcageneancestry",
                     "libraryName" : "Events",
                     "type" : "ExpressionRef"
                  }
               },
               "then" : {
                  "localId" : "386",
                  "locator" : "89:8-89:44",
                  "name" : "act-geneticreferralancestry",
                  "libraryName" : "Actions",
                  "type" : "ExpressionRef"
               },
               "else" : {
                  "localId" : "388",
                  "type" : "As",
                  "signature" : [ ],
                  "operand" : {
                     "localId" : "387",
                     "locator" : "89:51-89:54",
                     "type" : "Null"
                  },
                  "asTypeSpecifier" : {
                     "localId" : "389",
                     "type" : "TupleTypeSpecifier",
                     "element" : [ {
                        "localId" : "390",
                        "name" : "code",
                        "elementType" : {
                           "localId" : "391",
                           "name" : "{urn:hl7-org:elm-types:r1}Code",
                           "type" : "NamedTypeSpecifier"
                        }
                     }, {
                        "localId" : "392",
                        "name" : "reason",
                        "elementType" : {
                           "localId" : "393",
                           "name" : "{urn:hl7-org:elm-types:r1}Code",
                           "type" : "NamedTypeSpecifier"
                        }
                     }, {
                        "localId" : "394",
                        "name" : "documentation",
                        "elementType" : {
                           "localId" : "395",
                           "type" : "TupleTypeSpecifier",
                           "element" : [ {
                              "localId" : "396",
                              "name" : "label",
                              "elementType" : {
                                 "localId" : "397",
                                 "name" : "{urn:hl7-org:elm-types:r1}String",
                                 "type" : "NamedTypeSpecifier"
                              }
                           } ]
                        }
                     } ]
                  }
               }
            }
         }, {
            "localId" : "400",
            "locator" : "96:1-99:50",
            "name" : "GeneticReferralRisk",
            "context" : "Patient",
            "accessLevel" : "Public",
            "annotation" : [ {
               "type" : "Annotation",
               "s" : {
                  "r" : "400",
                  "s" : [ {
                     "value" : [ "","define ","GeneticReferralRisk",":\n  " ]
                  }, {
                     "r" : "401",
                     "s" : [ {
                        "value" : [ "if " ]
                     }, {
                        "r" : "402",
                        "s" : [ {
                           "r" : "405",
                           "s" : [ {
                              "r" : "404",
                              "s" : [ {
                                 "r" : "403",
                                 "s" : [ {
                                    "value" : [ "Events" ]
                                 } ]
                              }, {
                                 "value" : [ "." ]
                              }, {
                                 "r" : "404",
                                 "s" : [ {
                                    "value" : [ "\"eve-fhxriskresult\"" ]
                                 } ]
                              } ]
                           }, {
                              "value" : [ " is true" ]
                           } ]
                        }, {
                           "value" : [ "\n    and " ]
                        }, {
                           "r" : "407",
                           "s" : [ {
                              "r" : "406",
                              "s" : [ {
                                 "value" : [ "Events" ]
                              } ]
                           }, {
                              "value" : [ "." ]
                           }, {
                              "r" : "407",
                              "s" : [ {
                                 "value" : [ "ValidMostRecentFamilialRiskAssessment" ]
                              } ]
                           } ]
                        } ]
                     }, {
                        "value" : [ "\n  then " ]
                     }, {
                        "r" : "409",
                        "s" : [ {
                           "r" : "408",
                           "s" : [ {
                              "value" : [ "Actions" ]
                           } ]
                        }, {
                           "value" : [ "." ]
                        }, {
                           "r" : "409",
                           "s" : [ {
                              "value" : [ "\"act-geneticreferralrisk\"" ]
                           } ]
                        } ]
                     }, {
                        "r" : "410",
                        "value" : [ " else ","null" ]
                     } ]
                  } ]
               }
            } ],
            "expression" : {
               "localId" : "401",
               "locator" : "97:3-99:50",
               "type" : "If",
               "condition" : {
                  "localId" : "402",
                  "locator" : "97:6-98:52",
                  "type" : "And",
                  "signature" : [ ],
                  "operand" : [ {
                     "localId" : "405",
                     "locator" : "97:6-97:39",
                     "type" : "IsTrue",
                     "signature" : [ ],
                     "operand" : {
                        "localId" : "404",
                        "locator" : "97:6-97:31",
                        "name" : "eve-fhxriskresult",
                        "libraryName" : "Events",
                        "type" : "ExpressionRef"
                     }
                  }, {
                     "localId" : "407",
                     "locator" : "98:9-98:52",
                     "name" : "ValidMostRecentFamilialRiskAssessment",
                     "libraryName" : "Events",
                     "type" : "ExpressionRef"
                  } ]
               },
               "then" : {
                  "localId" : "409",
                  "locator" : "99:8-99:40",
                  "name" : "act-geneticreferralrisk",
                  "libraryName" : "Actions",
                  "type" : "ExpressionRef"
               },
               "else" : {
                  "localId" : "411",
                  "type" : "As",
                  "signature" : [ ],
                  "operand" : {
                     "localId" : "410",
                     "locator" : "99:47-99:50",
                     "type" : "Null"
                  },
                  "asTypeSpecifier" : {
                     "localId" : "412",
                     "type" : "TupleTypeSpecifier",
                     "element" : [ {
                        "localId" : "413",
                        "name" : "code",
                        "elementType" : {
                           "localId" : "414",
                           "name" : "{urn:hl7-org:elm-types:r1}Code",
                           "type" : "NamedTypeSpecifier"
                        }
                     }, {
                        "localId" : "415",
                        "name" : "reason",
                        "elementType" : {
                           "localId" : "416",
                           "name" : "{urn:hl7-org:elm-types:r1}Code",
                           "type" : "NamedTypeSpecifier"
                        }
                     }, {
                        "localId" : "417",
                        "name" : "documentation",
                        "elementType" : {
                           "localId" : "418",
                           "type" : "TupleTypeSpecifier",
                           "element" : [ {
                              "localId" : "419",
                              "name" : "label",
                              "elementType" : {
                                 "localId" : "420",
                                 "name" : "{urn:hl7-org:elm-types:r1}String",
                                 "type" : "NamedTypeSpecifier"
                              }
                           } ]
                        }
                     } ]
                  }
               }
            }
         }, {
            "localId" : "354",
            "locator" : "76:1-81:3",
            "name" : "GeneticRiskReferral",
            "context" : "Patient",
            "accessLevel" : "Public",
            "annotation" : [ {
               "type" : "Annotation",
               "s" : {
                  "r" : "354",
                  "s" : [ {
                     "value" : [ "","define ","GeneticRiskReferral",":\n  " ]
                  }, {
                     "r" : "424",
                     "s" : [ {
                        "value" : [ "Coalesce","(\n    " ]
                     }, {
                        "r" : "378",
                        "s" : [ {
                           "value" : [ "GeneticReferralVariant" ]
                        } ]
                     }, {
                        "value" : [ ",\n    " ]
                     }, {
                        "r" : "398",
                        "s" : [ {
                           "value" : [ "GeneticReferralAncestry" ]
                        } ]
                     }, {
                        "value" : [ ",\n    " ]
                     }, {
                        "r" : "421",
                        "s" : [ {
                           "value" : [ "GeneticReferralRisk" ]
                        } ]
                     }, {
                        "value" : [ "\n  )" ]
                     } ]
                  } ]
               }
            } ],
            "expression" : {
               "localId" : "424",
               "locator" : "77:3-81:3",
               "type" : "Coalesce",
               "signature" : [ ],
               "operand" : [ {
                  "localId" : "378",
                  "locator" : "78:5-78:26",
                  "name" : "GeneticReferralVariant",
                  "type" : "ExpressionRef"
               }, {
                  "localId" : "398",
                  "locator" : "79:5-79:27",
                  "name" : "GeneticReferralAncestry",
                  "type" : "ExpressionRef"
               }, {
                  "localId" : "421",
                  "locator" : "80:5-80:23",
                  "name" : "GeneticReferralRisk",
                  "type" : "ExpressionRef"
               } ]
            }
         }, {
            "localId" : "427",
            "locator" : "91:1-94:73",
            "name" : "GeneticRiskAssessment",
            "context" : "Patient",
            "accessLevel" : "Public",
            "annotation" : [ {
               "type" : "Annotation",
               "s" : {
                  "r" : "427",
                  "s" : [ {
                     "value" : [ "","define ","GeneticRiskAssessment",":\n  " ]
                  }, {
                     "r" : "428",
                     "s" : [ {
                        "value" : [ "if " ]
                     }, {
                        "r" : "429",
                        "s" : [ {
                           "r" : "430",
                           "s" : [ {
                              "r" : "432",
                              "s" : [ {
                                 "r" : "431",
                                 "s" : [ {
                                    "value" : [ "GeneticRiskReferral" ]
                                 } ]
                              }, {
                                 "value" : [ " is null" ]
                              } ]
                           }, {
                              "value" : [ " and " ]
                           }, {
                              "r" : "435",
                              "s" : [ {
                                 "r" : "434",
                                 "s" : [ {
                                    "r" : "433",
                                    "s" : [ {
                                       "value" : [ "Events" ]
                                    } ]
                                 }, {
                                    "value" : [ "." ]
                                 }, {
                                    "r" : "434",
                                    "s" : [ {
                                       "value" : [ "\"eve-fhxbrcaovcatubalperit\"" ]
                                    } ]
                                 } ]
                              }, {
                                 "value" : [ " is true" ]
                              } ]
                           } ]
                        }, {
                           "value" : [ " \n    and " ]
                        }, {
                           "r" : "438",
                           "s" : [ {
                              "r" : "437",
                              "s" : [ {
                                 "r" : "436",
                                 "s" : [ {
                                    "value" : [ "Events" ]
                                 } ]
                              }, {
                                 "value" : [ "." ]
                              }, {
                                 "r" : "437",
                                 "s" : [ {
                                    "value" : [ "ValidMostRecentFamilialRiskAssessment" ]
                                 } ]
                              } ]
                           }, {
                              "value" : [ " is false" ]
                           } ]
                        } ]
                     }, {
                        "value" : [ "\n  then " ]
                     }, {
                        "r" : "439",
                        "s" : [ {
                           "value" : [ "{" ]
                        }, {
                           "r" : "441",
                           "s" : [ {
                              "r" : "440",
                              "s" : [ {
                                 "value" : [ "Actions" ]
                              } ]
                           }, {
                              "value" : [ "." ]
                           }, {
                              "r" : "441",
                              "s" : [ {
                                 "value" : [ "\"act-fhxrisktool\"" ]
                              } ]
                           } ]
                        }, {
                           "value" : [ ", " ]
                        }, {
                           "r" : "443",
                           "s" : [ {
                              "r" : "442",
                              "s" : [ {
                                 "value" : [ "Actions" ]
                              } ]
                           }, {
                              "value" : [ "." ]
                           }, {
                              "r" : "443",
                              "s" : [ {
                                 "value" : [ "\"act-fhxriskassess\"" ]
                              } ]
                           } ]
                        }, {
                           "value" : [ "}" ]
                        } ]
                     }, {
                        "r" : "444",
                        "value" : [ " else ","null" ]
                     } ]
                  } ]
               }
            } ],
            "expression" : {
               "localId" : "428",
               "locator" : "92:3-94:73",
               "type" : "If",
               "condition" : {
                  "localId" : "429",
                  "locator" : "92:6-93:61",
                  "type" : "And",
                  "signature" : [ ],
                  "operand" : [ {
                     "localId" : "430",
                     "locator" : "92:6-92:79",
                     "type" : "And",
                     "signature" : [ ],
                     "operand" : [ {
                        "localId" : "432",
                        "locator" : "92:6-92:32",
                        "type" : "IsNull",
                        "signature" : [ ],
                        "operand" : {
                           "localId" : "431",
                           "locator" : "92:6-92:24",
                           "name" : "GeneticRiskReferral",
                           "type" : "ExpressionRef"
                        }
                     }, {
                        "localId" : "435",
                        "locator" : "92:38-92:79",
                        "type" : "IsTrue",
                        "signature" : [ ],
                        "operand" : {
                           "localId" : "434",
                           "locator" : "92:38-92:71",
                           "name" : "eve-fhxbrcaovcatubalperit",
                           "libraryName" : "Events",
                           "type" : "ExpressionRef"
                        }
                     } ]
                  }, {
                     "localId" : "438",
                     "locator" : "93:9-93:61",
                     "type" : "IsFalse",
                     "signature" : [ ],
                     "operand" : {
                        "localId" : "437",
                        "locator" : "93:9-93:52",
                        "name" : "ValidMostRecentFamilialRiskAssessment",
                        "libraryName" : "Events",
                        "type" : "ExpressionRef"
                     }
                  } ]
               },
               "then" : {
                  "localId" : "439",
                  "locator" : "94:8-94:63",
                  "type" : "List",
                  "element" : [ {
                     "localId" : "441",
                     "locator" : "94:9-94:33",
                     "name" : "act-fhxrisktool",
                     "libraryName" : "Actions",
                     "type" : "ExpressionRef"
                  }, {
                     "localId" : "443",
                     "locator" : "94:36-94:62",
                     "name" : "act-fhxriskassess",
                     "libraryName" : "Actions",
                     "type" : "ExpressionRef"
                  } ]
               },
               "else" : {
                  "localId" : "445",
                  "type" : "As",
                  "signature" : [ ],
                  "operand" : {
                     "localId" : "444",
                     "locator" : "94:70-94:73",
                     "type" : "Null"
                  },
                  "asTypeSpecifier" : {
                     "localId" : "446",
                     "type" : "ListTypeSpecifier",
                     "elementType" : {
                        "localId" : "447",
                        "type" : "TupleTypeSpecifier",
                        "element" : [ {
                           "localId" : "448",
                           "name" : "code",
                           "elementType" : {
                              "localId" : "449",
                              "name" : "{urn:hl7-org:elm-types:r1}Code",
                              "type" : "NamedTypeSpecifier"
                           }
                        }, {
                           "localId" : "450",
                           "name" : "reason",
                           "elementType" : {
                              "localId" : "451",
                              "name" : "{urn:hl7-org:elm-types:r1}Code",
                              "type" : "NamedTypeSpecifier"
                           }
                        }, {
                           "localId" : "452",
                           "name" : "documentation",
                           "elementType" : {
                              "localId" : "453",
                              "type" : "TupleTypeSpecifier",
                              "element" : [ {
                                 "localId" : "454",
                                 "name" : "label",
                                 "elementType" : {
                                    "localId" : "455",
                                    "name" : "{urn:hl7-org:elm-types:r1}String",
                                    "type" : "NamedTypeSpecifier"
                                 }
                              } ]
                           }
                        } ]
                     }
                  }
               }
            }
         }, {
            "localId" : "351",
            "locator" : "69:1-74:21",
            "name" : "flow-GeneticRiskReferral",
            "context" : "Patient",
            "accessLevel" : "Public",
            "annotation" : [ {
               "type" : "Annotation",
               "s" : {
                  "r" : "351",
                  "s" : [ {
                     "value" : [ "//------------------------------------------------------------------------------\n// RECOMMENDATIONS\n//------------------------------------------------------------------------------\n\n","define ","\"flow-GeneticRiskReferral\"",":\n  " ]
                  }, {
                     "r" : "463",
                     "s" : [ {
                        "r" : "352",
                        "s" : [ {
                           "value" : [ "{\n    " ]
                        }, {
                           "r" : "425",
                           "s" : [ {
                              "value" : [ "GeneticRiskReferral" ]
                           } ]
                        }, {
                           "value" : [ ", \n    " ]
                        }, {
                           "r" : "456",
                           "s" : [ {
                              "value" : [ "GeneticRiskAssessment" ]
                           } ]
                        }, {
                           "value" : [ "\n  }" ]
                        } ]
                     }, {
                        "value" : [ "\n  except " ]
                     }, {
                        "r" : "457",
                        "s" : [ {
                           "r" : "458",
                           "value" : [ "{ ","null",", ","{}"," }" ]
                        } ]
                     } ]
                  } ]
               }
            } ],
            "expression" : {
               "localId" : "463",
               "locator" : "70:3-74:21",
               "type" : "Except",
               "signature" : [ ],
               "operand" : [ {
                  "localId" : "352",
                  "locator" : "70:3-73:3",
                  "type" : "List",
                  "element" : [ {
                     "localId" : "425",
                     "locator" : "71:5-71:23",
                     "name" : "GeneticRiskReferral",
                     "type" : "ExpressionRef"
                  }, {
                     "localId" : "456",
                     "locator" : "72:5-72:25",
                     "name" : "GeneticRiskAssessment",
                     "type" : "ExpressionRef"
                  } ]
               }, {
                  "localId" : "457",
                  "locator" : "74:10-74:21",
                  "type" : "List",
                  "element" : [ {
                     "localId" : "460",
                     "type" : "As",
                     "signature" : [ ],
                     "operand" : {
                        "localId" : "458",
                        "locator" : "74:12-74:15",
                        "type" : "Null"
                     },
                     "asTypeSpecifier" : {
                        "localId" : "461",
                        "type" : "ListTypeSpecifier",
                        "elementType" : {
                           "localId" : "462",
                           "name" : "{urn:hl7-org:elm-types:r1}Any",
                           "type" : "NamedTypeSpecifier"
                        }
                     }
                  }, {
                     "localId" : "459",
                     "locator" : "74:18-74:19",
                     "type" : "List",
                     "element" : [ ]
                  } ]
               } ]
            }
         }, {
            "localId" : "465",
            "locator" : "105:1-106:36",
            "name" : "ExistsGeneticReferralVariant",
            "context" : "Patient",
            "accessLevel" : "Public",
            "annotation" : [ {
               "type" : "Annotation",
               "s" : {
                  "r" : "465",
                  "s" : [ {
                     "value" : [ "//------------------------------------------------------------------------------\n// DYNAMIC VALUES\n//------------------------------------------------------------------------------    \n\n","define ","ExistsGeneticReferralVariant",":\n  " ]
                  }, {
                     "r" : "468",
                     "s" : [ {
                        "r" : "466",
                        "s" : [ {
                           "value" : [ "GeneticReferralVariant" ]
                        } ]
                     }, {
                        "value" : [ " is not null" ]
                     } ]
                  } ]
               }
            } ],
            "expression" : {
               "localId" : "468",
               "locator" : "106:3-106:36",
               "type" : "Not",
               "signature" : [ ],
               "operand" : {
                  "localId" : "467",
                  "locator" : "106:3-106:36",
                  "type" : "IsNull",
                  "signature" : [ ],
                  "operand" : {
                     "localId" : "466",
                     "locator" : "106:3-106:24",
                     "name" : "GeneticReferralVariant",
                     "type" : "ExpressionRef"
                  }
               }
            }
         }, {
            "localId" : "470",
            "locator" : "108:1-109:37",
            "name" : "ExistsGeneticReferralAncestry",
            "context" : "Patient",
            "accessLevel" : "Public",
            "annotation" : [ {
               "type" : "Annotation",
               "s" : {
                  "r" : "470",
                  "s" : [ {
                     "value" : [ "","define ","ExistsGeneticReferralAncestry",":\n  " ]
                  }, {
                     "r" : "473",
                     "s" : [ {
                        "r" : "471",
                        "s" : [ {
                           "value" : [ "GeneticReferralAncestry" ]
                        } ]
                     }, {
                        "value" : [ " is not null" ]
                     } ]
                  } ]
               }
            } ],
            "expression" : {
               "localId" : "473",
               "locator" : "109:3-109:37",
               "type" : "Not",
               "signature" : [ ],
               "operand" : {
                  "localId" : "472",
                  "locator" : "109:3-109:37",
                  "type" : "IsNull",
                  "signature" : [ ],
                  "operand" : {
                     "localId" : "471",
                     "locator" : "109:3-109:25",
                     "name" : "GeneticReferralAncestry",
                     "type" : "ExpressionRef"
                  }
               }
            }
         }, {
            "localId" : "475",
            "locator" : "111:1-112:33",
            "name" : "ExistsGeneticReferralRisk",
            "context" : "Patient",
            "accessLevel" : "Public",
            "annotation" : [ {
               "type" : "Annotation",
               "s" : {
                  "r" : "475",
                  "s" : [ {
                     "value" : [ "","define ","ExistsGeneticReferralRisk",":\n  " ]
                  }, {
                     "r" : "478",
                     "s" : [ {
                        "r" : "476",
                        "s" : [ {
                           "value" : [ "GeneticReferralRisk" ]
                        } ]
                     }, {
                        "value" : [ " is not null" ]
                     } ]
                  } ]
               }
            } ],
            "expression" : {
               "localId" : "478",
               "locator" : "112:3-112:33",
               "type" : "Not",
               "signature" : [ ],
               "operand" : {
                  "localId" : "477",
                  "locator" : "112:3-112:33",
                  "type" : "IsNull",
                  "signature" : [ ],
                  "operand" : {
                     "localId" : "476",
                     "locator" : "112:3-112:21",
                     "name" : "GeneticReferralRisk",
                     "type" : "ExpressionRef"
                  }
               }
            }
         }, {
            "localId" : "480",
            "locator" : "114:1-115:26",
            "name" : "GeneticRiskReferralCode",
            "context" : "Patient",
            "accessLevel" : "Public",
            "annotation" : [ {
               "type" : "Annotation",
               "s" : {
                  "r" : "480",
                  "s" : [ {
                     "value" : [ "","define ","GeneticRiskReferralCode",":\n  " ]
                  }, {
                     "r" : "482",
                     "s" : [ {
                        "r" : "481",
                        "s" : [ {
                           "value" : [ "GeneticRiskReferral" ]
                        } ]
                     }, {
                        "value" : [ "." ]
                     }, {
                        "r" : "482",
                        "s" : [ {
                           "value" : [ "code" ]
                        } ]
                     } ]
                  } ]
               }
            } ],
            "expression" : {
               "localId" : "482",
               "locator" : "115:3-115:26",
               "path" : "code",
               "type" : "Property",
               "source" : {
                  "localId" : "481",
                  "locator" : "115:3-115:21",
                  "name" : "GeneticRiskReferral",
                  "type" : "ExpressionRef"
               }
            }
         }, {
            "localId" : "484",
            "locator" : "117:1-118:28",
            "name" : "GeneticRiskReferralReason",
            "context" : "Patient",
            "accessLevel" : "Public",
            "annotation" : [ {
               "type" : "Annotation",
               "s" : {
                  "r" : "484",
                  "s" : [ {
                     "value" : [ "","define ","GeneticRiskReferralReason",":\n  " ]
                  }, {
                     "r" : "486",
                     "s" : [ {
                        "r" : "485",
                        "s" : [ {
                           "value" : [ "GeneticRiskReferral" ]
                        } ]
                     }, {
                        "value" : [ "." ]
                     }, {
                        "r" : "486",
                        "s" : [ {
                           "value" : [ "reason" ]
                        } ]
                     } ]
                  } ]
               }
            } ],
            "expression" : {
               "localId" : "486",
               "locator" : "118:3-118:28",
               "path" : "reason",
               "type" : "Property",
               "source" : {
                  "localId" : "485",
                  "locator" : "118:3-118:21",
                  "name" : "GeneticRiskReferral",
                  "type" : "ExpressionRef"
               }
            }
         }, {
            "localId" : "488",
            "locator" : "120:1-121:35",
            "name" : "ExistsGeneticRiskAssessment",
            "context" : "Patient",
            "accessLevel" : "Public",
            "annotation" : [ {
               "type" : "Annotation",
               "s" : {
                  "r" : "488",
                  "s" : [ {
                     "value" : [ "","define ","ExistsGeneticRiskAssessment",":\n  " ]
                  }, {
                     "r" : "491",
                     "s" : [ {
                        "r" : "489",
                        "s" : [ {
                           "value" : [ "GeneticRiskAssessment" ]
                        } ]
                     }, {
                        "value" : [ " is not null" ]
                     } ]
                  } ]
               }
            } ],
            "expression" : {
               "localId" : "491",
               "locator" : "121:3-121:35",
               "type" : "Not",
               "signature" : [ ],
               "operand" : {
                  "localId" : "490",
                  "locator" : "121:3-121:35",
                  "type" : "IsNull",
                  "signature" : [ ],
                  "operand" : {
                     "localId" : "489",
                     "locator" : "121:3-121:23",
                     "name" : "GeneticRiskAssessment",
                     "type" : "ExpressionRef"
                  }
               }
            }
         }, {
            "localId" : "493",
            "locator" : "123:1-124:34",
            "name" : "GeneticRiskAssessmentToolCode",
            "context" : "Patient",
            "accessLevel" : "Public",
            "annotation" : [ {
               "type" : "Annotation",
               "s" : {
                  "r" : "493",
                  "s" : [ {
                     "value" : [ "","define ","GeneticRiskAssessmentToolCode",":\n  " ]
                  }, {
                     "r" : "496",
                     "s" : [ {
                        "r" : "495",
                        "s" : [ {
                           "value" : [ "(" ]
                        }, {
                           "r" : "495",
                           "s" : [ {
                              "r" : "494",
                              "s" : [ {
                                 "value" : [ "Actions" ]
                              } ]
                           }, {
                              "value" : [ "." ]
                           }, {
                              "r" : "495",
                              "s" : [ {
                                 "value" : [ "\"act-fhxrisktool\"" ]
                              } ]
                           } ]
                        }, {
                           "value" : [ ")" ]
                        } ]
                     }, {
                        "value" : [ "." ]
                     }, {
                        "r" : "496",
                        "s" : [ {
                           "value" : [ "code" ]
                        } ]
                     } ]
                  } ]
               }
            } ],
            "expression" : {
               "localId" : "496",
               "locator" : "124:3-124:34",
               "path" : "code",
               "type" : "Property",
               "source" : {
                  "localId" : "495",
                  "locator" : "124:3-124:29",
                  "name" : "act-fhxrisktool",
                  "libraryName" : "Actions",
                  "type" : "ExpressionRef"
               }
            }
         }, {
            "localId" : "498",
            "locator" : "126:1-127:36",
            "name" : "GeneticRiskAssessmentToolReason",
            "context" : "Patient",
            "accessLevel" : "Public",
            "annotation" : [ {
               "type" : "Annotation",
               "s" : {
                  "r" : "498",
                  "s" : [ {
                     "value" : [ "","define ","GeneticRiskAssessmentToolReason",":\n  " ]
                  }, {
                     "r" : "501",
                     "s" : [ {
                        "r" : "500",
                        "s" : [ {
                           "value" : [ "(" ]
                        }, {
                           "r" : "500",
                           "s" : [ {
                              "r" : "499",
                              "s" : [ {
                                 "value" : [ "Actions" ]
                              } ]
                           }, {
                              "value" : [ "." ]
                           }, {
                              "r" : "500",
                              "s" : [ {
                                 "value" : [ "\"act-fhxrisktool\"" ]
                              } ]
                           } ]
                        }, {
                           "value" : [ ")" ]
                        } ]
                     }, {
                        "value" : [ "." ]
                     }, {
                        "r" : "501",
                        "s" : [ {
                           "value" : [ "reason" ]
                        } ]
                     } ]
                  } ]
               }
            } ],
            "expression" : {
               "localId" : "501",
               "locator" : "127:3-127:36",
               "path" : "reason",
               "type" : "Property",
               "source" : {
                  "localId" : "500",
                  "locator" : "127:3-127:29",
                  "name" : "act-fhxrisktool",
                  "libraryName" : "Actions",
                  "type" : "ExpressionRef"
               }
            }
         }, {
            "localId" : "503",
            "locator" : "129:1-130:36",
            "name" : "GeneticRiskAssessmentCode",
            "context" : "Patient",
            "accessLevel" : "Public",
            "annotation" : [ {
               "type" : "Annotation",
               "s" : {
                  "r" : "503",
                  "s" : [ {
                     "value" : [ "","define ","GeneticRiskAssessmentCode",":\n  " ]
                  }, {
                     "r" : "506",
                     "s" : [ {
                        "r" : "505",
                        "s" : [ {
                           "value" : [ "(" ]
                        }, {
                           "r" : "505",
                           "s" : [ {
                              "r" : "504",
                              "s" : [ {
                                 "value" : [ "Actions" ]
                              } ]
                           }, {
                              "value" : [ "." ]
                           }, {
                              "r" : "505",
                              "s" : [ {
                                 "value" : [ "\"act-fhxriskassess\"" ]
                              } ]
                           } ]
                        }, {
                           "value" : [ ")" ]
                        } ]
                     }, {
                        "value" : [ "." ]
                     }, {
                        "r" : "506",
                        "s" : [ {
                           "value" : [ "code" ]
                        } ]
                     } ]
                  } ]
               }
            } ],
            "expression" : {
               "localId" : "506",
               "locator" : "130:3-130:36",
               "path" : "code",
               "type" : "Property",
               "source" : {
                  "localId" : "505",
                  "locator" : "130:3-130:31",
                  "name" : "act-fhxriskassess",
                  "libraryName" : "Actions",
                  "type" : "ExpressionRef"
               }
            }
         }, {
            "localId" : "508",
            "locator" : "132:1-133:38",
            "name" : "GeneticRiskAssessmentReason",
            "context" : "Patient",
            "accessLevel" : "Public",
            "annotation" : [ {
               "type" : "Annotation",
               "s" : {
                  "r" : "508",
                  "s" : [ {
                     "value" : [ "","define ","GeneticRiskAssessmentReason",":\n  " ]
                  }, {
                     "r" : "511",
                     "s" : [ {
                        "r" : "510",
                        "s" : [ {
                           "value" : [ "(" ]
                        }, {
                           "r" : "510",
                           "s" : [ {
                              "r" : "509",
                              "s" : [ {
                                 "value" : [ "Actions" ]
                              } ]
                           }, {
                              "value" : [ "." ]
                           }, {
                              "r" : "510",
                              "s" : [ {
                                 "value" : [ "\"act-fhxriskassess\"" ]
                              } ]
                           } ]
                        }, {
                           "value" : [ ")" ]
                        } ]
                     }, {
                        "value" : [ "." ]
                     }, {
                        "r" : "511",
                        "s" : [ {
                           "value" : [ "reason" ]
                        } ]
                     } ]
                  } ]
               }
            } ],
            "expression" : {
               "localId" : "511",
               "locator" : "133:3-133:38",
               "path" : "reason",
               "type" : "Property",
               "source" : {
                  "localId" : "510",
                  "locator" : "133:3-133:31",
                  "name" : "act-fhxriskassess",
                  "libraryName" : "Actions",
                  "type" : "ExpressionRef"
               }
            }
         } ]
      }
   }
}