{
   "library" : {
      "localId" : "0",
      "annotation" : [ {
         "translatorVersion" : "3.11.0",
         "translatorOptions" : "EnableAnnotations,EnableLocators,DisableListDemotion,DisableListPromotion",
         "signatureLevel" : "Overloads",
         "type" : "CqlToElmInfo"
      }, {
         "type" : "Annotation",
         "s" : {
            "r" : "282",
            "s" : [ {
               "value" : [ "/*  \n  Author: CMS Alliance to Modernize Healthcare, operated by THE MITRE Corporation.\n\n  (C) 2024 The MITRE Corporation. All Rights Reserved. \n  Approved for Public Release: 24-2711. \n  Distribution Unlimited.\n\n  Unless otherwise noted, this work is available under an Apache 2.0 license. \n  It was produced by the MITRE Corporation for the Division of Cancer Prevention \n  and Control, Centers for Disease Control and Prevention in accordance with the \n  Statement of Work, contract number 75FCMC18D0047, task order number 75D30123F17931.\n*/\n\n","library GeneticRiskReferralEvents version '1.0.0'" ]
            } ]
         }
      } ],
      "identifier" : {
         "id" : "GeneticRiskReferralEvents",
         "system" : "http://cancerscreeningcds.github.io/bcsm-cds",
         "version" : "1.0.0"
      },
      "schemaIdentifier" : {
         "id" : "urn:hl7-org:elm",
         "version" : "r1"
      },
      "usings" : {
         "def" : [ {
            "localId" : "1",
            "localIdentifier" : "System",
            "uri" : "urn:hl7-org:elm-types:r1"
         }, {
            "localId" : "206",
            "locator" : "16:1-16:26",
            "localIdentifier" : "FHIR",
            "uri" : "http://hl7.org/fhir",
            "version" : "4.0.1",
            "annotation" : [ {
               "type" : "Annotation",
               "s" : {
                  "r" : "206",
                  "s" : [ {
                     "value" : [ "","using " ]
                  }, {
                     "s" : [ {
                        "value" : [ "FHIR" ]
                     } ]
                  }, {
                     "value" : [ " version '4.0.1'" ]
                  } ]
               }
            } ]
         } ]
      },
      "includes" : {
         "def" : [ {
            "localId" : "207",
            "locator" : "18:1-18:55",
            "localIdentifier" : "FHIRHelpers",
            "path" : "http://cancerscreeningcds.github.io/bcsm-cds/FHIRHelpers",
            "version" : "4.0.1",
            "annotation" : [ {
               "type" : "Annotation",
               "s" : {
                  "r" : "207",
                  "s" : [ {
                     "value" : [ "","include " ]
                  }, {
                     "s" : [ {
                        "value" : [ "FHIRHelpers" ]
                     } ]
                  }, {
                     "value" : [ "  version ","'4.0.1'"," called ","FHIRHelpers" ]
                  } ]
               }
            } ]
         }, {
            "localId" : "208",
            "locator" : "19:1-19:56",
            "localIdentifier" : "DataElements",
            "path" : "http://cancerscreeningcds.github.io/bcsm-cds/DataElements",
            "version" : "1.0.0",
            "annotation" : [ {
               "type" : "Annotation",
               "s" : {
                  "r" : "208",
                  "s" : [ {
                     "value" : [ "","include " ]
                  }, {
                     "s" : [ {
                        "value" : [ "DataElements" ]
                     } ]
                  }, {
                     "value" : [ " version ","'1.0.0'"," called ","DataElements" ]
                  } ]
               }
            } ]
         }, {
            "localId" : "209",
            "locator" : "20:1-20:61",
            "localIdentifier" : "BCSMCommon",
            "path" : "http://cancerscreeningcds.github.io/bcsm-cds/BCSMCommonFunctions",
            "version" : "1.0.0",
            "annotation" : [ {
               "type" : "Annotation",
               "s" : {
                  "r" : "209",
                  "s" : [ {
                     "value" : [ "","include " ]
                  }, {
                     "s" : [ {
                        "value" : [ "BCSMCommonFunctions" ]
                     } ]
                  }, {
                     "value" : [ " version ","'1.0.0'"," called ","BCSMCommon" ]
                  } ]
               }
            } ]
         }, {
            "localId" : "210",
            "locator" : "21:1-21:56",
            "localIdentifier" : "Common",
            "path" : "http://cancerscreeningcds.github.io/bcsm-cds/CSMCommonFunctions",
            "version" : "1.0.0",
            "annotation" : [ {
               "type" : "Annotation",
               "s" : {
                  "r" : "210",
                  "s" : [ {
                     "value" : [ "","include " ]
                  }, {
                     "s" : [ {
                        "value" : [ "CSMCommonFunctions" ]
                     } ]
                  }, {
                     "value" : [ " version ","'1.0.0'"," called ","Common" ]
                  } ]
               }
            } ]
         } ]
      },
      "codeSystems" : {
         "def" : [ {
            "localId" : "211",
            "locator" : "23:1-23:111",
            "name" : "LOCAL",
            "id" : "http://cancerscreeningcds.github.io/bcsm-cds/CodeSystem/screening-observation-code-system",
            "accessLevel" : "Public",
            "annotation" : [ {
               "type" : "Annotation",
               "s" : {
                  "r" : "211",
                  "s" : [ {
                     "value" : [ "","codesystem ","\"LOCAL\"",": ","'http://cancerscreeningcds.github.io/bcsm-cds/CodeSystem/screening-observation-code-system'" ]
                  } ]
               }
            } ]
         }, {
            "localId" : "212",
            "locator" : "24:1-24:114",
            "name" : "ActCode",
            "id" : "http://cancerscreeningcds.github.io/bcsm-cds/CodeSystem/plan-definition-action-code-system",
            "accessLevel" : "Public",
            "annotation" : [ {
               "type" : "Annotation",
               "s" : {
                  "r" : "212",
                  "s" : [ {
                     "value" : [ "","codesystem ","\"ActCode\"",": ","'http://cancerscreeningcds.github.io/bcsm-cds/CodeSystem/plan-definition-action-code-system'" ]
                  } ]
               }
            } ]
         } ]
      },
      "codes" : {
         "def" : [ {
            "localId" : "213",
            "locator" : "26:1-26:143",
            "name" : "Family history of inherited cancer susceptibility",
            "id" : "fhxgenetic",
            "display" : "Family history of inherited cancer susceptibility",
            "accessLevel" : "Public",
            "annotation" : [ {
               "type" : "Annotation",
               "s" : {
                  "r" : "213",
                  "s" : [ {
                     "value" : [ "","code ","\"Family history of inherited cancer susceptibility\"",": ","'fhxgenetic'"," from " ]
                  }, {
                     "r" : "214",
                     "s" : [ {
                        "value" : [ "\"LOCAL\"" ]
                     } ]
                  }, {
                     "value" : [ " display ","'Family history of inherited cancer susceptibility'" ]
                  } ]
               }
            } ],
            "codeSystem" : {
               "localId" : "214",
               "locator" : "26:77-26:83",
               "name" : "LOCAL"
            }
         }, {
            "localId" : "215",
            "locator" : "27:1-27:145",
            "name" : "Ancestry associated with BRCA1/2 gene mutations",
            "id" : "brcageneancestry",
            "display" : "Ancestry associated with BRCA1/2 gene mutations",
            "accessLevel" : "Public",
            "annotation" : [ {
               "type" : "Annotation",
               "s" : {
                  "r" : "215",
                  "s" : [ {
                     "value" : [ "","code ","\"Ancestry associated with BRCA1/2 gene mutations\"",": ","'brcageneancestry'"," from " ]
                  }, {
                     "r" : "216",
                     "s" : [ {
                        "value" : [ "\"LOCAL\"" ]
                     } ]
                  }, {
                     "value" : [ " display ","'Ancestry associated with BRCA1/2 gene mutations'" ]
                  } ]
               }
            } ],
            "codeSystem" : {
               "localId" : "216",
               "locator" : "27:81-27:87",
               "name" : "LOCAL"
            }
         }, {
            "localId" : "217",
            "locator" : "28:1-28:107",
            "name" : "Familial risk assessment",
            "id" : "familialriskassessment",
            "display" : "Familial risk assessment",
            "accessLevel" : "Public",
            "annotation" : [ {
               "type" : "Annotation",
               "s" : {
                  "r" : "217",
                  "s" : [ {
                     "value" : [ "","code ","\"Familial risk assessment\"",": ","'familialriskassessment'"," from " ]
                  }, {
                     "r" : "218",
                     "s" : [ {
                        "value" : [ "\"ActCode\"" ]
                     } ]
                  }, {
                     "value" : [ " display ","'Familial risk assessment'" ]
                  } ]
               }
            } ],
            "codeSystem" : {
               "localId" : "218",
               "locator" : "28:64-28:72",
               "name" : "ActCode"
            }
         }, {
            "localId" : "219",
            "locator" : "29:1-29:84",
            "name" : "High genetic risk",
            "id" : "highgeneticrisk",
            "display" : "High genetic risk",
            "accessLevel" : "Public",
            "annotation" : [ {
               "type" : "Annotation",
               "s" : {
                  "r" : "219",
                  "s" : [ {
                     "value" : [ "","code ","\"High genetic risk\"",": ","'highgeneticrisk'"," from " ]
                  }, {
                     "r" : "220",
                     "s" : [ {
                        "value" : [ "\"LOCAL\"" ]
                     } ]
                  }, {
                     "value" : [ " display ","'High genetic risk'" ]
                  } ]
               }
            } ],
            "codeSystem" : {
               "localId" : "220",
               "locator" : "29:50-29:56",
               "name" : "LOCAL"
            }
         } ]
      },
      "contexts" : {
         "def" : [ {
            "localId" : "224",
            "locator" : "31:1-31:15",
            "name" : "Patient"
         } ]
      },
      "statements" : {
         "def" : [ {
            "localId" : "222",
            "locator" : "31:1-31:15",
            "name" : "Patient",
            "context" : "Patient",
            "expression" : {
               "localId" : "223",
               "type" : "SingletonFrom",
               "signature" : [ ],
               "operand" : {
                  "localId" : "221",
                  "locator" : "31:1-31:15",
                  "dataType" : "{http://hl7.org/fhir}Patient",
                  "templateId" : "http://hl7.org/fhir/StructureDefinition/Patient",
                  "type" : "Retrieve",
                  "include" : [ ],
                  "codeFilter" : [ ],
                  "dateFilter" : [ ],
                  "otherFilter" : [ ]
               }
            }
         }, {
            "localId" : "226",
            "locator" : "33:1-34:36",
            "name" : "eve-fhxgeneinherited",
            "context" : "Patient",
            "accessLevel" : "Public",
            "annotation" : [ {
               "type" : "Annotation",
               "s" : {
                  "r" : "226",
                  "s" : [ {
                     "value" : [ "","define ","\"eve-fhxgeneinherited\"",":\n  " ]
                  }, {
                     "r" : "228",
                     "s" : [ {
                        "r" : "227",
                        "s" : [ {
                           "value" : [ "DataElements" ]
                        } ]
                     }, {
                        "value" : [ "." ]
                     }, {
                        "r" : "228",
                        "s" : [ {
                           "value" : [ "\"de-fhxgeneinherited\"" ]
                        } ]
                     } ]
                  } ]
               }
            } ],
            "expression" : {
               "localId" : "228",
               "locator" : "34:3-34:36",
               "name" : "de-fhxgeneinherited",
               "libraryName" : "DataElements",
               "type" : "ExpressionRef"
            }
         }, {
            "localId" : "230",
            "locator" : "36:1-37:38",
            "name" : "eve-knownvariantstatus",
            "context" : "Patient",
            "accessLevel" : "Public",
            "annotation" : [ {
               "type" : "Annotation",
               "s" : {
                  "r" : "230",
                  "s" : [ {
                     "value" : [ "","define ","\"eve-knownvariantstatus\"",":\n  " ]
                  }, {
                     "r" : "232",
                     "s" : [ {
                        "r" : "231",
                        "s" : [ {
                           "value" : [ "DataElements" ]
                        } ]
                     }, {
                        "value" : [ "." ]
                     }, {
                        "r" : "232",
                        "s" : [ {
                           "value" : [ "\"de-knownvariantstatus\"" ]
                        } ]
                     } ]
                  } ]
               }
            } ],
            "expression" : {
               "localId" : "232",
               "locator" : "37:3-37:38",
               "name" : "de-knownvariantstatus",
               "libraryName" : "DataElements",
               "type" : "ExpressionRef"
            }
         }, {
            "localId" : "234",
            "locator" : "39:1-42:73",
            "name" : "eve-fhxbrcaovcatubalperit",
            "context" : "Patient",
            "accessLevel" : "Public",
            "annotation" : [ {
               "type" : "Annotation",
               "s" : {
                  "r" : "234",
                  "s" : [ {
                     "value" : [ "","define ","\"eve-fhxbrcaovcatubalperit\"",":\n  " ]
                  }, {
                     "r" : "235",
                     "s" : [ {
                        "value" : [ "if " ]
                     }, {
                        "r" : "239",
                        "s" : [ {
                           "r" : "237",
                           "s" : [ {
                              "r" : "236",
                              "s" : [ {
                                 "value" : [ "DataElements" ]
                              } ]
                           }, {
                              "value" : [ "." ]
                           }, {
                              "r" : "237",
                              "s" : [ {
                                 "value" : [ "FamilyHistoryBreastOvarianTubalPeritonealCancerObservation" ]
                              } ]
                           } ]
                        }, {
                           "value" : [ " is not null" ]
                        } ]
                     }, {
                        "value" : [ "\n    then " ]
                     }, {
                        "r" : "246",
                        "s" : [ {
                           "r" : "240",
                           "s" : [ {
                              "value" : [ "FHIRHelpers" ]
                           } ]
                        }, {
                           "value" : [ "." ]
                        }, {
                           "r" : "246",
                           "s" : [ {
                              "value" : [ "ToBoolean","(" ]
                           }, {
                              "r" : "241",
                              "s" : [ {
                                 "r" : "244",
                                 "s" : [ {
                                    "r" : "243",
                                    "s" : [ {
                                       "r" : "242",
                                       "s" : [ {
                                          "value" : [ "DataElements" ]
                                       } ]
                                    }, {
                                       "value" : [ "." ]
                                    }, {
                                       "r" : "243",
                                       "s" : [ {
                                          "value" : [ "FamilyHistoryBreastOvarianTubalPeritonealCancerObservation" ]
                                       } ]
                                    } ]
                                 }, {
                                    "value" : [ "." ]
                                 }, {
                                    "r" : "244",
                                    "s" : [ {
                                       "value" : [ "value" ]
                                    } ]
                                 } ]
                              }, {
                                 "value" : [ " as " ]
                              }, {
                                 "r" : "245",
                                 "s" : [ {
                                    "value" : [ "boolean" ]
                                 } ]
                              } ]
                           }, {
                              "value" : [ ")" ]
                           } ]
                        } ]
                     }, {
                        "value" : [ " \n  else " ]
                     }, {
                        "r" : "247",
                        "s" : [ {
                           "value" : [ "exists " ]
                        }, {
                           "r" : "249",
                           "s" : [ {
                              "r" : "248",
                              "s" : [ {
                                 "value" : [ "DataElements" ]
                              } ]
                           }, {
                              "value" : [ "." ]
                           }, {
                              "r" : "249",
                              "s" : [ {
                                 "value" : [ "FamilyMemberBreastOvarianTubalPeritonealCancer" ]
                              } ]
                           } ]
                        } ]
                     } ]
                  } ]
               }
            } ],
            "expression" : {
               "localId" : "235",
               "locator" : "40:3-42:73",
               "type" : "If",
               "condition" : {
                  "localId" : "239",
                  "locator" : "40:6-40:88",
                  "type" : "Not",
                  "signature" : [ ],
                  "operand" : {
                     "localId" : "238",
                     "locator" : "40:6-40:88",
                     "type" : "IsNull",
                     "signature" : [ ],
                     "operand" : {
                        "localId" : "237",
                        "locator" : "40:6-40:76",
                        "name" : "FamilyHistoryBreastOvarianTubalPeritonealCancerObservation",
                        "libraryName" : "DataElements",
                        "type" : "ExpressionRef"
                     }
                  }
               },
               "then" : {
                  "localId" : "246",
                  "locator" : "41:10-41:120",
                  "name" : "ToBoolean",
                  "libraryName" : "FHIRHelpers",
                  "type" : "FunctionRef",
                  "signature" : [ ],
                  "operand" : [ {
                     "localId" : "241",
                     "locator" : "41:32-41:119",
                     "strict" : false,
                     "type" : "As",
                     "signature" : [ ],
                     "operand" : {
                        "localId" : "244",
                        "locator" : "41:32-41:108",
                        "path" : "value",
                        "type" : "Property",
                        "source" : {
                           "localId" : "243",
                           "locator" : "41:32-41:102",
                           "name" : "FamilyHistoryBreastOvarianTubalPeritonealCancerObservation",
                           "libraryName" : "DataElements",
                           "type" : "ExpressionRef"
                        }
                     },
                     "asTypeSpecifier" : {
                        "localId" : "245",
                        "locator" : "41:113-41:119",
                        "name" : "{http://hl7.org/fhir}boolean",
                        "type" : "NamedTypeSpecifier"
                     }
                  } ]
               },
               "else" : {
                  "localId" : "247",
                  "locator" : "42:8-42:73",
                  "type" : "Exists",
                  "signature" : [ ],
                  "operand" : {
                     "localId" : "249",
                     "locator" : "42:15-42:73",
                     "name" : "FamilyMemberBreastOvarianTubalPeritonealCancer",
                     "libraryName" : "DataElements",
                     "type" : "ExpressionRef"
                  }
               }
            }
         }, {
            "localId" : "251",
            "locator" : "44:1-47:12",
            "name" : "eve-brcageneancestry",
            "context" : "Patient",
            "accessLevel" : "Public",
            "annotation" : [ {
               "type" : "Annotation",
               "s" : {
                  "r" : "251",
                  "s" : [ {
                     "value" : [ "","define ","\"eve-brcageneancestry\"",":\n  " ]
                  }, {
                     "r" : "252",
                     "s" : [ {
                        "value" : [ "if " ]
                     }, {
                        "r" : "256",
                        "s" : [ {
                           "r" : "254",
                           "s" : [ {
                              "r" : "253",
                              "s" : [ {
                                 "value" : [ "DataElements" ]
                              } ]
                           }, {
                              "value" : [ "." ]
                           }, {
                              "r" : "254",
                              "s" : [ {
                                 "value" : [ "MostRecentBRCAGeneAncestryObservation" ]
                              } ]
                           } ]
                        }, {
                           "value" : [ " is not null" ]
                        } ]
                     }, {
                        "value" : [ "\n    then " ]
                     }, {
                        "r" : "263",
                        "s" : [ {
                           "r" : "257",
                           "s" : [ {
                              "value" : [ "FHIRHelpers" ]
                           } ]
                        }, {
                           "value" : [ "." ]
                        }, {
                           "r" : "263",
                           "s" : [ {
                              "value" : [ "ToBoolean","(" ]
                           }, {
                              "r" : "258",
                              "s" : [ {
                                 "r" : "261",
                                 "s" : [ {
                                    "r" : "260",
                                    "s" : [ {
                                       "r" : "259",
                                       "s" : [ {
                                          "value" : [ "DataElements" ]
                                       } ]
                                    }, {
                                       "value" : [ "." ]
                                    }, {
                                       "r" : "260",
                                       "s" : [ {
                                          "value" : [ "MostRecentBRCAGeneAncestryObservation" ]
                                       } ]
                                    } ]
                                 }, {
                                    "value" : [ "." ]
                                 }, {
                                    "r" : "261",
                                    "s" : [ {
                                       "value" : [ "value" ]
                                    } ]
                                 } ]
                              }, {
                                 "value" : [ " as " ]
                              }, {
                                 "r" : "262",
                                 "s" : [ {
                                    "value" : [ "boolean" ]
                                 } ]
                              } ]
                           }, {
                              "value" : [ ")" ]
                           } ]
                        } ]
                     }, {
                        "r" : "264",
                        "value" : [ " \n  else ","false" ]
                     } ]
                  } ]
               }
            } ],
            "expression" : {
               "localId" : "252",
               "locator" : "45:3-47:12",
               "type" : "If",
               "condition" : {
                  "localId" : "256",
                  "locator" : "45:6-45:67",
                  "type" : "Not",
                  "signature" : [ ],
                  "operand" : {
                     "localId" : "255",
                     "locator" : "45:6-45:67",
                     "type" : "IsNull",
                     "signature" : [ ],
                     "operand" : {
                        "localId" : "254",
                        "locator" : "45:6-45:55",
                        "name" : "MostRecentBRCAGeneAncestryObservation",
                        "libraryName" : "DataElements",
                        "type" : "ExpressionRef"
                     }
                  }
               },
               "then" : {
                  "localId" : "263",
                  "locator" : "46:10-46:99",
                  "name" : "ToBoolean",
                  "libraryName" : "FHIRHelpers",
                  "type" : "FunctionRef",
                  "signature" : [ ],
                  "operand" : [ {
                     "localId" : "258",
                     "locator" : "46:32-46:98",
                     "strict" : false,
                     "type" : "As",
                     "signature" : [ ],
                     "operand" : {
                        "localId" : "261",
                        "locator" : "46:32-46:87",
                        "path" : "value",
                        "type" : "Property",
                        "source" : {
                           "localId" : "260",
                           "locator" : "46:32-46:81",
                           "name" : "MostRecentBRCAGeneAncestryObservation",
                           "libraryName" : "DataElements",
                           "type" : "ExpressionRef"
                        }
                     },
                     "asTypeSpecifier" : {
                        "localId" : "262",
                        "locator" : "46:92-46:98",
                        "name" : "{http://hl7.org/fhir}boolean",
                        "type" : "NamedTypeSpecifier"
                     }
                  } ]
               },
               "else" : {
                  "localId" : "264",
                  "locator" : "47:8-47:12",
                  "valueType" : "{urn:hl7-org:elm-types:r1}Boolean",
                  "value" : "false",
                  "type" : "Literal"
               }
            }
         }, {
            "localId" : "266",
            "locator" : "49:1-50:35",
            "name" : "eve-fhxriskresult",
            "context" : "Patient",
            "accessLevel" : "Public",
            "annotation" : [ {
               "type" : "Annotation",
               "s" : {
                  "r" : "266",
                  "s" : [ {
                     "value" : [ "","define ","\"eve-fhxriskresult\"",":\n  " ]
                  }, {
                     "r" : "268",
                     "s" : [ {
                        "r" : "267",
                        "s" : [ {
                           "value" : [ "DataElements" ]
                        } ]
                     }, {
                        "value" : [ "." ]
                     }, {
                        "r" : "268",
                        "s" : [ {
                           "value" : [ "\"de-fhxbreastcarisk\"" ]
                        } ]
                     } ]
                  } ]
               }
            } ],
            "expression" : {
               "localId" : "268",
               "locator" : "50:3-50:35",
               "name" : "de-fhxbreastcarisk",
               "libraryName" : "DataElements",
               "type" : "ExpressionRef"
            }
         }, {
            "localId" : "282",
            "locator" : "66:1-69:12",
            "name" : "LastFhxBreastOvarianTubalPeritonealCancerObservationResult",
            "context" : "Patient",
            "accessLevel" : "Public",
            "annotation" : [ {
               "type" : "Annotation",
               "s" : {
                  "r" : "282",
                  "s" : [ {
                     "value" : [ "","define ","LastFhxBreastOvarianTubalPeritonealCancerObservationResult",":\n  " ]
                  }, {
                     "r" : "292",
                     "s" : [ {
                        "r" : "283",
                        "s" : [ {
                           "r" : "287",
                           "s" : [ {
                              "r" : "284",
                              "s" : [ {
                                 "value" : [ "BCSMCommon" ]
                              } ]
                           }, {
                              "value" : [ "." ]
                           }, {
                              "r" : "287",
                              "s" : [ {
                                 "value" : [ "SortedObservations","(\n    " ]
                              }, {
                                 "r" : "286",
                                 "s" : [ {
                                    "r" : "285",
                                    "s" : [ {
                                       "value" : [ "DataElements" ]
                                    } ]
                                 }, {
                                    "value" : [ "." ]
                                 }, {
                                    "r" : "286",
                                    "s" : [ {
                                       "value" : [ "FamilyHistoryBreastOvarianTubalPeritonealCancerObservations" ]
                                    } ]
                                 } ]
                              }, {
                                 "value" : [ "\n  )" ]
                              } ]
                           } ]
                        }, {
                           "r" : "288",
                           "value" : [ "[","1","]" ]
                        } ]
                     }, {
                        "value" : [ "." ]
                     }, {
                        "r" : "292",
                        "s" : [ {
                           "value" : [ "value" ]
                        } ]
                     } ]
                  } ]
               }
            } ],
            "expression" : {
               "localId" : "292",
               "locator" : "67:3-69:12",
               "path" : "value",
               "type" : "Property",
               "source" : {
                  "localId" : "283",
                  "locator" : "67:3-69:6",
                  "type" : "Indexer",
                  "signature" : [ {
                     "localId" : "289",
                     "type" : "ListTypeSpecifier",
                     "elementType" : {
                        "localId" : "290",
                        "name" : "{http://hl7.org/fhir}Observation",
                        "type" : "NamedTypeSpecifier"
                     }
                  }, {
                     "localId" : "291",
                     "name" : "{urn:hl7-org:elm-types:r1}Integer",
                     "type" : "NamedTypeSpecifier"
                  } ],
                  "operand" : [ {
                     "localId" : "287",
                     "locator" : "67:3-69:3",
                     "name" : "SortedObservations",
                     "libraryName" : "BCSMCommon",
                     "type" : "FunctionRef",
                     "signature" : [ ],
                     "operand" : [ {
                        "localId" : "286",
                        "locator" : "68:5-68:76",
                        "name" : "FamilyHistoryBreastOvarianTubalPeritonealCancerObservations",
                        "libraryName" : "DataElements",
                        "type" : "ExpressionRef"
                     } ]
                  }, {
                     "localId" : "288",
                     "locator" : "69:5",
                     "valueType" : "{urn:hl7-org:elm-types:r1}Integer",
                     "value" : "1",
                     "type" : "Literal"
                  } ]
               }
            }
         }, {
            "localId" : "275",
            "locator" : "58:1-64:12",
            "name" : "RiskFactorModifiedAfterRiskAssessment",
            "context" : "Patient",
            "accessLevel" : "Public",
            "annotation" : [ {
               "type" : "Annotation",
               "s" : {
                  "r" : "275",
                  "s" : [ {
                     "value" : [ "","define ","RiskFactorModifiedAfterRiskAssessment",":\n  " ]
                  }, {
                     "r" : "276",
                     "s" : [ {
                        "value" : [ "if " ]
                     }, {
                        "r" : "277",
                        "s" : [ {
                           "r" : "278",
                           "s" : [ {
                              "r" : "279",
                              "s" : [ {
                                 "r" : "280",
                                 "s" : [ {
                                    "value" : [ "\"eve-fhxbrcaovcatubalperit\"" ]
                                 } ]
                              }, {
                                 "value" : [ " and " ]
                              }, {
                                 "r" : "294",
                                 "s" : [ {
                                    "r" : "293",
                                    "s" : [ {
                                       "value" : [ "LastFhxBreastOvarianTubalPeritonealCancerObservationResult" ]
                                    } ]
                                 }, {
                                    "value" : [ " is false" ]
                                 } ]
                              } ]
                           }, {
                              "value" : [ "\n    and " ]
                           }, {
                              "r" : "302",
                              "s" : [ {
                                 "r" : "300",
                                 "s" : [ {
                                    "r" : "297",
                                    "s" : [ {
                                       "value" : [ "Common" ]
                                    } ]
                                 }, {
                                    "value" : [ "." ]
                                 }, {
                                    "r" : "300",
                                    "s" : [ {
                                       "value" : [ "ObservationDate","(" ]
                                    }, {
                                       "r" : "299",
                                       "s" : [ {
                                          "r" : "298",
                                          "s" : [ {
                                             "value" : [ "DataElements" ]
                                          } ]
                                       }, {
                                          "value" : [ "." ]
                                       }, {
                                          "r" : "299",
                                          "s" : [ {
                                             "value" : [ "FamilyHistoryBreastOvarianTubalPeritonealCancerObservation" ]
                                          } ]
                                       } ]
                                    }, {
                                       "value" : [ ")" ]
                                    } ]
                                 } ]
                              }, {
                                 "value" : [ " is not null" ]
                              } ]
                           } ]
                        }, {
                           "value" : [ "\n    and " ]
                        }, {
                           "r" : "303",
                           "s" : [ {
                              "r" : "307",
                              "s" : [ {
                                 "r" : "304",
                                 "s" : [ {
                                    "value" : [ "Common" ]
                                 } ]
                              }, {
                                 "value" : [ "." ]
                              }, {
                                 "r" : "307",
                                 "s" : [ {
                                    "value" : [ "ObservationDate","(" ]
                                 }, {
                                    "r" : "306",
                                    "s" : [ {
                                       "r" : "305",
                                       "s" : [ {
                                          "value" : [ "DataElements" ]
                                       } ]
                                    }, {
                                       "value" : [ "." ]
                                    }, {
                                       "r" : "306",
                                       "s" : [ {
                                          "value" : [ "FamilyHistoryBreastOvarianTubalPeritonealCancerObservation" ]
                                       } ]
                                    } ]
                                 }, {
                                    "value" : [ ")" ]
                                 } ]
                              } ]
                           }, {
                              "value" : [ " \n      ",">"," " ]
                           }, {
                              "r" : "311",
                              "s" : [ {
                                 "r" : "308",
                                 "s" : [ {
                                    "value" : [ "Common" ]
                                 } ]
                              }, {
                                 "value" : [ "." ]
                              }, {
                                 "r" : "311",
                                 "s" : [ {
                                    "value" : [ "ObservationDate","(" ]
                                 }, {
                                    "r" : "310",
                                    "s" : [ {
                                       "r" : "309",
                                       "s" : [ {
                                          "value" : [ "DataElements" ]
                                       } ]
                                    }, {
                                       "value" : [ "." ]
                                    }, {
                                       "r" : "310",
                                       "s" : [ {
                                          "value" : [ "\"MostRecentFamilialRiskAssessmentObservation\"" ]
                                       } ]
                                    } ]
                                 }, {
                                    "value" : [ ")" ]
                                 } ]
                              } ]
                           } ]
                        } ]
                     }, {
                        "r" : "314",
                        "value" : [ "\n    then ","true","\n  else ","false" ]
                     } ]
                  } ]
               }
            } ],
            "expression" : {
               "localId" : "276",
               "locator" : "59:3-64:12",
               "type" : "If",
               "condition" : {
                  "localId" : "277",
                  "locator" : "59:6-62:90",
                  "type" : "And",
                  "signature" : [ ],
                  "operand" : [ {
                     "localId" : "278",
                     "locator" : "59:6-60:115",
                     "type" : "And",
                     "signature" : [ ],
                     "operand" : [ {
                        "localId" : "279",
                        "locator" : "59:6-59:104",
                        "type" : "And",
                        "signature" : [ ],
                        "operand" : [ {
                           "localId" : "280",
                           "locator" : "59:6-59:32",
                           "name" : "eve-fhxbrcaovcatubalperit",
                           "type" : "ExpressionRef"
                        }, {
                           "localId" : "294",
                           "locator" : "59:38-59:104",
                           "type" : "IsFalse",
                           "signature" : [ ],
                           "operand" : {
                              "localId" : "296",
                              "name" : "ToBoolean",
                              "libraryName" : "FHIRHelpers",
                              "type" : "FunctionRef",
                              "signature" : [ ],
                              "operand" : [ {
                                 "localId" : "295",
                                 "asType" : "{http://hl7.org/fhir}boolean",
                                 "type" : "As",
                                 "signature" : [ ],
                                 "operand" : {
                                    "localId" : "293",
                                    "locator" : "59:38-59:95",
                                    "name" : "LastFhxBreastOvarianTubalPeritonealCancerObservationResult",
                                    "type" : "ExpressionRef"
                                 }
                              } ]
                           }
                        } ]
                     }, {
                        "localId" : "302",
                        "locator" : "60:9-60:115",
                        "type" : "Not",
                        "signature" : [ ],
                        "operand" : {
                           "localId" : "301",
                           "locator" : "60:9-60:115",
                           "type" : "IsNull",
                           "signature" : [ ],
                           "operand" : {
                              "localId" : "300",
                              "locator" : "60:9-60:103",
                              "name" : "ObservationDate",
                              "libraryName" : "Common",
                              "type" : "FunctionRef",
                              "signature" : [ ],
                              "operand" : [ {
                                 "localId" : "299",
                                 "locator" : "60:32-60:102",
                                 "name" : "FamilyHistoryBreastOvarianTubalPeritonealCancerObservation",
                                 "libraryName" : "DataElements",
                                 "type" : "ExpressionRef"
                              } ]
                           }
                        }
                     } ]
                  }, {
                     "localId" : "303",
                     "locator" : "61:9-62:90",
                     "type" : "Greater",
                     "signature" : [ {
                        "localId" : "312",
                        "name" : "{urn:hl7-org:elm-types:r1}DateTime",
                        "type" : "NamedTypeSpecifier"
                     }, {
                        "localId" : "313",
                        "name" : "{urn:hl7-org:elm-types:r1}DateTime",
                        "type" : "NamedTypeSpecifier"
                     } ],
                     "operand" : [ {
                        "localId" : "307",
                        "locator" : "61:9-61:103",
                        "name" : "ObservationDate",
                        "libraryName" : "Common",
                        "type" : "FunctionRef",
                        "signature" : [ ],
                        "operand" : [ {
                           "localId" : "306",
                           "locator" : "61:32-61:102",
                           "name" : "FamilyHistoryBreastOvarianTubalPeritonealCancerObservation",
                           "libraryName" : "DataElements",
                           "type" : "ExpressionRef"
                        } ]
                     }, {
                        "localId" : "311",
                        "locator" : "62:9-62:90",
                        "name" : "ObservationDate",
                        "libraryName" : "Common",
                        "type" : "FunctionRef",
                        "signature" : [ ],
                        "operand" : [ {
                           "localId" : "310",
                           "locator" : "62:32-62:89",
                           "name" : "MostRecentFamilialRiskAssessmentObservation",
                           "libraryName" : "DataElements",
                           "type" : "ExpressionRef"
                        } ]
                     } ]
                  } ]
               },
               "then" : {
                  "localId" : "314",
                  "locator" : "63:10-63:13",
                  "valueType" : "{urn:hl7-org:elm-types:r1}Boolean",
                  "value" : "true",
                  "type" : "Literal"
               },
               "else" : {
                  "localId" : "315",
                  "locator" : "64:8-64:12",
                  "valueType" : "{urn:hl7-org:elm-types:r1}Boolean",
                  "value" : "false",
                  "type" : "Literal"
               }
            }
         }, {
            "localId" : "270",
            "locator" : "54:1-56:54",
            "name" : "ValidMostRecentFamilialRiskAssessment",
            "context" : "Patient",
            "accessLevel" : "Public",
            "annotation" : [ {
               "type" : "Annotation",
               "s" : {
                  "r" : "270",
                  "s" : [ {
                     "value" : [ "// Familial risk assessment is valid if exists\n// and risk factor observation not changed from false to true  after risk assessment\n","define ","ValidMostRecentFamilialRiskAssessment",":\n  " ]
                  }, {
                     "r" : "271",
                     "s" : [ {
                        "r" : "273",
                        "s" : [ {
                           "r" : "272",
                           "s" : [ {
                              "value" : [ "DataElements" ]
                           } ]
                        }, {
                           "value" : [ "." ]
                        }, {
                           "r" : "273",
                           "s" : [ {
                              "value" : [ "FamilialRiskAssessmentExists" ]
                           } ]
                        } ]
                     }, {
                        "value" : [ "\n    and " ]
                     }, {
                        "r" : "317",
                        "s" : [ {
                           "r" : "316",
                           "s" : [ {
                              "value" : [ "RiskFactorModifiedAfterRiskAssessment" ]
                           } ]
                        }, {
                           "value" : [ " is false" ]
                        } ]
                     } ]
                  } ]
               }
            } ],
            "expression" : {
               "localId" : "271",
               "locator" : "55:3-56:54",
               "type" : "And",
               "signature" : [ ],
               "operand" : [ {
                  "localId" : "273",
                  "locator" : "55:3-55:43",
                  "name" : "FamilialRiskAssessmentExists",
                  "libraryName" : "DataElements",
                  "type" : "ExpressionRef"
               }, {
                  "localId" : "317",
                  "locator" : "56:9-56:54",
                  "type" : "IsFalse",
                  "signature" : [ ],
                  "operand" : {
                     "localId" : "316",
                     "locator" : "56:9-56:45",
                     "name" : "RiskFactorModifiedAfterRiskAssessment",
                     "type" : "ExpressionRef"
                  }
               } ]
            }
         } ]
      }
   }
}