{
  "package": "cancerscreeningcds.fhir.us.bcsm-cds",
  "version": "1.0.0",
  "fhirVersion": "4.0.1",
  "extensions": [
    {
      "url": "http://cancerscreeningcds.github.io/bcsm-cds/StructureDefinition/csm-recommendation-flag",
      "title": "Recommendation Flag Extension",
      "types": [
        "CodeableConcept"
      ]
    }
  ],
  "profiles": {},
  "usage": {
    "http://cancerscreeningcds.github.io/bcsm-cds/StructureDefinition/csm-recommendation-flag": [
      "Bundle.entry.resource.action"
    ],
    "http://hl7.org/fhir/StructureDefinition/cqf-cqlOptions": [
      "Library"
    ],
    "http://hl7.org/fhir/StructureDefinition/cqf-expression": [
      "Library.dataRequirement.dateFilter.valuePeriod"
    ],
    "http://hl7.org/fhir/StructureDefinition/cqf-messages": [
      "Bundle.entry.resource"
    ],
    "http://hl7.org/fhir/StructureDefinition/patient-genderIdentity": [
      "Bundle.entry.resource"
    ],
    "http://hl7.org/fhir/StructureDefinition/questionnaire-unit": [
      "Bundle.entry.resource.item",
      "Questionnaire.item"
    ],
    "http://hl7.org/fhir/StructureDefinition/structuredefinition-fhir-type": [
      "StructureDefinition.snapshot.element.type"
    ],
    "http://hl7.org/fhir/tools/StructureDefinition/ig-internal-dependency": [
      "ImplementationGuide.definition"
    ],
    "http://hl7.org/fhir/tools/StructureDefinition/ig-page-name": [
      "ImplementationGuide.definition.page",
      "ImplementationGuide.definition.page.page"
    ],
    "http://hl7.org/fhir/tools/StructureDefinition/ig-parameter": [
      "ImplementationGuide.definition"
    ],
    "http://hl7.org/fhir/tools/StructureDefinition/implementationguide-dependency-comment": [
      "ImplementationGuide.dependsOn"
    ],
    "http://hl7.org/fhir/tools/StructureDefinition/resource-information": [
      "ImplementationGuide.definition.resource"
    ],
    "http://hl7.org/fhir/tools/StructureDefinition/snapshot-base-version": [
      "StructureDefinition.snapshot"
    ],
    "http://hl7.org/fhir/us/core/StructureDefinition/us-core-birthsex": [
      "Bundle.entry.resource"
    ],
    "http://hl7.org/fhir/us/core/StructureDefinition/us-core-ethnicity": [
      "Bundle.entry.resource"
    ],
    "http://hl7.org/fhir/us/core/StructureDefinition/us-core-genderIdentity": [
      "Bundle.entry.resource"
    ],
    "http://hl7.org/fhir/us/core/StructureDefinition/us-core-race": [
      "Bundle.entry.resource"
    ],
    "http://hl7.org/fhir/us/cqfmeasures/StructureDefinition/cqfm-softwaresystem": [
      "Library"
    ],
    "http://hl7.org/fhir/uv/cpg/StructureDefinition/cpg-collectWith": [
      "ActivityDefinition"
    ],
    "http://hl7.org/fhir/uv/cpg/StructureDefinition/cpg-knowledgeCapability": [
      "ActivityDefinition",
      "PlanDefinition"
    ],
    "http://hl7.org/fhir/uv/cpg/StructureDefinition/cpg-knowledgeRepresentationLevel": [
      "ActivityDefinition",
      "PlanDefinition"
    ]
  }
}