{"resourceType":"CodeSystem","id":"biopsy-result-observation-code-system","text":{"status":"generated","div":"<div xmlns=\"http://www.w3.org/1999/xhtml\"><p class=\"res-header-id\"><b>Generated Narrative: CodeSystem biopsy-result-observation-code-system</b></p><a name=\"biopsy-result-observation-code-system\"> </a><a name=\"hcbiopsy-result-observation-code-system\"> </a><a name=\"biopsy-result-observation-code-system-en-US\"> </a><p>This  code system <code>http://cancerscreeningcds.github.io/bcsm-cds/CodeSystem/biopsy-result-observation-code-system</code> defines the following codes:</p><table class=\"codes\"><tr><td style=\"white-space:nowrap\"><b>Code</b></td><td><b>Display</b></td><td><b>Definition</b></td></tr><tr><td style=\"white-space:nowrap\">Negative<a name=\"biopsy-result-observation-code-system-Negative\"> </a></td><td>Normal breast tissue</td><td/></tr><tr><td style=\"white-space:nowrap\">Benign<a name=\"biopsy-result-observation-code-system-Benign\"> </a></td><td>Benign breast finding</td><td>Benign findings, excluding ADH, LCIS or ALH</td></tr><tr><td style=\"white-space:nowrap\">Atypical<a name=\"biopsy-result-observation-code-system-Atypical\"> </a></td><td>Atypical breast finding</td><td>Includes atypical ductal hyperplasia (ADH) and lobular neoplasia (lobular carcinoma in situ [LCIS]/atypical lobular hyperplasia [ALH]</td></tr><tr><td style=\"white-space:nowrap\">Malignant<a name=\"biopsy-result-observation-code-system-Malignant\"> </a></td><td>Malignant breast finding</td><td>Invasive or non-invasive breast malignancy</td></tr><tr><td style=\"white-space:nowrap\">Indeterminate<a name=\"biopsy-result-observation-code-system-Indeterminate\"> </a></td><td>Indeterminate breast finding</td><td/></tr><tr><td style=\"white-space:nowrap\">Discordant<a name=\"biopsy-result-observation-code-system-Discordant\"> </a></td><td>Discordant breast finding</td><td/></tr></table></div>"},"url":"http://cancerscreeningcds.github.io/bcsm-cds/CodeSystem/biopsy-result-observation-code-system","version":"1.0.0","name":"BiopsyResultObservationCodeSystem","title":"Biopsy Result Observation Code System","status":"draft","experimental":true,"date":"2025-02-28T23:16:14+00:00","publisher":"MITRE","contact":[{"name":"MITRE","telecom":[{"system":"url","value":"https://www.mitre.org/"}]}],"description":"Code representing breast cancer biopsy result observations","content":"complete","count":6,"concept":[{"code":"Negative","display":"Normal breast tissue"},{"code":"Benign","display":"Benign breast finding","definition":"Benign findings, excluding ADH, LCIS or ALH"},{"code":"Atypical","display":"Atypical breast finding","definition":"Includes atypical ductal hyperplasia (ADH) and lobular neoplasia (lobular carcinoma in situ [LCIS]/atypical lobular hyperplasia [ALH]"},{"code":"Malignant","display":"Malignant breast finding","definition":"Invasive or non-invasive breast malignancy"},{"code":"Indeterminate","display":"Indeterminate breast finding"},{"code":"Discordant","display":"Discordant breast finding"}]}