{"resourceType":"PlanDefinition","id":"flow-FollowupScreeningResult","meta":{"profile":["http://hl7.org/fhir/uv/cpg/StructureDefinition/cpg-computableplandefinition"]},"extension":[{"url":"http://hl7.org/fhir/uv/cpg/StructureDefinition/cpg-knowledgeCapability","valueCode":"executable"},{"url":"http://hl7.org/fhir/uv/cpg/StructureDefinition/cpg-knowledgeRepresentationLevel","valueCode":"structured"}],"url":"http://cancerscreeningcds.github.io/bcsm-cds/PlanDefinition/flow-FollowupScreeningResult","version":"1.0.0","name":"flow-FollowupScreeningResult","title":"Followup Screening Result","type":{"coding":[{"system":"http://terminology.hl7.org/CodeSystem/plan-definition-type","code":"eca-rule"}]},"status":"draft","experimental":true,"date":"2024-10-22","publisher":"MITRE","contact":[{"name":"MITRE","telecom":[{"system":"url","value":"https://www.mitre.org/"}]}],"description":"Determines next steps, if any, based on result of screening imaging or biopsy. This may be triggered by a diagnostic report being received by the system or an imaging BI-RADS result being documented in a structured manner.","copyright":"(C) 2024 The MITRE Corporation. All Rights Reserved. Approved for Public Release: 24-2711. Distribution Unlimited. Unless otherwise noted, this work is available under an Apache 2.0 license. It was produced by the MITRE Corporation for the Division of Cancer Prevention and Control, Centers for Disease Control and Prevention in accordance with the Statement of Work, contract number 75FCMC18D0047, task order number 75D30123F17931.","approvalDate":"2024-10-22","lastReviewDate":"2024-10-22","author":[{"name":"The Health FFRDC, operated by The MITRE Corporation, in support of the Division of Cancer Prevention and Control, Centers for Disease Control and Prevention."}],"editor":[{"name":"Division of Cancer Prevention and Control, Centers for Disease Control and Prevention"}],"reviewer":[{"name":"Division of Cancer Prevention and Control, Centers for Disease Control and Prevention"}],"endorser":[{"name":"Division of Cancer Prevention and Control, Centers for Disease Control and Prevention"}],"library":["Library/FollowupScreeningResult|1.0.0"],"action":[{"id":"FollowupBirads0Result","title":"Refer to Radiologist recommendations","description":"Refer to Radiologist recommendations for further evaluation in BI-RADS 0 screening results.\n\nAdditional work-up including comparison to prior mammograms or diagnostic imaging may be indicated.","documentation":[{"type":"documentation","label":"ACR","display":"ACR BI-RADS Atlas Excerpt: Mammography Reporting System","citation":"American College of Radiology. ACR BI-RADS Atlas: Breast Imaging Reporting and Data System. 5th ed., American College of Radiology, 2013.","url":"https://edge.sitecorecloud.io/americancoldf5f-acrorgf92a-productioncb02-3650/media/ACR/Files/RADS/BI-RADS/Mammography-Reporting.pdf","document":{"url":"https://edge.sitecorecloud.io/americancoldf5f-acrorgf92a-productioncb02-3650/media/ACR/Files/RADS/BI-RADS/Mammography-Reporting.pdf"}},{"type":"documentation","label":"ACR","display":"ACR BI-RADS Atlas Excerpt: MRI Reporting System","citation":"American College of Radiology. ACR BI-RADS Atlas: Breast Imaging Reporting and Data System. 5th ed., American College of Radiology, 2013.","url":"https://edge.sitecorecloud.io/americancoldf5f-acrorgf92a-productioncb02-3650/media/ACR/Files/RADS/BI-RADS/Breast-MRI-Reporting.pdf","document":{"url":"https://edge.sitecorecloud.io/americancoldf5f-acrorgf92a-productioncb02-3650/media/ACR/Files/RADS/BI-RADS/Breast-MRI-Reporting.pdf"}},{"type":"documentation","label":"ACR","display":"ACR BI-RADS Atlas Excerpt: Ultrasound Reporting System","citation":"American College of Radiology. ACR BI-RADS Atlas: Breast Imaging Reporting and Data System. 5th ed., American College of Radiology, 2013.","url":"https://edge.sitecorecloud.io/americancoldf5f-acrorgf92a-productioncb02-3650/media/ACR/Files/RADS/BI-RADS/Breast-Ultrasound-Reporting.pdf","document":{"url":"https://edge.sitecorecloud.io/americancoldf5f-acrorgf92a-productioncb02-3650/media/ACR/Files/RADS/BI-RADS/Breast-Ultrasound-Reporting.pdf"}}],"condition":[{"kind":"applicability","expression":{"language":"text/cql-identifier","expression":"NoErrorsHaveOccurred"}},{"kind":"applicability","expression":{"language":"text/cql-identifier","expression":"ExistsFollowupBirads0Result"}}],"definitionCanonical":"http://cancerscreeningcds.github.io/bcsm-cds/ActivityDefinition/BreastCancerScreeningServiceRequest|1.0.0","dynamicValue":[{"path":"%action.code[0].coding[0]","expression":{"language":"text/cql-identifier","expression":"FollowupBirads0ResultCode"}},{"path":"%action.timingTiming","expression":{"language":"text/cql-identifier","expression":"FollowupBirads0ResultTiming"}},{"path":"%action.extension","expression":{"language":"text/cql-identifier","expression":"FollowupBirads0ResultFlag"}},{"path":"code.coding[0]","expression":{"language":"text/cql-identifier","expression":"FollowupBirads0ResultCode"}},{"path":"reasonCode[0].coding[0]","expression":{"language":"text/cql-identifier","expression":"FollowupBirads0ResultReason"}},{"path":"occurrenceDateTime","expression":{"language":"text/cql-identifier","expression":"FollowupBirads0ResultTimingEvent"}}]},{"id":"FollowupBirads3Result","title":"Refer to Radiologist recommendations","description":"Probably benign finding. Refer to Radiologist recommendations for interval imaging in BI-RADS 3 screening results.\n\nPeriodic monitoring, including diagnostic mammogram or ultrasound, is warranted to assess for changes. Monitoring may be recommended at 6, 12 and 24 months until the finding is felt to be stable or resolving or is transitioned to a higher BI-RADS categorization.","documentation":[{"type":"documentation","label":"ACR","display":"ACR BI-RADS Atlas Excerpt: Mammography Reporting System","citation":"American College of Radiology. ACR BI-RADS Atlas: Breast Imaging Reporting and Data System. 5th ed., American College of Radiology, 2013.","url":"https://edge.sitecorecloud.io/americancoldf5f-acrorgf92a-productioncb02-3650/media/ACR/Files/RADS/BI-RADS/Mammography-Reporting.pdf","document":{"url":"https://edge.sitecorecloud.io/americancoldf5f-acrorgf92a-productioncb02-3650/media/ACR/Files/RADS/BI-RADS/Mammography-Reporting.pdf"}},{"type":"documentation","label":"ACR","display":"ACR BI-RADS Atlas Excerpt: MRI Reporting System","citation":"American College of Radiology. ACR BI-RADS Atlas: Breast Imaging Reporting and Data System. 5th ed., American College of Radiology, 2013.","url":"https://edge.sitecorecloud.io/americancoldf5f-acrorgf92a-productioncb02-3650/media/ACR/Files/RADS/BI-RADS/Breast-MRI-Reporting.pdf","document":{"url":"https://edge.sitecorecloud.io/americancoldf5f-acrorgf92a-productioncb02-3650/media/ACR/Files/RADS/BI-RADS/Breast-MRI-Reporting.pdf"}},{"type":"documentation","label":"ACR","display":"ACR BI-RADS Atlas Excerpt: Ultrasound Reporting System","citation":"American College of Radiology. ACR BI-RADS Atlas: Breast Imaging Reporting and Data System. 5th ed., American College of Radiology, 2013.","url":"https://edge.sitecorecloud.io/americancoldf5f-acrorgf92a-productioncb02-3650/media/ACR/Files/RADS/BI-RADS/Breast-Ultrasound-Reporting.pdf","document":{"url":"https://edge.sitecorecloud.io/americancoldf5f-acrorgf92a-productioncb02-3650/media/ACR/Files/RADS/BI-RADS/Breast-Ultrasound-Reporting.pdf"}}],"condition":[{"kind":"applicability","expression":{"language":"text/cql-identifier","expression":"NoErrorsHaveOccurred"}},{"kind":"applicability","expression":{"language":"text/cql-identifier","expression":"ExistsFollowupBirads3Result"}}],"definitionCanonical":"http://cancerscreeningcds.github.io/bcsm-cds/ActivityDefinition/BreastCancerScreeningServiceRequest|1.0.0","dynamicValue":[{"path":"%action.code[0].coding[0]","expression":{"language":"text/cql-identifier","expression":"FollowupBirads3ResultCode"}},{"path":"%action.timingTiming","expression":{"language":"text/cql-identifier","expression":"FollowupBirads3ResultTiming"}},{"path":"%action.extension","expression":{"language":"text/cql-identifier","expression":"FollowupBirads3ResultFlag"}},{"path":"code.coding[0]","expression":{"language":"text/cql-identifier","expression":"FollowupBirads3ResultCode"}},{"path":"reasonCode[0].coding[0]","expression":{"language":"text/cql-identifier","expression":"FollowupBirads3ResultReason"}},{"path":"occurrenceDateTime","expression":{"language":"text/cql-identifier","expression":"FollowupBirads3ResultTimingEvent"}}]},{"id":"FollowupBirads4Or5Result","title":"Refer for breast biopsy","description":"Refer for breast biopsy.\n\nInitial modality will typically be image-guided core needle biopsy (guided by mammography, ultrasound, or MRI). In certain conditions, an initial excisional biopsy may be preferable. These may include lesions anatomically unsuitable for needle biopsy or patient anatomic considerations. Refer to resulting Radiologist for recommendations.\n\nIn imaging findings that have previously been biopsied and found to be benign, consider referral for excisional biopsy if there have been suspicious interval changes in the lesion.","documentation":[{"type":"documentation","label":"ACR","display":"ACR BI-RADS Atlas Excerpt: Mammography Reporting System","citation":"American College of Radiology. ACR BI-RADS Atlas: Breast Imaging Reporting and Data System. 5th ed., American College of Radiology, 2013.","url":"https://edge.sitecorecloud.io/americancoldf5f-acrorgf92a-productioncb02-3650/media/ACR/Files/RADS/BI-RADS/Mammography-Reporting.pdf","document":{"url":"https://edge.sitecorecloud.io/americancoldf5f-acrorgf92a-productioncb02-3650/media/ACR/Files/RADS/BI-RADS/Mammography-Reporting.pdf"}},{"type":"documentation","label":"ACR","display":"ACR BI-RADS Atlas Excerpt: MRI Reporting System","citation":"American College of Radiology. ACR BI-RADS Atlas: Breast Imaging Reporting and Data System. 5th ed., American College of Radiology, 2013.","url":"https://edge.sitecorecloud.io/americancoldf5f-acrorgf92a-productioncb02-3650/media/ACR/Files/RADS/BI-RADS/Breast-MRI-Reporting.pdf","document":{"url":"https://edge.sitecorecloud.io/americancoldf5f-acrorgf92a-productioncb02-3650/media/ACR/Files/RADS/BI-RADS/Breast-MRI-Reporting.pdf"}},{"type":"documentation","label":"ACR","display":"ACR BI-RADS Atlas Excerpt: Ultrasound Reporting System","citation":"American College of Radiology. ACR BI-RADS Atlas: Breast Imaging Reporting and Data System. 5th ed., American College of Radiology, 2013.","url":"https://edge.sitecorecloud.io/americancoldf5f-acrorgf92a-productioncb02-3650/media/ACR/Files/RADS/BI-RADS/Breast-Ultrasound-Reporting.pdf","document":{"url":"https://edge.sitecorecloud.io/americancoldf5f-acrorgf92a-productioncb02-3650/media/ACR/Files/RADS/BI-RADS/Breast-Ultrasound-Reporting.pdf"}},{"type":"citation","label":"ASBrS","display":"The American Society of Breast Surgeons Resource Guide: Excisional Breast Biopsy (Nov 2014)","url":"https://www.breastsurgeons.org/docs/statements/asbrs-rg-excisional-breast-biopsy.pdf","document":{"url":"https://www.breastsurgeons.org/docs/statements/asbrs-rg-excisional-breast-biopsy.pdf"}}],"condition":[{"kind":"applicability","expression":{"language":"text/cql-identifier","expression":"NoErrorsHaveOccurred"}},{"kind":"applicability","expression":{"language":"text/cql-identifier","expression":"ExistsFollowupBirads4Or5Result"}}],"definitionCanonical":"http://cancerscreeningcds.github.io/bcsm-cds/ActivityDefinition/BreastCancerScreeningServiceRequest|1.0.0","dynamicValue":[{"path":"%action.code[0].coding[0]","expression":{"language":"text/cql-identifier","expression":"FollowupBirads4Or5ResultCode"}},{"path":"%action.timingTiming","expression":{"language":"text/cql-identifier","expression":"FollowupBirads4Or5ResultTiming"}},{"path":"%action.extension","expression":{"language":"text/cql-identifier","expression":"FollowupBirads4Or5ResultFlag"}},{"path":"code.coding[0]","expression":{"language":"text/cql-identifier","expression":"FollowupBirads4Or5ResultCode"}},{"path":"reasonCode[0].coding[0]","expression":{"language":"text/cql-identifier","expression":"FollowupBirads4Or5ResultReason"}},{"path":"occurrenceDateTime","expression":{"language":"text/cql-identifier","expression":"FollowupBirads4Or5ResultTimingEvent"}}]},{"id":"FollowupBenignBiopsyResult","title":"Continue routine screening","description":"Benign lesions without atypia or discordance with imaging can return to routine screening.\n\nCertain specific benign histologies may require additional tissue, including mucin-producing lesions, potential phyllodes tumor, papillary lesions, or radial scars. Refer to pathologist for further recommendations.\n\nOther specific histologies may be considered for excisional biopsy and can be referred to a breast surgeon for evaluation. These may include flat epithelial atypia [FEA], papillary and/or sclerosing lesion, and fibroepithelial lesions (fibroadenoma vs benign phyllodes tumor).","documentation":[{"type":"citation","label":"ASBrS","display":"The American Society of Breast Surgeons Resource Guide: Surgical Management of Benign or High-Risk Lesions (Feb 2025)","url":"https://www.breastsurgeons.org/docs/statements/asbrs-rg-high-risk-lesions.pdf","document":{"url":"https://www.breastsurgeons.org/docs/statements/asbrs-rg-high-risk-lesions.pdf"}}],"condition":[{"kind":"applicability","expression":{"language":"text/cql-identifier","expression":"NoErrorsHaveOccurred"}},{"kind":"applicability","expression":{"language":"text/cql-identifier","expression":"ExistsFollowupBenignBiopsyResult"}}],"definitionCanonical":"http://cancerscreeningcds.github.io/bcsm-cds/ActivityDefinition/BreastCancerScreeningServiceRequest|1.0.0","dynamicValue":[{"path":"%action.code[0].coding[0]","expression":{"language":"text/cql-identifier","expression":"FollowupBenignBiopsyResultCode"}},{"path":"%action.timingTiming","expression":{"language":"text/cql-identifier","expression":"FollowupBenignBiopsyResultTiming"}},{"path":"%action.extension","expression":{"language":"text/cql-identifier","expression":"FollowupBenignBiopsyResultFlag"}},{"path":"code.coding[0]","expression":{"language":"text/cql-identifier","expression":"FollowupBenignBiopsyResultCode"}},{"path":"reasonCode[0].coding[0]","expression":{"language":"text/cql-identifier","expression":"FollowupBenignBiopsyResultReason"}},{"path":"occurrenceDateTime","expression":{"language":"text/cql-identifier","expression":"FollowupBenignBiopsyResultTimingEvent"}}]},{"id":"FollowupAtypicalBiopsyResult","title":"Refer to breast surgeon","description":"Atypical fndings, including ADH and non-classic LCIS, should be referred for potential excision.\n\nAtypical ductal hyperplasia (ADH) and non-classic lobular carcinoma in situ (LCIS), including pleomorphic or florid LCIS, should be referred to breast surgeon for potential excision.\n\nClassic LCIS and atypical lobular hyperplasia (ALH) are typically candidates for observation with clinical and imaging follow-up but may benefit from excision in certain circumstances.","documentation":[{"type":"citation","label":"ASBrS","display":"The American Society of Breast Surgeons Resource Guide: Surgical Management of Benign or High-Risk Lesions (Feb 2025)","url":"https://www.breastsurgeons.org/docs/statements/asbrs-rg-high-risk-lesions.pdf","document":{"url":"https://www.breastsurgeons.org/docs/statements/asbrs-rg-high-risk-lesions.pdf"}}],"condition":[{"kind":"applicability","expression":{"language":"text/cql-identifier","expression":"NoErrorsHaveOccurred"}},{"kind":"applicability","expression":{"language":"text/cql-identifier","expression":"ExistsFollowupAtypicalBiopsyResult"}}],"definitionCanonical":"http://cancerscreeningcds.github.io/bcsm-cds/ActivityDefinition/BreastCancerScreeningServiceRequest|1.0.0","dynamicValue":[{"path":"%action.code[0].coding[0]","expression":{"language":"text/cql-identifier","expression":"FollowupAtypicalBiopsyResultCode"}},{"path":"%action.timingTiming","expression":{"language":"text/cql-identifier","expression":"FollowupAtypicalBiopsyResultTiming"}},{"path":"%action.extension","expression":{"language":"text/cql-identifier","expression":"FollowupAtypicalBiopsyResultFlag"}},{"path":"code.coding[0]","expression":{"language":"text/cql-identifier","expression":"FollowupAtypicalBiopsyResultCode"}},{"path":"reasonCode[0].coding[0]","expression":{"language":"text/cql-identifier","expression":"FollowupAtypicalBiopsyResultReason"}},{"path":"occurrenceDateTime","expression":{"language":"text/cql-identifier","expression":"FollowupAtypicalBiopsyResultTimingEvent"}}]},{"id":"FollowupMalignantBiopsyResult","title":"Refer to breast cancer specialist","description":"Referral to breast surgery or medical oncology as appropriate.","condition":[{"kind":"applicability","expression":{"language":"text/cql-identifier","expression":"NoErrorsHaveOccurred"}},{"kind":"applicability","expression":{"language":"text/cql-identifier","expression":"ExistsFollowupMalignantBiopsyResult"}}],"definitionCanonical":"http://cancerscreeningcds.github.io/bcsm-cds/ActivityDefinition/BreastCancerScreeningServiceRequest|1.0.0","dynamicValue":[{"path":"%action.code[0].coding[0]","expression":{"language":"text/cql-identifier","expression":"FollowupMalignantBiopsyResultCode"}},{"path":"%action.timingTiming","expression":{"language":"text/cql-identifier","expression":"FollowupMalignantBiopsyResultTiming"}},{"path":"%action.extension","expression":{"language":"text/cql-identifier","expression":"FollowupMalignantBiopsyResultFlag"}},{"path":"code.coding[0]","expression":{"language":"text/cql-identifier","expression":"FollowupMalignantBiopsyResultCode"}},{"path":"reasonCode[0].coding[0]","expression":{"language":"text/cql-identifier","expression":"FollowupMalignantBiopsyResultReason"}},{"path":"occurrenceDateTime","expression":{"language":"text/cql-identifier","expression":"FollowupMalignantBiopsyResultTimingEvent"}}]},{"id":"FollowupIndeterminateBiopsyResult","title":"Refer to breast surgeon","description":"Indeterminate fndings should be referred for potential excisional biopsy.\n\nA core needle biopsy specimen may be non-diagnostic for a number of reasons (insufficient material, lack of calcifications, hemorrhage).","documentation":[{"type":"citation","label":"ASBrS","display":"The American Society of Breast Surgeons Resource Guide: Excisional Breast Biopsy (Nov 2014)","url":"https://www.breastsurgeons.org/docs/statements/asbrs-rg-excisional-breast-biopsy.pdf","document":{"url":"https://www.breastsurgeons.org/docs/statements/asbrs-rg-excisional-breast-biopsy.pdf"}}],"condition":[{"kind":"applicability","expression":{"language":"text/cql-identifier","expression":"NoErrorsHaveOccurred"}},{"kind":"applicability","expression":{"language":"text/cql-identifier","expression":"ExistsFollowupIndeterminateBiopsyResult"}}],"definitionCanonical":"http://cancerscreeningcds.github.io/bcsm-cds/ActivityDefinition/BreastCancerScreeningServiceRequest|1.0.0","dynamicValue":[{"path":"%action.code[0].coding[0]","expression":{"language":"text/cql-identifier","expression":"FollowupIndeterminateBiopsyResultCode"}},{"path":"%action.timingTiming","expression":{"language":"text/cql-identifier","expression":"FollowupIndeterminateBiopsyResultTiming"}},{"path":"%action.extension","expression":{"language":"text/cql-identifier","expression":"FollowupIndeterminateBiopsyResultFlag"}},{"path":"code.coding[0]","expression":{"language":"text/cql-identifier","expression":"FollowupIndeterminateBiopsyResultCode"}},{"path":"reasonCode[0].coding[0]","expression":{"language":"text/cql-identifier","expression":"FollowupIndeterminateBiopsyResultReason"}},{"path":"occurrenceDateTime","expression":{"language":"text/cql-identifier","expression":"FollowupIndeterminateBiopsyResultTimingEvent"}}]},{"id":"FollowupDiscordantBiopsyResult","title":"Refer to breast surgeon","description":"Benign histology findings on core needle biopsy that are discordant with imaging findings should be referred for potential excisional biopsy.\n\nA histologic result may be discordant if the pathology result does not account for imaging findings that are suspicious for malignancy. The designation of discordance may require input from radiologist, breast surgeon, and breast pathologist. \n\nA repeat needle biopsy may be considered if the initial biopsy procedure was felt to be inadequate. Refer to radiologist recommendations for guidance.","documentation":[{"type":"citation","label":"ASBrS","display":"The American Society of Breast Surgeons Resource Guide: Surgical Management of Benign or High-Risk Lesions (Feb 2025)","url":"https://www.breastsurgeons.org/docs/statements/asbrs-rg-high-risk-lesions.pdf","document":{"url":"https://www.breastsurgeons.org/docs/statements/asbrs-rg-high-risk-lesions.pdf"}}],"condition":[{"kind":"applicability","expression":{"language":"text/cql-identifier","expression":"NoErrorsHaveOccurred"}},{"kind":"applicability","expression":{"language":"text/cql-identifier","expression":"ExistsFollowupDiscordantBiopsyResult"}}],"definitionCanonical":"http://cancerscreeningcds.github.io/bcsm-cds/ActivityDefinition/BreastCancerScreeningServiceRequest|1.0.0","dynamicValue":[{"path":"%action.code[0].coding[0]","expression":{"language":"text/cql-identifier","expression":"FollowupDiscordantBiopsyResultCode"}},{"path":"%action.timingTiming","expression":{"language":"text/cql-identifier","expression":"FollowupDiscordantBiopsyResultTiming"}},{"path":"%action.extension","expression":{"language":"text/cql-identifier","expression":"FollowupDiscordantBiopsyResultFlag"}},{"path":"code.coding[0]","expression":{"language":"text/cql-identifier","expression":"FollowupDiscordantBiopsyResultCode"}},{"path":"reasonCode[0].coding[0]","expression":{"language":"text/cql-identifier","expression":"FollowupDiscordantBiopsyResultReason"}},{"path":"occurrenceDateTime","expression":{"language":"text/cql-identifier","expression":"FollowupDiscordantBiopsyResultTimingEvent"}}]}]}