{"resourceType":"PlanDefinition","id":"PrimaryScreeningDecision","meta":{"profile":["http://hl7.org/fhir/uv/cpg/StructureDefinition/cpg-computableplandefinition"]},"extension":[{"url":"http://hl7.org/fhir/uv/cpg/StructureDefinition/cpg-knowledgeCapability","valueCode":"executable"},{"url":"http://hl7.org/fhir/uv/cpg/StructureDefinition/cpg-knowledgeRepresentationLevel","valueCode":"structured"}],"url":"http://cancerscreeningcds.github.io/bcsm-cds/PlanDefinition/PrimaryScreeningDecision","version":"1.0.0","name":"PrimaryScreeningDecision","title":"Primary Screening Decision","type":{"coding":[{"system":"http://terminology.hl7.org/CodeSystem/plan-definition-type","code":"eca-rule","display":"ECA Rule"}]},"status":"draft","experimental":true,"date":"2024-10-22","publisher":"MITRE","contact":[{"name":"MITRE","telecom":[{"system":"url","value":"https://www.mitre.org/"}]}],"description":"Primary Screening Decision pathway.","copyright":"(C) 2024 The MITRE Corporation. All Rights Reserved. Approved for Public Release: 24-2711. Distribution Unlimited. Unless otherwise noted, this work is available under an Apache 2.0 license. It was produced by the MITRE Corporation for the Division of Cancer Prevention and Control, Centers for Disease Control and Prevention in accordance with the Statement of Work, contract number 75FCMC18D0047, task order number 75D30123F17931.","approvalDate":"2024-10-22","lastReviewDate":"2024-10-22","author":[{"name":"The Health FFRDC, operated by The MITRE Corporation, in support of the Division of Cancer Prevention and Control, Centers for Disease Control and Prevention."}],"editor":[{"name":"Division of Cancer Prevention and Control, Centers for Disease Control and Prevention"}],"reviewer":[{"name":"Division of Cancer Prevention and Control, Centers for Disease Control and Prevention"}],"endorser":[{"name":"Division of Cancer Prevention and Control, Centers for Disease Control and Prevention"}],"library":["Library/PrimaryScreeningDecision|1.0.0"],"action":[{"id":"NotEligibleCurrentBreastCancer","title":"Not eligible for screening","description":"This patient is not eligible for screening.\n\nReferenced guidelines apply to individuals assigned female at birth. Routine screening of cis-gender individuals assigned male at birth is not recommended. For transgender women, consider specialist referral.\n\nAdditional resources: ACR Appropriateness Criteria® Transgender Breast Cancer Screening; UCSF guidelines 'Screening for breast cancer in transgender women'","code":[{"coding":[{"system":"http://cancerscreeningcds.github.io/bcsm-cds/CodeSystem/plan-definition-action-code-system","code":"noteligible","display":"Not eligible for screening"}]}],"documentation":[{"type":"citation","label":"USPSTF","display":"Screening for Breast Cancer: US Preventive Services Task Force Recommendation Statement","citation":"US Preventive Services Task Force. Screening for Breast Cancer: US Preventive Services Task Force Recommendation Statement. JAMA. Published online April 30, 2024.","url":"https://www.uspreventiveservicestaskforce.org/uspstf/recommendation/breast-cancer-screening","document":{"url":"https://www.uspreventiveservicestaskforce.org/uspstf/recommendation/breast-cancer-screening"}},{"type":"derived-from","label":"Screening Eligible","display":"Individuals who have certain signs or symptoms concerning for breast cancer or other breast diseases are excluded from routine screening pathways and should have diagnostic testing performed."},{"type":"documentation","label":"ACR","display":"ACR Appropriateness Criteria® Transgender Breast Cancer Screening","citation":"Brown, Ann, et al. \"ACR appropriateness criteria® transgender breast cancer screening.\" Journal of the American College of Radiology 18.11 (2021): S502-S515.","url":"https://www.jacr.org/article/S1546-1440(21)00730-4/fulltext","document":{"url":"https://www.jacr.org/article/S1546-1440(21)00730-4/fulltext"}},{"type":"documentation","label":"UCSF","display":"UCSF Transgender Care & Treatment Guidelines: Screening for breast cancer in transgender women","url":"https://transcare.ucsf.edu/guidelines/breast-cancer-women","document":{"url":"https://transcare.ucsf.edu/guidelines/breast-cancer-women"}}],"condition":[{"kind":"applicability","expression":{"language":"text/cql-identifier","expression":"CheckIsIncludedAndNotExcluded"}},{"kind":"applicability","expression":{"language":"text/cql-identifier","expression":"ExistsNotEligibleNotAssignedFemaleAtBirth"}}],"definitionCanonical":"http://cancerscreeningcds.github.io/bcsm-cds/ActivityDefinition/CommunicateNotEligible|1.0.0","dynamicValue":[{"path":"reasonCode[0].coding[0]","expression":{"language":"text/cql-identifier","expression":"ScreeningEligibleReason"}}]},{"id":"NotEligibleCurrentBreastCancer","title":"Refer to Oncologic care plan","description":"This patient is not eligible for routine screening and should be referred to a specialist for management.\n\nBreast cancer within 5 years may require enhanced surveillance including diagnostic mammogram. Refer to patient's Oncologic treatment team or Survivorship Care Plan for patient specific guidance.","code":[{"coding":[{"system":"http://cancerscreeningcds.github.io/bcsm-cds/CodeSystem/plan-definition-action-code-system","code":"noteligible","display":"Not eligible for screening"}]}],"documentation":[{"type":"citation","label":"USPSTF","display":"Screening for Breast Cancer: US Preventive Services Task Force Recommendation Statement","citation":"US Preventive Services Task Force. Screening for Breast Cancer: US Preventive Services Task Force Recommendation Statement. JAMA. Published online April 30, 2024.","url":"https://www.uspreventiveservicestaskforce.org/uspstf/recommendation/breast-cancer-screening","document":{"url":"https://www.uspreventiveservicestaskforce.org/uspstf/recommendation/breast-cancer-screening"}},{"type":"derived-from","label":"Screening Eligible","display":"Individuals who have certain signs or symptoms concerning for breast cancer or other breast diseases are excluded from routine screening pathways and should have diagnostic testing performed."}],"condition":[{"kind":"applicability","expression":{"language":"text/cql-identifier","expression":"CheckIsIncludedAndNotExcluded"}},{"kind":"applicability","expression":{"language":"text/cql-identifier","expression":"ExistsNotEligibleCurrentBreastCancer"}}],"definitionCanonical":"http://cancerscreeningcds.github.io/bcsm-cds/ActivityDefinition/CommunicateNotEligible|1.0.0","dynamicValue":[{"path":"reasonCode[0].coding[0]","expression":{"language":"text/cql-identifier","expression":"ScreeningEligibleReason"}}]},{"id":"NotEligibleBreastSymptomsOrFindings","title":"Not eligible for screening","description":"This patient is not eligible for screening.\n\nNew breast symptoms or exam findings, or chronic symptoms or findings which have progressively worsened, should undergo diagnostic testing rather than routine screening.","code":[{"coding":[{"system":"http://cancerscreeningcds.github.io/bcsm-cds/CodeSystem/plan-definition-action-code-system","code":"noteligible","display":"Not eligible for screening"}]}],"documentation":[{"type":"citation","label":"USPSTF","display":"Screening for Breast Cancer: US Preventive Services Task Force Recommendation Statement","citation":"US Preventive Services Task Force. Screening for Breast Cancer: US Preventive Services Task Force Recommendation Statement. JAMA. Published online April 30, 2024.","url":"https://www.uspreventiveservicestaskforce.org/uspstf/recommendation/breast-cancer-screening","document":{"url":"https://www.uspreventiveservicestaskforce.org/uspstf/recommendation/breast-cancer-screening"}},{"type":"derived-from","label":"Screening Eligible","display":"Individuals who have certain signs or symptoms concerning for breast cancer or other breast diseases are excluded from routine screening pathways and should have diagnostic testing performed."}],"condition":[{"kind":"applicability","expression":{"language":"text/cql-identifier","expression":"CheckIsIncludedAndNotExcluded"}},{"kind":"applicability","expression":{"language":"text/cql-identifier","expression":"ExistsNotEligibleBreastSymptomsOrFindings"}}],"definitionCanonical":"http://cancerscreeningcds.github.io/bcsm-cds/ActivityDefinition/CommunicateNotEligible|1.0.0","dynamicValue":[{"path":"reasonCode[0].coding[0]","expression":{"language":"text/cql-identifier","expression":"ScreeningEligibleReason"}}]},{"id":"NotEligibleBilateralMastectomy","title":"Not eligible for screening","description":"This patient is not eligible for screening.\n\nThis patient has had bilateral mastectomy and does not meet the eligibility requirements for routine breast cancer screening.","code":[{"coding":[{"system":"http://cancerscreeningcds.github.io/bcsm-cds/CodeSystem/plan-definition-action-code-system","code":"noteligible","display":"Not eligible for screening"}]}],"documentation":[{"type":"citation","label":"USPSTF","display":"Screening for Breast Cancer: US Preventive Services Task Force Recommendation Statement","citation":"US Preventive Services Task Force. Screening for Breast Cancer: US Preventive Services Task Force Recommendation Statement. JAMA. Published online April 30, 2024.","url":"https://www.uspreventiveservicestaskforce.org/uspstf/recommendation/breast-cancer-screening","document":{"url":"https://www.uspreventiveservicestaskforce.org/uspstf/recommendation/breast-cancer-screening"}},{"type":"derived-from","label":"Screening Eligible","display":"Individuals who have certain signs or symptoms concerning for breast cancer or other breast diseases are excluded from routine screening pathways and should have diagnostic testing performed."}],"condition":[{"kind":"applicability","expression":{"language":"text/cql-identifier","expression":"CheckIsIncludedAndNotExcluded"}},{"kind":"applicability","expression":{"language":"text/cql-identifier","expression":"ExistsNotEligibleBilateralMastectomy"}}],"definitionCanonical":"http://cancerscreeningcds.github.io/bcsm-cds/ActivityDefinition/CommunicateNotEligible|1.0.0","dynamicValue":[{"path":"reasonCode[0].coding[0]","expression":{"language":"text/cql-identifier","expression":"ScreeningEligibleReason"}}]},{"id":"SDMContinueScreeningAge","title":"Shared decision making to continue screening based on age","description":"Decision to continue screening mammography in average risk women age 75 years or older should be based on shared decision-making.\n\nThe USPSTF concludes that the evidence is insufficient to determine the balance of benefits and harms of screening mammography in women 75 years or older.","documentation":[{"type":"citation","label":"USPSTF","display":"Screening for Breast Cancer: US Preventive Services Task Force Recommendation Statement","citation":"US Preventive Services Task Force. Screening for Breast Cancer: US Preventive Services Task Force Recommendation Statement. JAMA. Published online April 30, 2024.","url":"https://www.uspreventiveservicestaskforce.org/uspstf/recommendation/breast-cancer-screening","document":{"url":"https://www.uspreventiveservicestaskforce.org/uspstf/recommendation/breast-cancer-screening"}}],"condition":[{"kind":"applicability","expression":{"language":"text/cql-identifier","expression":"ExistsSDMContinueScreeningAge"}},{"kind":"applicability","expression":{"language":"text/cql-identifier","expression":"CheckIsIncludedAndNotExcluded"}},{"kind":"applicability","expression":{"language":"text/cql-identifier","expression":"IsScreeningEligible"}}],"definitionCanonical":"http://cancerscreeningcds.github.io/bcsm-cds/ActivityDefinition/CommunicateSDMContinueScreening|1.0.0","dynamicValue":[{"path":"%action.code[0].coding[0]","expression":{"language":"text/cql-identifier","expression":"SDMContinueScreeningAgeCode"}},{"path":"reasonCode[0].coding[0]","expression":{"language":"text/cql-identifier","expression":"SDMContinueScreeningAgeReason"}}]},{"id":"SDMContinueScreeningLifeExp","title":"Shared decision making to continue screening based on life expectancy","description":"Decision to continue screening mammography in cases of limited life expectancy should be based on shared decision-making.\n\nACS advises that women should continue screening mammography as long as their overall health is good and they have a life expectancy of 10 years or more.\n\nLife expectancy is generally defined as having greater than a 50% probability of surviving 10 years. A validated tool such as www.eprognosis.com can help guide decision making.","documentation":[{"type":"citation","label":"ACS","display":"Breast Cancer Screening for Women at Average Risk: 2015 Guideline Update From the American Cancer Society","citation":"Saslow D, Boetes C, Burke W, Harms S, Leach MO, Lehman CD, Morris E, Pisano E, Schnall M, Sener S, Smith RA, Warner E, Yaffe M, Andrews KS, Russell CA; American Cancer Society Breast Cancer Advisory Group. American Cancer Society guidelines for breast screening with MRI as an adjunct to mammography. CA Cancer J Clin. 2007 Mar-Apr;57(2):75-89.","url":"https://jamanetwork.com/journals/jama/fullarticle/2463262","document":{"url":"https://jamanetwork.com/journals/jama/fullarticle/2463262"}}],"condition":[{"kind":"applicability","expression":{"language":"text/cql-identifier","expression":"ExistsSDMContinueScreeningLifeExp"}},{"kind":"applicability","expression":{"language":"text/cql-identifier","expression":"CheckIsIncludedAndNotExcluded"}},{"kind":"applicability","expression":{"language":"text/cql-identifier","expression":"IsScreeningEligible"}}],"definitionCanonical":"http://cancerscreeningcds.github.io/bcsm-cds/ActivityDefinition/CommunicateSDMContinueScreening|1.0.0","dynamicValue":[{"path":"%action.code[0].coding[0]","expression":{"language":"text/cql-identifier","expression":"SDMContinueScreeningLifeExpCode"}},{"path":"reasonCode[0].coding[0]","expression":{"language":"text/cql-identifier","expression":"SDMContinueScreeningLifeExpReason"}}]},{"id":"SDMDelayScreeningLactating","title":"Shared decision making to delay screening based on lactation status","description":"There is no contraindication to screening mammography during lactation, however sensitivity and specificity are decreased. For average risk patients, consider a short delay in routine breast imaging until after lactation, particularly if they are not planning prolonged breastfeeding.","condition":[{"kind":"applicability","expression":{"language":"text/cql-identifier","expression":"ExistsSDMDelayScreeningLactating"}},{"kind":"applicability","expression":{"language":"text/cql-identifier","expression":"CheckIsIncludedAndNotExcluded"}},{"kind":"applicability","expression":{"language":"text/cql-identifier","expression":"IsScreeningEligible"}}],"definitionCanonical":"http://cancerscreeningcds.github.io/bcsm-cds/ActivityDefinition/CommunicateSDMDelayScreening|1.0.0","dynamicValue":[{"path":"%action.code[0].coding[0]","expression":{"language":"text/cql-identifier","expression":"SDMDelayScreeningLactatingCode"}},{"path":"reasonCode[0].coding[0]","expression":{"language":"text/cql-identifier","expression":"SDMDelayScreeningLactatingReason"}}]},{"id":"ACSGeneticRiskMammo","title":"Annual screening mammogram starting age 30","description":"An annual screening mammogram starting at age 30 is recommended.\n\nWomen who are at higher than average risk for breast cancer based on known genetic markers or syndromes should get a mammogram every year, typically starting at age 30.","documentation":[{"type":"citation","label":"ACS","display":"American Cancer Society Recommendations for the Early Detection of Breast Cancer","url":"https://www.cancer.org/cancer/types/breast-cancer/screening-tests-and-early-detection/american-cancer-society-recommendations-for-the-early-detection-of-breast-cancer.html","document":{"url":"https://www.cancer.org/cancer/types/breast-cancer/screening-tests-and-early-detection/american-cancer-society-recommendations-for-the-early-detection-of-breast-cancer.html"}}],"condition":[{"kind":"applicability","expression":{"language":"text/cql-identifier","expression":"ExistsACSGeneticRiskMammo"}},{"kind":"applicability","expression":{"language":"text/cql-identifier","expression":"ExistsHighRiskExclusionsRecommendations"}},{"kind":"applicability","expression":{"language":"text/cql-identifier","expression":"CheckIsIncludedAndNotExcluded"}},{"kind":"applicability","expression":{"language":"text/cql-identifier","expression":"IsScreeningEligible"}}],"definitionCanonical":"http://cancerscreeningcds.github.io/bcsm-cds/ActivityDefinition/BreastCancerScreeningServiceRequest|1.0.0","dynamicValue":[{"path":"%action.code[0].coding[0]","expression":{"language":"text/cql-identifier","expression":"ACSGeneticRiskMammoCode"}},{"path":"%action.timingTiming","expression":{"language":"text/cql-identifier","expression":"ACSGeneticRiskMammoTiming"}},{"path":"%action.extension","expression":{"language":"text/cql-identifier","expression":"ACSGeneticRiskMammoFlag"}},{"path":"code.coding[0]","expression":{"language":"text/cql-identifier","expression":"ACSGeneticRiskMammoCode"}},{"path":"reasonCode[0].coding[0]","expression":{"language":"text/cql-identifier","expression":"ACSGeneticRiskMammoReason"}},{"path":"occurrenceDateTime","expression":{"language":"text/cql-identifier","expression":"ACSGeneticRiskMammoTimingEvent"}}]},{"id":"ACSGeneticRiskMri","title":"Annual screening MRI starting age 30","description":"An annual screening MRI starting at age 30 is recommended.\n\nWomen who are at higher than average risk for breast cancer based on known genetic markers or syndromes should get a breast MRI every year, typically starting at age 30.","documentation":[{"type":"citation","label":"ACS","display":"American Cancer Society Guidelines for Breast Screening with MRI as an Adjunct to Mammography","citation":"Oeffinger KC, Fontham ETH, Etzioni R, et al. Breast Cancer Screening for Women at Average Risk: 2015 Guideline Update From the American Cancer Society. JAMA. 2015;314(15):1599–1614.","url":"https://acsjournals.onlinelibrary.wiley.com/doi/full/10.3322/canjclin.57.2.75","document":{"url":"https://acsjournals.onlinelibrary.wiley.com/doi/full/10.3322/canjclin.57.2.75"}}],"condition":[{"kind":"applicability","expression":{"language":"text/cql-identifier","expression":"ExistsACSGeneticRiskMri"}},{"kind":"applicability","expression":{"language":"text/cql-identifier","expression":"ExistsHighRiskExclusionsRecommendations"}},{"kind":"applicability","expression":{"language":"text/cql-identifier","expression":"CheckIsIncludedAndNotExcluded"}},{"kind":"applicability","expression":{"language":"text/cql-identifier","expression":"IsScreeningEligible"}}],"definitionCanonical":"http://cancerscreeningcds.github.io/bcsm-cds/ActivityDefinition/BreastCancerScreeningServiceRequest|1.0.0","dynamicValue":[{"path":"%action.code[0].coding[0]","expression":{"language":"text/cql-identifier","expression":"ACSGeneticRiskMriCode"}},{"path":"%action.timingTiming","expression":{"language":"text/cql-identifier","expression":"ACSGeneticRiskMriTiming"}},{"path":"%action.extension","expression":{"language":"text/cql-identifier","expression":"ACSGeneticRiskMriFlag"}},{"path":"code.coding[0]","expression":{"language":"text/cql-identifier","expression":"ACSGeneticRiskMriCode"}},{"path":"reasonCode[0].coding[0]","expression":{"language":"text/cql-identifier","expression":"ACSGeneticRiskMriReason"}},{"path":"occurrenceDateTime","expression":{"language":"text/cql-identifier","expression":"ACSGeneticRiskMriTimingEvent"}}]},{"id":"SpecialtyReferralGeneticRisk","title":"Refer to specialist recommendations","description":"A number of other genetic variants are known to be associated with an increased risk of developing of breast cancer. For known personal history of these variants, refer to the consulting geneticist or to high risk breast specialist for guidance on routine screening. \n\nVariants may include ATM, BARD1, CDH1, CHEK2, NF1, PALB2, RAD51C, RAD51D, STK11.","condition":[{"kind":"applicability","expression":{"language":"text/cql-identifier","expression":"ExistsSpecialtyReferralGeneticRisk"}},{"kind":"applicability","expression":{"language":"text/cql-identifier","expression":"ExistsHighRiskExclusionsRecommendations"}},{"kind":"applicability","expression":{"language":"text/cql-identifier","expression":"CheckIsIncludedAndNotExcluded"}},{"kind":"applicability","expression":{"language":"text/cql-identifier","expression":"IsScreeningEligible"}}],"definitionCanonical":"http://cancerscreeningcds.github.io/bcsm-cds/ActivityDefinition/BreastCancerScreeningServiceRequest|1.0.0","dynamicValue":[{"path":"%action.code[0].coding[0]","expression":{"language":"text/cql-identifier","expression":"SpecialtyReferralGeneticRiskCode"}},{"path":"code.coding[0]","expression":{"language":"text/cql-identifier","expression":"SpecialtyReferralGeneticRiskCode"}},{"path":"reasonCode[0].coding[0]","expression":{"language":"text/cql-identifier","expression":"SpecialtyReferralGeneticRiskReason"}}]},{"id":"ACSMammoAfterRT","title":"Annual screening mammogram","description":"An annual screening mammogram starting 8 years after radiotherapy and no earlier than age 25 is recommended.\n\nRefer to patient's Oncologic treatment team or Survivorship Care Plan for patient specific guidance.","documentation":[{"type":"citation","label":"ACS","display":"American Cancer Society Recommendations for the Early Detection of Breast Cancer","url":"https://www.cancer.org/cancer/types/breast-cancer/screening-tests-and-early-detection/american-cancer-society-recommendations-for-the-early-detection-of-breast-cancer.html","document":{"url":"https://www.cancer.org/cancer/types/breast-cancer/screening-tests-and-early-detection/american-cancer-society-recommendations-for-the-early-detection-of-breast-cancer.html"}}],"condition":[{"kind":"applicability","expression":{"language":"text/cql-identifier","expression":"ExistsACSMammoAfterRT"}},{"kind":"applicability","expression":{"language":"text/cql-identifier","expression":"ExistsHighRiskExclusionsRecommendations"}},{"kind":"applicability","expression":{"language":"text/cql-identifier","expression":"CheckIsIncludedAndNotExcluded"}},{"kind":"applicability","expression":{"language":"text/cql-identifier","expression":"IsScreeningEligible"}}],"definitionCanonical":"http://cancerscreeningcds.github.io/bcsm-cds/ActivityDefinition/BreastCancerScreeningServiceRequest|1.0.0","dynamicValue":[{"path":"%action.code[0].coding[0]","expression":{"language":"text/cql-identifier","expression":"ACSMammoAfterRTCode"}},{"path":"%action.timingTiming","expression":{"language":"text/cql-identifier","expression":"ACSMammoAfterRTTiming"}},{"path":"%action.extension","expression":{"language":"text/cql-identifier","expression":"ACSMammoAfterRTFlag"}},{"path":"code.coding[0]","expression":{"language":"text/cql-identifier","expression":"ACSMammoAfterRTCode"}},{"path":"reasonCode[0].coding[0]","expression":{"language":"text/cql-identifier","expression":"ACSMammoAfterRTReason"}},{"path":"occurrenceDateTime","expression":{"language":"text/cql-identifier","expression":"ACSMammoAfterRTTimingEvent"}}]},{"id":"ACSMriAfterRT","title":"Annual screening MRI","description":"An annual screening MRI starting 8 years after radiotherapy and no earlier than age 25 is recommended.\n\nRefer to patient's Oncologic treatment team or Survivorship Care Plan for patient specific guidance.","documentation":[{"type":"citation","label":"ACS","display":"American Cancer Society Guidelines for Breast Screening with MRI as an Adjunct to Mammography","citation":"Oeffinger KC, Fontham ETH, Etzioni R, et al. Breast Cancer Screening for Women at Average Risk: 2015 Guideline Update From the American Cancer Society. JAMA. 2015;314(15):1599–1614.","url":"https://acsjournals.onlinelibrary.wiley.com/doi/full/10.3322/canjclin.57.2.75","document":{"url":"https://acsjournals.onlinelibrary.wiley.com/doi/full/10.3322/canjclin.57.2.75"}}],"condition":[{"kind":"applicability","expression":{"language":"text/cql-identifier","expression":"ExistsACSMriAfterRT"}},{"kind":"applicability","expression":{"language":"text/cql-identifier","expression":"ExistsHighRiskExclusionsRecommendations"}},{"kind":"applicability","expression":{"language":"text/cql-identifier","expression":"CheckIsIncludedAndNotExcluded"}},{"kind":"applicability","expression":{"language":"text/cql-identifier","expression":"IsScreeningEligible"}}],"definitionCanonical":"http://cancerscreeningcds.github.io/bcsm-cds/ActivityDefinition/BreastCancerScreeningServiceRequest|1.0.0","dynamicValue":[{"path":"%action.code[0].coding[0]","expression":{"language":"text/cql-identifier","expression":"ACSMriAfterRTCode"}},{"path":"%action.timingTiming","expression":{"language":"text/cql-identifier","expression":"ACSMriAfterRTTiming"}},{"path":"%action.extension","expression":{"language":"text/cql-identifier","expression":"ACSMriAfterRTFlag"}},{"path":"code.coding[0]","expression":{"language":"text/cql-identifier","expression":"ACSMriAfterRTCode"}},{"path":"reasonCode[0].coding[0]","expression":{"language":"text/cql-identifier","expression":"ACSMriAfterRTReason"}},{"path":"occurrenceDateTime","expression":{"language":"text/cql-identifier","expression":"ACSMriAfterRTTimingEvent"}}]},{"id":"ACSMammoAfterBrca","title":"Annual screening mammogram","description":"Annual screening mammogram after 5 years from breast cancer onset is recomended.","documentation":[{"type":"citation","label":"ACS","display":"American Cancer Society Recommendations for the Early Detection of Breast Cancer","url":"https://www.cancer.org/cancer/types/breast-cancer/screening-tests-and-early-detection/american-cancer-society-recommendations-for-the-early-detection-of-breast-cancer.html","document":{"url":"https://www.cancer.org/cancer/types/breast-cancer/screening-tests-and-early-detection/american-cancer-society-recommendations-for-the-early-detection-of-breast-cancer.html"}}],"condition":[{"kind":"applicability","expression":{"language":"text/cql-identifier","expression":"ExistsACSMammoAfterBrca"}},{"kind":"applicability","expression":{"language":"text/cql-identifier","expression":"ExistsHighRiskExclusionsRecommendations"}},{"kind":"applicability","expression":{"language":"text/cql-identifier","expression":"CheckIsIncludedAndNotExcluded"}},{"kind":"applicability","expression":{"language":"text/cql-identifier","expression":"IsScreeningEligible"}}],"definitionCanonical":"http://cancerscreeningcds.github.io/bcsm-cds/ActivityDefinition/BreastCancerScreeningServiceRequest|1.0.0","dynamicValue":[{"path":"%action.code[0].coding[0]","expression":{"language":"text/cql-identifier","expression":"ACSMammoAfterBrcaCode"}},{"path":"%action.timingTiming","expression":{"language":"text/cql-identifier","expression":"ACSMammoAfterBrcaTiming"}},{"path":"%action.extension","expression":{"language":"text/cql-identifier","expression":"ACSMammoAfterBrcaFlag"}},{"path":"code.coding[0]","expression":{"language":"text/cql-identifier","expression":"ACSMammoAfterBrcaCode"}},{"path":"reasonCode[0].coding[0]","expression":{"language":"text/cql-identifier","expression":"ACSMammoAfterBrcaReason"}},{"path":"occurrenceDateTime","expression":{"language":"text/cql-identifier","expression":"ACSMammoAfterBrcaTimingEvent"}}]},{"id":"SpecialtyReferralBreastCaWithin5y","title":"Refer to Oncologic care plan","description":"Previous breast cancer within 5 years may require enhanced surveillance including diagnostic mammogram. \n\nRefer to patient's Oncologic treatment team or Survivorship Care Plan for patient specific guidance.","condition":[{"kind":"applicability","expression":{"language":"text/cql-identifier","expression":"ExistsSpecialtyReferralBreastCaWithin5y"}},{"kind":"applicability","expression":{"language":"text/cql-identifier","expression":"ExistsHighRiskExclusionsRecommendations"}},{"kind":"applicability","expression":{"language":"text/cql-identifier","expression":"CheckIsIncludedAndNotExcluded"}},{"kind":"applicability","expression":{"language":"text/cql-identifier","expression":"IsScreeningEligible"}}],"definitionCanonical":"http://cancerscreeningcds.github.io/bcsm-cds/ActivityDefinition/BreastCancerScreeningServiceRequest|1.0.0","dynamicValue":[{"path":"%action.code[0].coding[0]","expression":{"language":"text/cql-identifier","expression":"SpecialtyReferralBreastCaWithin5yCode"}},{"path":"code.coding[0]","expression":{"language":"text/cql-identifier","expression":"SpecialtyReferralBreastCaWithin5yCode"}},{"path":"reasonCode[0].coding[0]","expression":{"language":"text/cql-identifier","expression":"SpecialtyReferralBreastCaWithin5yReason"}}]},{"id":"ACSMammoAtypicalBiopsy","title":"Annual screening mammogram starting age 30","description":"An annual screening mammogram starting at age 30 is recommended.\n\nWomen who are at higher than average risk for breast cancer based on past atypical biopsy should get a mammogram every year, typically starting at age 30.\n","documentation":[{"type":"citation","label":"ACS","display":"American Cancer Society Recommendations for the Early Detection of Breast Cancer","url":"https://www.cancer.org/cancer/types/breast-cancer/screening-tests-and-early-detection/american-cancer-society-recommendations-for-the-early-detection-of-breast-cancer.html","document":{"url":"https://www.cancer.org/cancer/types/breast-cancer/screening-tests-and-early-detection/american-cancer-society-recommendations-for-the-early-detection-of-breast-cancer.html"}}],"condition":[{"kind":"applicability","expression":{"language":"text/cql-identifier","expression":"ExistsACSMammoAtypicalBiopsy"}},{"kind":"applicability","expression":{"language":"text/cql-identifier","expression":"ExistsHighRiskExclusionsRecommendations"}},{"kind":"applicability","expression":{"language":"text/cql-identifier","expression":"CheckIsIncludedAndNotExcluded"}},{"kind":"applicability","expression":{"language":"text/cql-identifier","expression":"IsScreeningEligible"}}],"definitionCanonical":"http://cancerscreeningcds.github.io/bcsm-cds/ActivityDefinition/BreastCancerScreeningServiceRequest|1.0.0","dynamicValue":[{"path":"%action.code[0].coding[0]","expression":{"language":"text/cql-identifier","expression":"ACSMammoAtypicalBiopsyCode"}},{"path":"%action.timingTiming","expression":{"language":"text/cql-identifier","expression":"ACSMammoAtypicalBiopsyTiming"}},{"path":"%action.extension","expression":{"language":"text/cql-identifier","expression":"ACSMammoAtypicalBiopsyFlag"}},{"path":"code.coding[0]","expression":{"language":"text/cql-identifier","expression":"ACSMammoAtypicalBiopsyCode"}},{"path":"reasonCode[0].coding[0]","expression":{"language":"text/cql-identifier","expression":"ACSMammoAtypicalBiopsyReason"}},{"path":"occurrenceDateTime","expression":{"language":"text/cql-identifier","expression":"ACSMammoAtypicalBiopsyTimingEvent"}}]},{"id":"ACSAtypicalBiopsy","title":"Perform lifetime risk assessment","description":"Consider performing assessment of lifetime risk. \n\nIf estimated lifetime risk is >20%, patient may be eligible for supplemental screening with annual screening MRI.","documentation":[{"type":"citation","label":"ACS","display":"American Cancer Society Guidelines for Breast Screening with MRI as an Adjunct to Mammography","citation":"Oeffinger KC, Fontham ETH, Etzioni R, et al. Breast Cancer Screening for Women at Average Risk: 2015 Guideline Update From the American Cancer Society. JAMA. 2015;314(15):1599–1614.","url":"https://acsjournals.onlinelibrary.wiley.com/doi/full/10.3322/canjclin.57.2.75","document":{"url":"https://acsjournals.onlinelibrary.wiley.com/doi/full/10.3322/canjclin.57.2.75"}}],"condition":[{"kind":"applicability","expression":{"language":"text/cql-identifier","expression":"ExistsACSAtypicalBiopsy"}},{"kind":"applicability","expression":{"language":"text/cql-identifier","expression":"ExistsHighRiskExclusionsRecommendations"}},{"kind":"applicability","expression":{"language":"text/cql-identifier","expression":"CheckIsIncludedAndNotExcluded"}},{"kind":"applicability","expression":{"language":"text/cql-identifier","expression":"IsScreeningEligible"}}],"definitionCanonical":"http://cancerscreeningcds.github.io/bcsm-cds/ActivityDefinition/BreastCancerScreeningServiceRequest|1.0.0","dynamicValue":[{"path":"%action.code[0].coding[0]","expression":{"language":"text/cql-identifier","expression":"ACSAtypicalBiopsyCode"}},{"path":"code.coding[0]","expression":{"language":"text/cql-identifier","expression":"ACSAtypicalBiopsyCode"}},{"path":"reasonCode[0].coding[0]","expression":{"language":"text/cql-identifier","expression":"ACSAtypicalBiopsyReason"}}]},{"id":"ACSMriAtypicalBiopsyHighRisk","title":"Annual screening MRI starting age 30","description":"An annual screening MRI starting at age 30 is recommended in patients with past atypical biopsy and lifetime risk > 20-25%.","documentation":[{"type":"citation","label":"ACS","display":"American Cancer Society Guidelines for Breast Screening with MRI as an Adjunct to Mammography","citation":"Oeffinger KC, Fontham ETH, Etzioni R, et al. Breast Cancer Screening for Women at Average Risk: 2015 Guideline Update From the American Cancer Society. JAMA. 2015;314(15):1599–1614.","url":"https://acsjournals.onlinelibrary.wiley.com/doi/full/10.3322/canjclin.57.2.75","document":{"url":"https://acsjournals.onlinelibrary.wiley.com/doi/full/10.3322/canjclin.57.2.75"}}],"condition":[{"kind":"applicability","expression":{"language":"text/cql-identifier","expression":"ExistsACSMriAtypicalBiopsyHighRisk"}},{"kind":"applicability","expression":{"language":"text/cql-identifier","expression":"ExistsHighRiskExclusionsRecommendations"}},{"kind":"applicability","expression":{"language":"text/cql-identifier","expression":"CheckIsIncludedAndNotExcluded"}},{"kind":"applicability","expression":{"language":"text/cql-identifier","expression":"IsScreeningEligible"}}],"definitionCanonical":"http://cancerscreeningcds.github.io/bcsm-cds/ActivityDefinition/BreastCancerScreeningServiceRequest|1.0.0","dynamicValue":[{"path":"%action.code[0].coding[0]","expression":{"language":"text/cql-identifier","expression":"ACSMriAtypicalBiopsyHighRiskCode"}},{"path":"%action.timingTiming","expression":{"language":"text/cql-identifier","expression":"ACSMriAtypicalBiopsyHighRiskTiming"}},{"path":"%action.extension","expression":{"language":"text/cql-identifier","expression":"ACSMriAtypicalBiopsyHighRiskFlag"}},{"path":"code.coding[0]","expression":{"language":"text/cql-identifier","expression":"ACSMriAtypicalBiopsyHighRiskCode"}},{"path":"reasonCode[0].coding[0]","expression":{"language":"text/cql-identifier","expression":"ACSMriAtypicalBiopsyHighRiskReason"}},{"path":"occurrenceDateTime","expression":{"language":"text/cql-identifier","expression":"ACSMriAtypicalBiopsyHighRiskTimingEvent"}}]},{"id":"ACSMammoHighRisk","title":"Annual screening mammogram starting age 30","description":"An annual screening mammogram starting at age 30 is recommended.\n\nWomen who are at higher than average risk for breast cancer based on certain risk factors should get a mammogram every year, typically starting at age 30.","documentation":[{"type":"citation","label":"ACS","display":"American Cancer Society Recommendations for the Early Detection of Breast Cancer","url":"https://www.cancer.org/cancer/types/breast-cancer/screening-tests-and-early-detection/american-cancer-society-recommendations-for-the-early-detection-of-breast-cancer.html","document":{"url":"https://www.cancer.org/cancer/types/breast-cancer/screening-tests-and-early-detection/american-cancer-society-recommendations-for-the-early-detection-of-breast-cancer.html"}}],"condition":[{"kind":"applicability","expression":{"language":"text/cql-identifier","expression":"ExistsACSMammoHighRisk"}},{"kind":"applicability","expression":{"language":"text/cql-identifier","expression":"ExistsSpecialPopulationsRecommendations"}},{"kind":"applicability","expression":{"language":"text/cql-identifier","expression":"CheckIsIncludedAndNotExcluded"}},{"kind":"applicability","expression":{"language":"text/cql-identifier","expression":"IsScreeningEligible"}}],"definitionCanonical":"http://cancerscreeningcds.github.io/bcsm-cds/ActivityDefinition/BreastCancerScreeningServiceRequest|1.0.0","dynamicValue":[{"path":"%action.code[0].coding[0]","expression":{"language":"text/cql-identifier","expression":"ACSMammoHighRiskCode"}},{"path":"%action.timingTiming","expression":{"language":"text/cql-identifier","expression":"ACSMammoHighRiskTiming"}},{"path":"%action.extension","expression":{"language":"text/cql-identifier","expression":"ACSMammoHighRiskFlag"}},{"path":"code.coding[0]","expression":{"language":"text/cql-identifier","expression":"ACSMammoHighRiskCode"}},{"path":"reasonCode[0].coding[0]","expression":{"language":"text/cql-identifier","expression":"ACSMammoHighRiskReason"}},{"path":"occurrenceDateTime","expression":{"language":"text/cql-identifier","expression":"ACSMammoHighRiskTimingEvent"}}]},{"id":"ACSMriHighRisk","title":"Annual screening MRI starting age 30","description":"An annual screening MRI starting at age 30 is recommended.\n\nWomen who are at higher than average risk for breast cancer based on certain risk factors should get a breast MRI every year, typically starting at age 30.","documentation":[{"type":"citation","label":"ACS","display":"American Cancer Society Guidelines for Breast Screening with MRI as an Adjunct to Mammography","citation":"Oeffinger KC, Fontham ETH, Etzioni R, et al. Breast Cancer Screening for Women at Average Risk: 2015 Guideline Update From the American Cancer Society. JAMA. 2015;314(15):1599–1614.","url":"https://acsjournals.onlinelibrary.wiley.com/doi/full/10.3322/canjclin.57.2.75","document":{"url":"https://acsjournals.onlinelibrary.wiley.com/doi/full/10.3322/canjclin.57.2.75"}}],"condition":[{"kind":"applicability","expression":{"language":"text/cql-identifier","expression":"ExistsACSMriHighRisk"}},{"kind":"applicability","expression":{"language":"text/cql-identifier","expression":"ExistsSpecialPopulationsRecommendations"}},{"kind":"applicability","expression":{"language":"text/cql-identifier","expression":"CheckIsIncludedAndNotExcluded"}},{"kind":"applicability","expression":{"language":"text/cql-identifier","expression":"IsScreeningEligible"}}],"definitionCanonical":"http://cancerscreeningcds.github.io/bcsm-cds/ActivityDefinition/BreastCancerScreeningServiceRequest|1.0.0","dynamicValue":[{"path":"%action.code[0].coding[0]","expression":{"language":"text/cql-identifier","expression":"ACSMriHighRiskCode"}},{"path":"%action.timingTiming","expression":{"language":"text/cql-identifier","expression":"ACSMriHighRiskTiming"}},{"path":"%action.extension","expression":{"language":"text/cql-identifier","expression":"ACSMriHighRiskFlag"}},{"path":"code.coding[0]","expression":{"language":"text/cql-identifier","expression":"ACSMriHighRiskCode"}},{"path":"reasonCode[0].coding[0]","expression":{"language":"text/cql-identifier","expression":"ACSMriHighRiskReason"}},{"path":"occurrenceDateTime","expression":{"language":"text/cql-identifier","expression":"ACSMriHighRiskTimingEvent"}}]},{"id":"ACSFirstDegGeneticMammo","title":"Annual screening mammo starting age 30","description":"An annual screening mammogram starting at age 30 is recommended.\n\nWomen who are at higher than average risk for breast cancer based on certain risk factors should get a mammogram every year, typically starting at age 30.","documentation":[{"type":"citation","label":"ACS","display":"American Cancer Society Recommendations for the Early Detection of Breast Cancer","url":"https://www.cancer.org/cancer/types/breast-cancer/screening-tests-and-early-detection/american-cancer-society-recommendations-for-the-early-detection-of-breast-cancer.html","document":{"url":"https://www.cancer.org/cancer/types/breast-cancer/screening-tests-and-early-detection/american-cancer-society-recommendations-for-the-early-detection-of-breast-cancer.html"}}],"condition":[{"kind":"applicability","expression":{"language":"text/cql-identifier","expression":"ExistsACSFirstDegGeneticMammo"}},{"kind":"applicability","expression":{"language":"text/cql-identifier","expression":"ExistsSpecialPopulationsRecommendations"}},{"kind":"applicability","expression":{"language":"text/cql-identifier","expression":"CheckIsIncludedAndNotExcluded"}},{"kind":"applicability","expression":{"language":"text/cql-identifier","expression":"IsScreeningEligible"}}],"definitionCanonical":"http://cancerscreeningcds.github.io/bcsm-cds/ActivityDefinition/BreastCancerScreeningServiceRequest|1.0.0","dynamicValue":[{"path":"%action.code[0].coding[0]","expression":{"language":"text/cql-identifier","expression":"ACSFirstDegGeneticMammoCode"}},{"path":"%action.timingTiming","expression":{"language":"text/cql-identifier","expression":"ACSFirstDegGeneticMammoTiming"}},{"path":"%action.extension","expression":{"language":"text/cql-identifier","expression":"ACSFirstDegGeneticMammoFlag"}},{"path":"code.coding[0]","expression":{"language":"text/cql-identifier","expression":"ACSFirstDegGeneticMammoCode"}},{"path":"reasonCode[0].coding[0]","expression":{"language":"text/cql-identifier","expression":"ACSFirstDegGeneticMammoReason"}},{"path":"occurrenceDateTime","expression":{"language":"text/cql-identifier","expression":"ACSFirstDegGeneticMammoTimingEvent"}}]},{"id":"ACSFirstDegGeneticMri","title":"Annual screening MRI starting age 30","description":"An annual screening MRI starting at age 30 is recommended.\n\nWomen who are at higher than average risk for breast cancer based on certain risk factors should get a breast MRI every year, typically starting at age 30.","documentation":[{"type":"citation","label":"ACS","display":"American Cancer Society Guidelines for Breast Screening with MRI as an Adjunct to Mammography","citation":"Oeffinger KC, Fontham ETH, Etzioni R, et al. Breast Cancer Screening for Women at Average Risk: 2015 Guideline Update From the American Cancer Society. JAMA. 2015;314(15):1599–1614.","url":"https://acsjournals.onlinelibrary.wiley.com/doi/full/10.3322/canjclin.57.2.75","document":{"url":"https://acsjournals.onlinelibrary.wiley.com/doi/full/10.3322/canjclin.57.2.75"}}],"condition":[{"kind":"applicability","expression":{"language":"text/cql-identifier","expression":"ExistsACSFirstDegGeneticMri"}},{"kind":"applicability","expression":{"language":"text/cql-identifier","expression":"ExistsSpecialPopulationsRecommendations"}},{"kind":"applicability","expression":{"language":"text/cql-identifier","expression":"CheckIsIncludedAndNotExcluded"}},{"kind":"applicability","expression":{"language":"text/cql-identifier","expression":"IsScreeningEligible"}}],"definitionCanonical":"http://cancerscreeningcds.github.io/bcsm-cds/ActivityDefinition/BreastCancerScreeningServiceRequest|1.0.0","dynamicValue":[{"path":"%action.code[0].coding[0]","expression":{"language":"text/cql-identifier","expression":"ACSFirstDegGeneticMriCode"}},{"path":"%action.timingTiming","expression":{"language":"text/cql-identifier","expression":"ACSFirstDegGeneticMriTiming"}},{"path":"%action.extension","expression":{"language":"text/cql-identifier","expression":"ACSFirstDegGeneticMriFlag"}},{"path":"code.coding[0]","expression":{"language":"text/cql-identifier","expression":"ACSFirstDegGeneticMriCode"}},{"path":"reasonCode[0].coding[0]","expression":{"language":"text/cql-identifier","expression":"ACSFirstDegGeneticMriReason"}},{"path":"occurrenceDateTime","expression":{"language":"text/cql-identifier","expression":"ACSFirstDegGeneticMriTimingEvent"}}]},{"id":"BreastImagingHeterogenouslyOrExtremelyDense","title":"Perform lifetime risk assessment","description":"Consider performing assessment of lifetime risk, as defined by models largely dependent on family history.\n\nIf estimated lifetime risk is >20%, based on informal assessment or assessment using validated risk model, then patient is eligible for annual screening mammogram starting at age 30 and supplemental screening with annual screening MRI. Otherwise, patient can be offered annual screening mammogram starting at age 40.\n\nValidated tools include BRCAPRO, Claus, BOADICEA [Breast and Ovarian Analysis of Disease Incidence and Carrier Estimation Algorithm], and Tyrer-Cuzick.","documentation":[{"type":"citation","label":"ACS","display":"American Cancer Society Recommendations for the Early Detection of Breast Cancer","url":"https://www.cancer.org/cancer/types/breast-cancer/screening-tests-and-early-detection/american-cancer-society-recommendations-for-the-early-detection-of-breast-cancer.html","document":{"url":"https://www.cancer.org/cancer/types/breast-cancer/screening-tests-and-early-detection/american-cancer-society-recommendations-for-the-early-detection-of-breast-cancer.html"}}],"condition":[{"kind":"applicability","expression":{"language":"text/cql-identifier","expression":"ExistsBreastImagingHeterogenouslyOrExtremelyDense"}},{"kind":"applicability","expression":{"language":"text/cql-identifier","expression":"ExistsSpecialPopulationsRecommendations"}},{"kind":"applicability","expression":{"language":"text/cql-identifier","expression":"CheckIsIncludedAndNotExcluded"}},{"kind":"applicability","expression":{"language":"text/cql-identifier","expression":"IsScreeningEligible"}}],"definitionCanonical":"http://cancerscreeningcds.github.io/bcsm-cds/ActivityDefinition/BreastCancerScreeningServiceRequest|1.0.0","dynamicValue":[{"path":"reasonCode[0].coding[0]","expression":{"language":"text/cql-identifier","expression":"BreastImagingHeterogenouslyOrExtremelyDenseReason"}}]},{"id":"CompellingFamilyHistory","title":"Perform lifetime risk assessment","description":"Consider performing assessment of lifetime risk, as defined by models largely dependent on family history.\n\nIf estimated lifetime risk is >20%, based on informal assessment or assessment using validated risk model, then patient is eligible for annual screening mammogram starting at age 30 and supplemental screening with annual screening MRI. Otherwise, patient can be offered annual screening mammogram starting at age 40.\n\nValidated tools include BRCAPRO, Claus, BOADICEA [Breast and Ovarian Analysis of Disease Incidence and Carrier Estimation Algorithm], and Tyrer-Cuzick.","documentation":[{"type":"citation","label":"ACS","display":"American Cancer Society Recommendations for the Early Detection of Breast Cancer","url":"https://www.cancer.org/cancer/types/breast-cancer/screening-tests-and-early-detection/american-cancer-society-recommendations-for-the-early-detection-of-breast-cancer.html","document":{"url":"https://www.cancer.org/cancer/types/breast-cancer/screening-tests-and-early-detection/american-cancer-society-recommendations-for-the-early-detection-of-breast-cancer.html"}}],"condition":[{"kind":"applicability","expression":{"language":"text/cql-identifier","expression":"ExistsCompellingFamilyHistory"}},{"kind":"applicability","expression":{"language":"text/cql-identifier","expression":"ExistsSpecialPopulationsRecommendations"}},{"kind":"applicability","expression":{"language":"text/cql-identifier","expression":"CheckIsIncludedAndNotExcluded"}},{"kind":"applicability","expression":{"language":"text/cql-identifier","expression":"IsScreeningEligible"}}],"definitionCanonical":"http://cancerscreeningcds.github.io/bcsm-cds/ActivityDefinition/BreastCancerScreeningServiceRequest|1.0.0","dynamicValue":[{"path":"%action.code[0].coding[0]","expression":{"language":"text/cql-identifier","expression":"CompellingFamilyHistoryCode"}},{"path":"code.coding[0]","expression":{"language":"text/cql-identifier","expression":"CompellingFamilyHistoryCode"}},{"path":"reasonCode[0].coding[0]","expression":{"language":"text/cql-identifier","expression":"CompellingFamilyHistoryReason"}}]},{"id":"USPSTFRecommendation","title":"Biennial screening mammo starting age 40","description":"Biennial screening mammogram starting at age 40","documentation":[{"type":"citation","label":"USPSTF","display":"Screening for Breast Cancer: US Preventive Services Task Force Recommendation Statement","citation":"US Preventive Services Task Force. Screening for Breast Cancer: US Preventive Services Task Force Recommendation Statement. JAMA. Published online April 30, 2024.","url":"https://www.uspreventiveservicestaskforce.org/uspstf/recommendation/breast-cancer-screening","document":{"url":"https://www.uspreventiveservicestaskforce.org/uspstf/recommendation/breast-cancer-screening"}}],"condition":[{"kind":"applicability","expression":{"language":"text/cql-identifier","expression":"ExistsUSPSTFRecommendation"}},{"kind":"applicability","expression":{"language":"text/cql-identifier","expression":"ExistsSpecialPopulationsRecommendations"}},{"kind":"applicability","expression":{"language":"text/cql-identifier","expression":"CheckIsIncludedAndNotExcluded"}},{"kind":"applicability","expression":{"language":"text/cql-identifier","expression":"IsScreeningEligible"}}],"definitionCanonical":"http://cancerscreeningcds.github.io/bcsm-cds/ActivityDefinition/BreastCancerScreeningServiceRequest|1.0.0","dynamicValue":[{"path":"%action.code[0].coding[0]","expression":{"language":"text/cql-identifier","expression":"USPSTFRecommendationCode"}},{"path":"%action.timingTiming","expression":{"language":"text/cql-identifier","expression":"USPSTFRecommendationTiming"}},{"path":"%action.extension","expression":{"language":"text/cql-identifier","expression":"USPSTFRecommendationFlag"}},{"path":"code.coding[0]","expression":{"language":"text/cql-identifier","expression":"USPSTFRecommendationCode"}},{"path":"reasonCode[0].coding[0]","expression":{"language":"text/cql-identifier","expression":"USPSTFRecommendationReason"}},{"path":"occurrenceDateTime","expression":{"language":"text/cql-identifier","expression":"USPSTFRecommendationTimingEvent"}}]},{"id":"ACSMammoAvgRiskAgeUnder45","title":"Annual screening mammogram starting age 40","description":"Women between 40 and 44 have the option to start screening with a mammogram every year.","documentation":[{"type":"citation","label":"ACS","display":"Breast Cancer Screening for Women at Average Risk: 2015 Guideline Update From the American Cancer Society","citation":"Saslow D, Boetes C, Burke W, Harms S, Leach MO, Lehman CD, Morris E, Pisano E, Schnall M, Sener S, Smith RA, Warner E, Yaffe M, Andrews KS, Russell CA; American Cancer Society Breast Cancer Advisory Group. American Cancer Society guidelines for breast screening with MRI as an adjunct to mammography. CA Cancer J Clin. 2007 Mar-Apr;57(2):75-89.","url":"https://jamanetwork.com/journals/jama/fullarticle/2463262","document":{"url":"https://jamanetwork.com/journals/jama/fullarticle/2463262"}}],"condition":[{"kind":"applicability","expression":{"language":"text/cql-identifier","expression":"ExistsACSMammoAvgRiskAgeUnder45"}},{"kind":"applicability","expression":{"language":"text/cql-identifier","expression":"ExistsAverageRiskRecommendations"}},{"kind":"applicability","expression":{"language":"text/cql-identifier","expression":"CheckIsIncludedAndNotExcluded"}},{"kind":"applicability","expression":{"language":"text/cql-identifier","expression":"IsScreeningEligible"}}],"definitionCanonical":"http://cancerscreeningcds.github.io/bcsm-cds/ActivityDefinition/BreastCancerScreeningServiceRequest|1.0.0","dynamicValue":[{"path":"%action.code[0].coding[0]","expression":{"language":"text/cql-identifier","expression":"ACSMammoAvgRiskAgeUnder45Code"}},{"path":"%action.timingTiming","expression":{"language":"text/cql-identifier","expression":"ACSMammoAvgRiskAgeUnder45Timing"}},{"path":"%action.extension","expression":{"language":"text/cql-identifier","expression":"ACSMammoAvgRiskAgeUnder45Flag"}},{"path":"code.coding[0]","expression":{"language":"text/cql-identifier","expression":"ACSMammoAvgRiskAgeUnder45Code"}},{"path":"reasonCode[0].coding[0]","expression":{"language":"text/cql-identifier","expression":"ACSMammoAvgRiskAgeUnder45Reason"}},{"path":"occurrenceDateTime","expression":{"language":"text/cql-identifier","expression":"ACSMammoAvgRiskAgeUnder45TimingEvent"}}]},{"id":"ACSMammoAvgRiskAge45to54","title":"Annual screening mammogram starting age 40","description":"Annual screening mammogram is recommended for women 45 to 54.","documentation":[{"type":"citation","label":"ACS","display":"Breast Cancer Screening for Women at Average Risk: 2015 Guideline Update From the American Cancer Society","citation":"Saslow D, Boetes C, Burke W, Harms S, Leach MO, Lehman CD, Morris E, Pisano E, Schnall M, Sener S, Smith RA, Warner E, Yaffe M, Andrews KS, Russell CA; American Cancer Society Breast Cancer Advisory Group. American Cancer Society guidelines for breast screening with MRI as an adjunct to mammography. CA Cancer J Clin. 2007 Mar-Apr;57(2):75-89.","url":"https://jamanetwork.com/journals/jama/fullarticle/2463262","document":{"url":"https://jamanetwork.com/journals/jama/fullarticle/2463262"}}],"condition":[{"kind":"applicability","expression":{"language":"text/cql-identifier","expression":"ExistsACSMammoAvgRiskAge45to54"}},{"kind":"applicability","expression":{"language":"text/cql-identifier","expression":"ExistsAverageRiskRecommendations"}},{"kind":"applicability","expression":{"language":"text/cql-identifier","expression":"CheckIsIncludedAndNotExcluded"}},{"kind":"applicability","expression":{"language":"text/cql-identifier","expression":"IsScreeningEligible"}}],"definitionCanonical":"http://cancerscreeningcds.github.io/bcsm-cds/ActivityDefinition/BreastCancerScreeningServiceRequest|1.0.0","dynamicValue":[{"path":"%action.code[0].coding[0]","expression":{"language":"text/cql-identifier","expression":"ACSMammoAvgRiskAge45to54Code"}},{"path":"%action.timingTiming","expression":{"language":"text/cql-identifier","expression":"ACSMammoAvgRiskAge45to54Timing"}},{"path":"%action.extension","expression":{"language":"text/cql-identifier","expression":"ACSMammoAvgRiskAge45to54Flag"}},{"path":"code.coding[0]","expression":{"language":"text/cql-identifier","expression":"ACSMammoAvgRiskAge45to54Code"}},{"path":"reasonCode[0].coding[0]","expression":{"language":"text/cql-identifier","expression":"ACSMammoAvgRiskAge45to54Reason"}},{"path":"occurrenceDateTime","expression":{"language":"text/cql-identifier","expression":"ACSMammoAvgRiskAge45to54TimingEvent"}}]},{"id":"ACSMammoAvgRiskAgeOver54","title":"Biennial screening mammogram after age 54","description":"Biennial screening mammogram is recommended after age 54.\n\nWomen 55 and older can switch to a mammogram every other year, or they can choose to continue yearly mammograms. Screening should continue as long as a woman is in good health and is expected to live at least 10 more years.","documentation":[{"type":"citation","label":"ACS","display":"Breast Cancer Screening for Women at Average Risk: 2015 Guideline Update From the American Cancer Society","citation":"Saslow D, Boetes C, Burke W, Harms S, Leach MO, Lehman CD, Morris E, Pisano E, Schnall M, Sener S, Smith RA, Warner E, Yaffe M, Andrews KS, Russell CA; American Cancer Society Breast Cancer Advisory Group. American Cancer Society guidelines for breast screening with MRI as an adjunct to mammography. CA Cancer J Clin. 2007 Mar-Apr;57(2):75-89.","url":"https://jamanetwork.com/journals/jama/fullarticle/2463262","document":{"url":"https://jamanetwork.com/journals/jama/fullarticle/2463262"}}],"condition":[{"kind":"applicability","expression":{"language":"text/cql-identifier","expression":"ExistsACSMammoAvgRiskAgeOver54"}},{"kind":"applicability","expression":{"language":"text/cql-identifier","expression":"ExistsAverageRiskRecommendations"}},{"kind":"applicability","expression":{"language":"text/cql-identifier","expression":"CheckIsIncludedAndNotExcluded"}},{"kind":"applicability","expression":{"language":"text/cql-identifier","expression":"IsScreeningEligible"}}],"definitionCanonical":"http://cancerscreeningcds.github.io/bcsm-cds/ActivityDefinition/BreastCancerScreeningServiceRequest|1.0.0","dynamicValue":[{"path":"%action.code[0].coding[0]","expression":{"language":"text/cql-identifier","expression":"ACSMammoAvgRiskAgeOver54Code"}},{"path":"%action.timingTiming","expression":{"language":"text/cql-identifier","expression":"ACSMammoAvgRiskAgeOver54Timing"}},{"path":"%action.extension","expression":{"language":"text/cql-identifier","expression":"ACSMammoAvgRiskAgeOver54Flag"}},{"path":"code.coding[0]","expression":{"language":"text/cql-identifier","expression":"ACSMammoAvgRiskAgeOver54Code"}},{"path":"reasonCode[0].coding[0]","expression":{"language":"text/cql-identifier","expression":"ACSMammoAvgRiskAgeOver54Reason"}},{"path":"occurrenceDateTime","expression":{"language":"text/cql-identifier","expression":"ACSMammoAvgRiskAgeOver54TimingEvent"}}]},{"id":"USPSTFAvgRisk","title":"Biennial screening mammogram starting age 40","description":"Biennial screening mammogram starting at age 40","documentation":[{"type":"citation","label":"USPSTF","display":"Screening for Breast Cancer: US Preventive Services Task Force Recommendation Statement","citation":"US Preventive Services Task Force. Screening for Breast Cancer: US Preventive Services Task Force Recommendation Statement. JAMA. Published online April 30, 2024.","url":"https://www.uspreventiveservicestaskforce.org/uspstf/recommendation/breast-cancer-screening","document":{"url":"https://www.uspreventiveservicestaskforce.org/uspstf/recommendation/breast-cancer-screening"}}],"condition":[{"kind":"applicability","expression":{"language":"text/cql-identifier","expression":"ExistsUSPSTFAvgRisk"}},{"kind":"applicability","expression":{"language":"text/cql-identifier","expression":"ExistsAverageRiskRecommendations"}},{"kind":"applicability","expression":{"language":"text/cql-identifier","expression":"CheckIsIncludedAndNotExcluded"}},{"kind":"applicability","expression":{"language":"text/cql-identifier","expression":"IsScreeningEligible"}}],"definitionCanonical":"http://cancerscreeningcds.github.io/bcsm-cds/ActivityDefinition/BreastCancerScreeningServiceRequest|1.0.0","dynamicValue":[{"path":"%action.code[0].coding[0]","expression":{"language":"text/cql-identifier","expression":"USPSTFAvgRiskCode"}},{"path":"%action.timingTiming","expression":{"language":"text/cql-identifier","expression":"USPSTFAvgRiskTiming"}},{"path":"%action.extension","expression":{"language":"text/cql-identifier","expression":"USPSTFAvgRiskFlag"}},{"path":"code.coding[0]","expression":{"language":"text/cql-identifier","expression":"USPSTFAvgRiskCode"}},{"path":"reasonCode[0].coding[0]","expression":{"language":"text/cql-identifier","expression":"USPSTFAvgRiskReason"}},{"path":"occurrenceDateTime","expression":{"language":"text/cql-identifier","expression":"USPSTFAvgRiskTimingEvent"}}]}]}