{
  "resourceType" : "Bundle",
  "id" : "eve-pendingbiopsy_act-testpending",
  "type" : "collection",
  "entry" : [{
    "resource" : {
      "resourceType" : "Patient",
      "id" : "defaultPatient",
      "text" : {
        "status" : "generated",
        "div" : "<div xmlns=\"http://www.w3.org/1999/xhtml\"><a name=\"Patient_defaultPatient\"> </a><p class=\"res-header-id\"><b>Generated Narrative: Patient defaultPatient</b></p><a name=\"defaultPatient\"> </a><a name=\"hcdefaultPatient\"> </a><a name=\"defaultPatient-en-US\"> </a><p style=\"border: 1px #661aff solid; background-color: #e6e6ff; padding: 10px;\">Jane Doe  Female, DoB: 1981-01-01</p><hr/></div>"
      },
      "name" : [{
        "family" : "Doe",
        "given" : ["Jane"]
      }],
      "gender" : "female",
      "birthDate" : "1981-01-01"
    }
  },
  {
    "resource" : {
      "resourceType" : "DiagnosticReport",
      "id" : "984d71b8-c78f-4657-8d9f-6e3ab7c3fefc",
      "text" : {
        "status" : "generated",
        "div" : "<div xmlns=\"http://www.w3.org/1999/xhtml\"><a name=\"DiagnosticReport_984d71b8-c78f-4657-8d9f-6e3ab7c3fefc\"> </a><p class=\"res-header-id\"><b>Generated Narrative: DiagnosticReport 984d71b8-c78f-4657-8d9f-6e3ab7c3fefc</b></p><a name=\"984d71b8-c78f-4657-8d9f-6e3ab7c3fefc\"> </a><a name=\"hc984d71b8-c78f-4657-8d9f-6e3ab7c3fefc\"> </a><a name=\"984d71b8-c78f-4657-8d9f-6e3ab7c3fefc-en-US\"> </a><h2><span title=\"Codes:{http://loinc.org 66110-8}\">Biopsy Report</span> </h2><table class=\"grid\"><tr><td>Subject</td><td>Not done yet</td></tr></table><p><b>Report Details</b></p><p><b>Coded Conclusions:</b></p><ul><li><span title=\"Codes:{http://snomed.info/sct 427785007}\">Atypical hyperplasia of lactiferous duct (disorder)</span></li></ul></div>"
      },
      "status" : "registered",
      "code" : {
        "coding" : [{
          "system" : "http://loinc.org",
          "code" : "66110-8",
          "display" : "Biopsy Report"
        }]
      },
      "subject" : {
        "reference" : "Patient/defaultPatient"
      },
      "conclusionCode" : [{
        "coding" : [{
          "system" : "http://snomed.info/sct",
          "code" : "427785007",
          "display" : "Atypical hyperplasia of lactiferous duct (disorder)"
        }]
      }]
    }
  }]
}