{
  "resourceType" : "Bundle",
  "id" : "NadiaWills_palpable_breast_mass",
  "type" : "collection",
  "entry" : [{
    "resource" : {
      "resourceType" : "Patient",
      "id" : "NadiaWills",
      "text" : {
        "status" : "generated",
        "div" : "<div xmlns=\"http://www.w3.org/1999/xhtml\"><a name=\"Patient_NadiaWills\"> </a><p class=\"res-header-id\"><b>Generated Narrative: Patient NadiaWills</b></p><a name=\"NadiaWills\"> </a><a name=\"hcNadiaWills\"> </a><a name=\"NadiaWills-en-US\"> </a><p style=\"border: 1px #661aff solid; background-color: #e6e6ff; padding: 10px;\">Nadia93 Wills47  Female, DoB: 1969-03-09 ( Medical Record Number: 123-345-567)</p><hr/><table class=\"grid\"><tr><td style=\"background-color: #f3f5da\" title=\"Concepts classifying the person into a named category of humans sharing common history, traits, geographical origin or nationality.  The ethnicity codes used to represent these concepts are based upon the [CDC ethnicity and Ethnicity Code Set Version 1.0](http://www.cdc.gov/phin/resources/vocabulary/index.html) which includes over 900 concepts for representing race and ethnicity of which 43 reference ethnicity.  The ethnicity concepts are grouped by and pre-mapped to the 2 OMB ethnicity categories: - Hispanic or Latino - Not Hispanic or Latino.\">US Core Ethnicity Extension:</td><td colspan=\"3\"><ul><li>text: Not Hispanic or Latino</li></ul></td></tr><tr><td style=\"background-color: #f3f5da\" title=\"Concepts classifying the person into a named category of humans sharing common history, traits, geographical origin or nationality.  The race codes used to represent these concepts are based upon the [CDC Race and Ethnicity Code Set Version 1.0](http://www.cdc.gov/phin/resources/vocabulary/index.html) which includes over 900 concepts for representing race and ethnicity of which 921 reference race.  The race concepts are grouped by and pre-mapped to the 5 OMB race categories:\n\n - American Indian or Alaska Native\n - Asian\n - Black or African American\n - Native Hawaiian or Other Pacific Islander\n - White.\">US Core Race Extension:</td><td colspan=\"3\"><ul><li>text: White</li></ul></td></tr></table></div>"
      },
      "extension" : [{
        "extension" : [{
          "url" : "text",
          "valueString" : "White"
        }],
        "url" : "http://hl7.org/fhir/us/core/StructureDefinition/us-core-race"
      },
      {
        "extension" : [{
          "url" : "text",
          "valueString" : "Not Hispanic or Latino"
        }],
        "url" : "http://hl7.org/fhir/us/core/StructureDefinition/us-core-ethnicity"
      }],
      "identifier" : [{
        "type" : {
          "coding" : [{
            "code" : "MR",
            "display" : "Medical Record Number"
          }]
        },
        "value" : "123-345-567"
      }],
      "name" : [{
        "family" : "Wills47",
        "given" : ["Nadia93"]
      }],
      "gender" : "female",
      "birthDate" : "1969-03-09"
    }
  },
  {
    "resource" : {
      "resourceType" : "Condition",
      "id" : "71c72ba8-9717-4d0e-b847-b208d9e57bff",
      "text" : {
        "status" : "generated",
        "div" : "<div xmlns=\"http://www.w3.org/1999/xhtml\"><a name=\"Condition_71c72ba8-9717-4d0e-b847-b208d9e57bff\"> </a><p class=\"res-header-id\"><b>Generated Narrative: Condition 71c72ba8-9717-4d0e-b847-b208d9e57bff</b></p><a name=\"71c72ba8-9717-4d0e-b847-b208d9e57bff\"> </a><a name=\"hc71c72ba8-9717-4d0e-b847-b208d9e57bff\"> </a><a name=\"71c72ba8-9717-4d0e-b847-b208d9e57bff-en-US\"> </a><p><b>clinicalStatus</b>: <span title=\"Codes:{http://terminology.hl7.org/CodeSystem/condition-clinical active}\">Active</span></p><p><b>verificationStatus</b>: <span title=\"Codes:{http://terminology.hl7.org/CodeSystem/condition-ver-status confirmed}\">Confirmed</span></p><p><b>code</b>: <span title=\"Codes:{http://snomed.info/sct 89164003}\">breast lump</span></p><p><b>subject</b>: <a href=\"Bundle-NadiaWills_palpable_breast_mass.html#Patient_NadiaWills\">Bundle: type = collection</a></p><p><b>encounter</b>: <a href=\"Encounter/1\">Encounter/1</a></p><p><b>recordedDate</b>: 2023-12-02</p></div>"
      },
      "clinicalStatus" : {
        "coding" : [{
          "system" : "http://terminology.hl7.org/CodeSystem/condition-clinical",
          "code" : "active",
          "display" : "Active"
        }]
      },
      "verificationStatus" : {
        "coding" : [{
          "system" : "http://terminology.hl7.org/CodeSystem/condition-ver-status",
          "code" : "confirmed",
          "display" : "Confirmed"
        }]
      },
      "code" : {
        "coding" : [{
          "system" : "http://snomed.info/sct",
          "code" : "89164003",
          "display" : "Breast lump (finding)"
        }],
        "text" : "breast lump"
      },
      "subject" : {
        "reference" : "Patient/NadiaWills"
      },
      "encounter" : {
        "reference" : "Encounter/1"
      },
      "recordedDate" : "2023-12-02"
    }
  },
  {
    "resource" : {
      "resourceType" : "DiagnosticReport",
      "id" : "mammogram-2023-birads-1",
      "text" : {
        "status" : "generated",
        "div" : "<div xmlns=\"http://www.w3.org/1999/xhtml\"><a name=\"DiagnosticReport_mammogram-2023-birads-1\"> </a><p class=\"res-header-id\"><b>Generated Narrative: DiagnosticReport mammogram-2023-birads-1</b></p><a name=\"mammogram-2023-birads-1\"> </a><a name=\"hcmammogram-2023-birads-1\"> </a><a name=\"mammogram-2023-birads-1-en-US\"> </a><h2><span title=\"Codes:{http://loinc.org 24606-6}\">Screening mammogram</span> </h2><table class=\"grid\"><tr><td>Subject</td><td>Not done yet</td></tr><tr><td>When For</td><td>2022-12-02 10:00:00+0000</td></tr></table><p><b>Report Details</b></p><p><b>Coded Conclusions:</b></p><ul><li><span title=\"Codes:{http://snomed.info/sct 397140005}\">Mammography assessment (Category 1) - Negative (finding)</span></li></ul></div>"
      },
      "status" : "final",
      "code" : {
        "coding" : [{
          "system" : "http://loinc.org",
          "code" : "24606-6",
          "display" : "Screening mammogram"
        }]
      },
      "subject" : {
        "reference" : "Patient/NadiaWills"
      },
      "effectiveDateTime" : "2022-12-02T10:00:00.000Z",
      "conclusionCode" : [{
        "coding" : [{
          "system" : "http://snomed.info/sct",
          "code" : "397140005",
          "display" : "Mammography assessment (Category 1) - Negative (finding)"
        }]
      }]
    }
  }]
}