{
  "resourceType" : "Bundle",
  "id" : "GeneticRiskReferral_eve-fhxgeneinherited_no_eve-brcageneancestry_no_eve-fhxbrcaovcatubalperit_yes_act-fhxrisktool__eve-fhxriskresult_positive_act-geneticreferral",
  "type" : "collection",
  "entry" : [{
    "fullUrl" : "http://cancerscreeningcds.github.io/bcsm-cds/CarePlan/392",
    "resource" : {
      "resourceType" : "CarePlan",
      "id" : "392",
      "text" : {
        "status" : "generated",
        "div" : "<div xmlns=\"http://www.w3.org/1999/xhtml\"><a name=\"CarePlan_392\"> </a><p class=\"res-header-id\"><b>Generated Narrative: CarePlan 392</b></p><a name=\"392\"> </a><a name=\"hc392\"> </a><a name=\"392-en-US\"> </a><p><b>instantiatesCanonical</b>: <a href=\"PlanDefinition-flow-GeneticRiskReferral.html\">Genetic Risk Referral</a></p><p><b>status</b>: Draft</p><p><b>intent</b>: Proposal</p><p><b>subject</b>: <a href=\"Bundle-eve-Age45to54_act-acsavgrecs45_act-uspstfavgrecs.html#Patient_defaultPatient\">Jane Doe</a></p><p><b>created</b>: 2024-12-10 00:00:00+0000</p><h3>Activities</h3><table class=\"grid\"><tr><td style=\"display: none\">-</td><td><b>Reference</b></td></tr><tr><td style=\"display: none\">*</td><td><a href=\"Bundle-GeneticRiskReferral_eve-fhxgeneinherited_no_eve-brcageneancestry_no_eve-fhxbrcaovcatubalperit_yes_act-fhxrisktool__eve-fhxriskresult_positive_act-geneticreferral.html#RequestGroup_393\">Bundle: type = collection</a></td></tr></table></div>"
      },
      "instantiatesCanonical" : ["http://cancerscreeningcds.github.io/bcsm-cds/PlanDefinition/flow-GeneticRiskReferral"],
      "status" : "draft",
      "intent" : "proposal",
      "subject" : {
        "reference" : "Patient/defaultPatient",
        "display" : "Jane Doe"
      },
      "created" : "2024-12-10T00:00:00.0Z",
      "activity" : [{
        "reference" : {
          "reference" : "RequestGroup/393"
        }
      }]
    }
  },
  {
    "fullUrl" : "http://cancerscreeningcds.github.io/bcsm-cds/RequestGroup/393",
    "resource" : {
      "resourceType" : "RequestGroup",
      "id" : "393",
      "text" : {
        "status" : "generated",
        "div" : "<div xmlns=\"http://www.w3.org/1999/xhtml\"><a name=\"RequestGroup_393\"> </a><p class=\"res-header-id\"><b>Generated Narrative: RequestGroup 393</b></p><a name=\"393\"> </a><a name=\"hc393\"> </a><a name=\"393-en-US\"> </a><p><b>instantiatesCanonical</b>: <a href=\"PlanDefinition-flow-GeneticRiskReferral.html\">Genetic Risk Referral</a></p><p><b>status</b>: Draft</p><p><b>intent</b>: Proposal</p><p><b>subject</b>: <a href=\"Bundle-eve-Age45to54_act-acsavgrecs45_act-uspstfavgrecs.html#Patient_defaultPatient\">Jane Doe</a></p><blockquote><p><b>action</b></p><blockquote><p><b>id</b></p>GeneticReferralRisk</blockquote><p><b>title</b>: Referral for genetic risk counseling</p><p><b>description</b>: Referral for genetic counseling if not previously consulted, or if limited panel was done and additional testing may be warranted.\n\nWomen with a positive result on family history based risk assessment should receive genetic counseling and, if indicated after counseling, genetic testing.</p><h3>Documentations</h3><table class=\"grid\"><tr><td style=\"display: none\">-</td><td><b>Type</b></td><td><b>Label</b></td><td><b>Display</b></td><td><b>Citation</b></td><td><b>Url</b></td></tr><tr><td style=\"display: none\">*</td><td>Citation</td><td>USPSTF</td><td>BRCA-Related Cancer: Risk Assessment, Genetic Counseling, and Genetic Testing</td><td><div><p>US Preventive Services Task Force. Risk Assessment, Genetic Counseling, and Genetic Testing for BRCA-Related Cancer: US Preventive Services Task Force Recommendation Statement. JAMA. 2019;322(7):652–665.</p>\n</div></td><td><a href=\"https://www.uspreventiveservicestaskforce.org/uspstf/recommendation/brca-related-cancer-risk-assessment-genetic-counseling-and-genetic-testing\">https://www.uspreventiveservicestaskforce.org/uspstf/recommendation/brca-related-cancer-risk-assessment-genetic-counseling-and-genetic-testing</a></td></tr></table><p><b>resource</b>: <a href=\"Bundle-GeneticRiskReferral_eve-fhxgeneinherited_no_eve-brcageneancestry_no_eve-fhxbrcaovcatubalperit_yes_act-fhxrisktool__eve-fhxriskresult_positive_act-geneticreferral.html#ServiceRequest_394\">Bundle: type = collection</a></p></blockquote></div>"
      },
      "instantiatesCanonical" : ["http://cancerscreeningcds.github.io/bcsm-cds/PlanDefinition/flow-GeneticRiskReferral"],
      "status" : "draft",
      "intent" : "proposal",
      "subject" : {
        "reference" : "Patient/defaultPatient",
        "display" : "Jane Doe"
      },
      "action" : [{
        "id" : "GeneticReferralRisk",
        "title" : "Referral for genetic risk counseling",
        "description" : "Referral for genetic counseling if not previously consulted, or if limited panel was done and additional testing may be warranted.\n\nWomen with a positive result on family history based risk assessment should receive genetic counseling and, if indicated after counseling, genetic testing.",
        "documentation" : [{
          "type" : "citation",
          "label" : "USPSTF",
          "display" : "BRCA-Related Cancer: Risk Assessment, Genetic Counseling, and Genetic Testing",
          "citation" : "US Preventive Services Task Force. Risk Assessment, Genetic Counseling, and Genetic Testing for BRCA-Related Cancer: US Preventive Services Task Force Recommendation Statement. JAMA. 2019;322(7):652–665.",
          "url" : "https://www.uspreventiveservicestaskforce.org/uspstf/recommendation/brca-related-cancer-risk-assessment-genetic-counseling-and-genetic-testing"
        }],
        "resource" : {
          "reference" : "ServiceRequest/394"
        }
      }]
    }
  },
  {
    "fullUrl" : "http://cancerscreeningcds.github.io/bcsm-cds/ServiceRequest/394",
    "resource" : {
      "resourceType" : "ServiceRequest",
      "id" : "394",
      "text" : {
        "status" : "generated",
        "div" : "<div xmlns=\"http://www.w3.org/1999/xhtml\"><a name=\"ServiceRequest_394\"> </a><p class=\"res-header-id\"><b>Generated Narrative: ServiceRequest 394</b></p><a name=\"394\"> </a><a name=\"hc394\"> </a><a name=\"394-en-US\"> </a><p><b>basedOn</b>: <a href=\"ActivityDefinition-GeneticCounselingReferralRequest.html\">Genetic Counseling Referral Request</a></p><p><b>status</b>: option</p><p><b>intent</b>: Proposal</p><p><b>code</b>: <span title=\"Codes:{http://cancerscreeningcds.github.io/bcsm-cds/CodeSystem/plan-definition-action-code-system geneticriskreferral}\">Genetic risk referral</span></p><p><b>subject</b>: <a href=\"Bundle-eve-Age45to54_act-acsavgrecs45_act-uspstfavgrecs.html#Patient_defaultPatient\">Jane Doe</a></p><p><b>reasonCode</b>: <span title=\"Codes:{http://cancerscreeningcds.github.io/bcsm-cds/CodeSystem/screening-observation-code-system highfamilialrisk}\">High familial risk</span></p></div>"
      },
      "basedOn" : [{
        "reference" : "http://cancerscreeningcds.github.io/bcsm-cds/ActivityDefinition/GeneticCounselingReferralRequest"
      }],
      "status" : "option",
      "intent" : "proposal",
      "code" : {
        "coding" : [{
          "system" : "http://cancerscreeningcds.github.io/bcsm-cds/CodeSystem/plan-definition-action-code-system",
          "code" : "geneticriskreferral",
          "display" : "Genetic risk referral"
        }]
      },
      "subject" : {
        "reference" : "Patient/defaultPatient",
        "display" : "Jane Doe"
      },
      "reasonCode" : [{
        "coding" : [{
          "system" : "http://cancerscreeningcds.github.io/bcsm-cds/CodeSystem/screening-observation-code-system",
          "code" : "highfamilialrisk",
          "display" : "High familial risk"
        }]
      }]
    }
  }]
}