{
  "resourceType" : "Bundle",
  "id" : "Denominator_Exclusion_Has_Hospice",
  "type" : "collection",
  "entry" : [{
    "resource" : {
      "resourceType" : "Patient",
      "id" : "defaultPatient",
      "text" : {
        "status" : "generated",
        "div" : "<div xmlns=\"http://www.w3.org/1999/xhtml\"><a name=\"Patient_defaultPatient\"> </a><p class=\"res-header-id\"><b>Generated Narrative: Patient defaultPatient</b></p><a name=\"defaultPatient\"> </a><a name=\"hcdefaultPatient\"> </a><a name=\"defaultPatient-en-US\"> </a><p style=\"border: 1px #661aff solid; background-color: #e6e6ff; padding: 10px;\">Jane Doe  Female, DoB: 1981-01-01</p><hr/></div>"
      },
      "name" : [{
        "family" : "Doe",
        "given" : ["Jane"]
      }],
      "gender" : "female",
      "birthDate" : "1981-01-01"
    }
  },
  {
    "resource" : {
      "resourceType" : "ServiceRequest",
      "id" : "bb20c8a8-26dd-42e6-93ef-cceceec14c07",
      "text" : {
        "status" : "generated",
        "div" : "<div xmlns=\"http://www.w3.org/1999/xhtml\"><a name=\"ServiceRequest_bb20c8a8-26dd-42e6-93ef-cceceec14c07\"> </a><p class=\"res-header-id\"><b>Generated Narrative: ServiceRequest bb20c8a8-26dd-42e6-93ef-cceceec14c07</b></p><a name=\"bb20c8a8-26dd-42e6-93ef-cceceec14c07\"> </a><a name=\"hcbb20c8a8-26dd-42e6-93ef-cceceec14c07\"> </a><a name=\"bb20c8a8-26dd-42e6-93ef-cceceec14c07-en-US\"> </a><p><b>status</b>: Completed</p><p><b>intent</b>: Order</p><p><b>doNotPerform</b>: false</p><p><b>code</b>: <span title=\"Codes:{http://snomed.info/sct 385763009}\">Hospice care (regime/therapy)</span></p><p><b>authoredOn</b>: 2024-10-01 00:00:00+0000</p></div>"
      },
      "status" : "completed",
      "intent" : "order",
      "doNotPerform" : false,
      "code" : {
        "coding" : [{
          "system" : "http://snomed.info/sct",
          "code" : "385763009",
          "display" : "Hospice care (regime/therapy)"
        }]
      },
      "authoredOn" : "2024-10-01T00:00:00.000Z"
    }
  }]
}