{
  "resourceType" : "Bundle",
  "id" : "eve-fhxbrca_eve-ageAtLeast35_act-HighRiskAssessment",
  "type" : "collection",
  "entry" : [{
    "resource" : {
      "resourceType" : "Patient",
      "id" : "fff3889e-0e7f-48cc-9f1d-8fd485f1aded",
      "text" : {
        "status" : "generated",
        "div" : "<div xmlns=\"http://www.w3.org/1999/xhtml\"><a name=\"Patient_fff3889e-0e7f-48cc-9f1d-8fd485f1aded\"> </a><p class=\"res-header-id\"><b>Generated Narrative: Patient fff3889e-0e7f-48cc-9f1d-8fd485f1aded</b></p><a name=\"fff3889e-0e7f-48cc-9f1d-8fd485f1aded\"> </a><a name=\"hcfff3889e-0e7f-48cc-9f1d-8fd485f1aded\"> </a><a name=\"fff3889e-0e7f-48cc-9f1d-8fd485f1aded-en-US\"> </a><p style=\"border: 1px #661aff solid; background-color: #e6e6ff; padding: 10px;\">Jane Doe  Female, DoB: 1980-01-01</p><hr/></div>"
      },
      "name" : [{
        "family" : "Doe",
        "given" : ["Jane"]
      }],
      "gender" : "female",
      "birthDate" : "1980-01-01"
    }
  },
  {
    "resource" : {
      "resourceType" : "Observation",
      "id" : "bb008918-6a5e-4f88-abda-f35a7d872dda",
      "text" : {
        "status" : "generated",
        "div" : "<div xmlns=\"http://www.w3.org/1999/xhtml\"><a name=\"Observation_bb008918-6a5e-4f88-abda-f35a7d872dda\"> </a><p class=\"res-header-id\"><b>Generated Narrative: Observation bb008918-6a5e-4f88-abda-f35a7d872dda</b></p><a name=\"bb008918-6a5e-4f88-abda-f35a7d872dda\"> </a><a name=\"hcbb008918-6a5e-4f88-abda-f35a7d872dda\"> </a><a name=\"bb008918-6a5e-4f88-abda-f35a7d872dda-en-US\"> </a><p><b>status</b>: Final</p><p><b>code</b>: <span title=\"Codes:{http://cancerscreeningcds.github.io/bcsm-cds/CodeSystem/plan-definition-action-code-system fhxrisktool}\">Brief familial risk assessment tool</span></p><p><b>subject</b>: <a href=\"Bundle-eve-fhxbrca_eve-ageAtLeast35_act-HighRiskAssessment.html#Patient_fff3889e-0e7f-48cc-9f1d-8fd485f1aded\">Bundle: type = collection</a></p><p><b>effective</b>: 2024-11-10 00:00:00+0000</p><p><b>value</b>: <span title=\"Codes:{http://cancerscreeningcds.github.io/bcsm-cds/CodeSystem/screening-observation-code-system highfamilialrisk}\">High familial risk</span></p></div>"
      },
      "status" : "final",
      "code" : {
        "coding" : [{
          "system" : "http://cancerscreeningcds.github.io/bcsm-cds/CodeSystem/plan-definition-action-code-system",
          "code" : "fhxrisktool",
          "display" : "Brief familial risk assessment tool"
        }]
      },
      "subject" : {
        "reference" : "Patient/fff3889e-0e7f-48cc-9f1d-8fd485f1aded"
      },
      "effectiveDateTime" : "2024-11-10T00:00:00.0Z",
      "valueCodeableConcept" : {
        "coding" : [{
          "system" : "http://cancerscreeningcds.github.io/bcsm-cds/CodeSystem/screening-observation-code-system",
          "code" : "highfamilialrisk",
          "display" : "High familial risk"
        }]
      }
    }
  }]
}