{
  "resourceType" : "Bundle",
  "id" : "eve-mastectomy_yes_end-noteligible",
  "type" : "collection",
  "entry" : [{
    "resource" : {
      "resourceType" : "Patient",
      "id" : "f45dd69b-bb25-4dc5-8e58-999eb2b2c98a",
      "text" : {
        "status" : "generated",
        "div" : "<div xmlns=\"http://www.w3.org/1999/xhtml\"><a name=\"Patient_f45dd69b-bb25-4dc5-8e58-999eb2b2c98a\"> </a><p class=\"res-header-id\"><b>Generated Narrative: Patient f45dd69b-bb25-4dc5-8e58-999eb2b2c98a</b></p><a name=\"f45dd69b-bb25-4dc5-8e58-999eb2b2c98a\"> </a><a name=\"hcf45dd69b-bb25-4dc5-8e58-999eb2b2c98a\"> </a><a name=\"f45dd69b-bb25-4dc5-8e58-999eb2b2c98a-en-US\"> </a><p style=\"border: 1px #661aff solid; background-color: #e6e6ff; padding: 10px;\">Joanne Smith  Other, DoB: 1980-01-01</p><hr/><table class=\"grid\"><tr><td style=\"background-color: #f3f5da\" title=\"A code classifying the person's sex assigned at birth  as specified by the [Office of the National Coordinator for Health IT (ONC)](https://www.healthit.gov/newsroom/about-onc). This extension aligns with the C-CDA Birth Sex Observation (LOINC 76689-9).\"><a href=\"http://hl7.org/fhir/us/core/STU3.1/StructureDefinition-us-core-birthsex.html\">US Core Birth Sex Extension</a></td><td colspan=\"3\">F</td></tr></table></div>"
      },
      "extension" : [{
        "url" : "http://hl7.org/fhir/us/core/StructureDefinition/us-core-birthsex",
        "valueCode" : "F"
      }],
      "name" : [{
        "family" : "Smith",
        "given" : ["Joanne"]
      }],
      "gender" : "other",
      "birthDate" : "1980-01-01"
    }
  },
  {
    "resource" : {
      "resourceType" : "Condition",
      "id" : "bilateral-mastectomy-condition",
      "text" : {
        "status" : "generated",
        "div" : "<div xmlns=\"http://www.w3.org/1999/xhtml\"><a name=\"Condition_bilateral-mastectomy-condition\"> </a><p class=\"res-header-id\"><b>Generated Narrative: Condition bilateral-mastectomy-condition</b></p><a name=\"bilateral-mastectomy-condition\"> </a><a name=\"hcbilateral-mastectomy-condition\"> </a><a name=\"bilateral-mastectomy-condition-en-US\"> </a><p><b>clinicalStatus</b>: <span title=\"Codes:{http://terminology.hl7.org/CodeSystem/condition-clinical active}\">Active</span></p><p><b>verificationStatus</b>: <span title=\"Codes:{http://terminology.hl7.org/CodeSystem/condition-ver-status confirmed}\">Confirmed</span></p><p><b>code</b>: <span title=\"Codes:{http://snomed.info/sct 428529004}\">History of bilateral mastectomy (situation)</span></p><p><b>subject</b>: <a href=\"Bundle-eve-mastectomy_yes_end-noteligible.html#Patient_f45dd69b-bb25-4dc5-8e58-999eb2b2c98a\">Bundle: type = collection</a></p></div>"
      },
      "clinicalStatus" : {
        "coding" : [{
          "system" : "http://terminology.hl7.org/CodeSystem/condition-clinical",
          "code" : "active"
        }]
      },
      "verificationStatus" : {
        "coding" : [{
          "system" : "http://terminology.hl7.org/CodeSystem/condition-ver-status",
          "code" : "confirmed",
          "display" : "Confirmed"
        }],
        "text" : "Confirmed"
      },
      "code" : {
        "coding" : [{
          "system" : "http://snomed.info/sct",
          "code" : "428529004"
        }]
      },
      "subject" : {
        "reference" : "Patient/f45dd69b-bb25-4dc5-8e58-999eb2b2c98a"
      }
    }
  }]
}