{
  "resourceType" : "Bundle",
  "id" : "eve-biopsyresult_missing_error",
  "type" : "collection",
  "entry" : [{
    "resource" : {
      "resourceType" : "Patient",
      "id" : "defaultPatient",
      "text" : {
        "status" : "generated",
        "div" : "<div xmlns=\"http://www.w3.org/1999/xhtml\"><a name=\"Patient_defaultPatient\"> </a><p class=\"res-header-id\"><b>Generated Narrative: Patient defaultPatient</b></p><a name=\"defaultPatient\"> </a><a name=\"hcdefaultPatient\"> </a><a name=\"defaultPatient-en-US\"> </a><p style=\"border: 1px #661aff solid; background-color: #e6e6ff; padding: 10px;\">Jane Doe  Female, DoB: 1981-01-01</p><hr/></div>"
      },
      "name" : [{
        "family" : "Doe",
        "given" : ["Jane"]
      }],
      "gender" : "female",
      "birthDate" : "1981-01-01"
    }
  },
  {
    "resource" : {
      "resourceType" : "DiagnosticReport",
      "id" : "bcb52c0d-d683-4006-b167-e49e1308f207",
      "text" : {
        "status" : "generated",
        "div" : "<div xmlns=\"http://www.w3.org/1999/xhtml\"><a name=\"DiagnosticReport_bcb52c0d-d683-4006-b167-e49e1308f207\"> </a><p class=\"res-header-id\"><b>Generated Narrative: DiagnosticReport bcb52c0d-d683-4006-b167-e49e1308f207</b></p><a name=\"bcb52c0d-d683-4006-b167-e49e1308f207\"> </a><a name=\"hcbcb52c0d-d683-4006-b167-e49e1308f207\"> </a><a name=\"bcb52c0d-d683-4006-b167-e49e1308f207-en-US\"> </a><h2><span title=\"Codes:{http://loinc.org 66110-8}\">Biopsy Report</span> </h2><table class=\"grid\"><tr><td>Subject</td><td>Not done yet</td></tr><tr><td>When For</td><td>2024-10-01 10:00:00+0000</td></tr></table><p><b>Report Details</b></p></div>"
      },
      "basedOn" : [{
        "reference" : "ServiceRequest/order-1"
      }],
      "status" : "final",
      "code" : {
        "coding" : [{
          "system" : "http://loinc.org",
          "code" : "66110-8",
          "display" : "Biopsy Report"
        }]
      },
      "subject" : {
        "reference" : "Patient/defaultPatient"
      },
      "effectiveDateTime" : "2024-10-01T10:00:00.000Z"
    }
  }]
}