{
  "resourceType" : "Bundle",
  "id" : "eve-atypicalbx__eve-highlifetimerisk__act-acshighriskmammo__act-acshighriskmri",
  "type" : "collection",
  "entry" : [{
    "resource" : {
      "resourceType" : "Patient",
      "id" : "defaultPatient",
      "text" : {
        "status" : "generated",
        "div" : "<div xmlns=\"http://www.w3.org/1999/xhtml\"><a name=\"Patient_defaultPatient\"> </a><p class=\"res-header-id\"><b>Generated Narrative: Patient defaultPatient</b></p><a name=\"defaultPatient\"> </a><a name=\"hcdefaultPatient\"> </a><a name=\"defaultPatient-en-US\"> </a><p style=\"border: 1px #661aff solid; background-color: #e6e6ff; padding: 10px;\">Jane Doe  Female, DoB: 1981-01-01</p><hr/></div>"
      },
      "name" : [{
        "family" : "Doe",
        "given" : ["Jane"]
      }],
      "gender" : "female",
      "birthDate" : "1981-01-01"
    }
  },
  {
    "resource" : {
      "resourceType" : "DiagnosticReport",
      "id" : "biopsy-report-1",
      "text" : {
        "status" : "generated",
        "div" : "<div xmlns=\"http://www.w3.org/1999/xhtml\"><a name=\"DiagnosticReport_biopsy-report-1\"> </a><p class=\"res-header-id\"><b>Generated Narrative: DiagnosticReport biopsy-report-1</b></p><a name=\"biopsy-report-1\"> </a><a name=\"hcbiopsy-report-1\"> </a><a name=\"biopsy-report-1-en-US\"> </a><h2><span title=\"Codes:{http://loinc.org 66110-8}\">Biopsy Report</span> </h2><table class=\"grid\"><tr><td>Subject</td><td>Not done yet</td></tr><tr><td>When For</td><td>2024-11-10 00:00:00+0000</td></tr></table><p><b>Report Details</b></p><p><b>Coded Conclusions:</b></p><ul><li><span title=\"Codes:{http://snomed.info/sct 109888004}\">Lobular carcinoma in situ of breast (disorder)</span></li></ul></div>"
      },
      "status" : "final",
      "code" : {
        "coding" : [{
          "system" : "http://loinc.org",
          "code" : "66110-8",
          "display" : "Biopsy Report"
        }]
      },
      "subject" : {
        "reference" : "Patient/defaultPatient"
      },
      "effectiveDateTime" : "2024-11-10T00:00:00.0Z",
      "conclusionCode" : [{
        "coding" : [{
          "system" : "http://snomed.info/sct",
          "code" : "109888004",
          "display" : "Lobular carcinoma in situ of breast (disorder)"
        }]
      }]
    }
  },
  {
    "resource" : {
      "resourceType" : "Observation",
      "id" : "f1fc6c4b-cb37-4b50-b123-4d8604cf4624",
      "text" : {
        "status" : "generated",
        "div" : "<div xmlns=\"http://www.w3.org/1999/xhtml\"><a name=\"Observation_f1fc6c4b-cb37-4b50-b123-4d8604cf4624\"> </a><p class=\"res-header-id\"><b>Generated Narrative: Observation f1fc6c4b-cb37-4b50-b123-4d8604cf4624</b></p><a name=\"f1fc6c4b-cb37-4b50-b123-4d8604cf4624\"> </a><a name=\"hcf1fc6c4b-cb37-4b50-b123-4d8604cf4624\"> </a><a name=\"f1fc6c4b-cb37-4b50-b123-4d8604cf4624-en-US\"> </a><p><b>status</b>: Final</p><p><b>code</b>: <span title=\"Codes:{http://cancerscreeningcds.github.io/bcsm-cds/CodeSystem/plan-definition-action-code-system lifetimeriskassessment}\">Lifetime risk assessment</span></p><p><b>subject</b>: <a href=\"Bundle-eve-Age45to54_act-acsavgrecs45_act-uspstfavgrecs.html#Patient_defaultPatient\">Bundle: type = collection</a></p><p><b>effective</b>: 2024-11-10 00:00:00+0000</p><p><b>value</b>: 21<span style=\"background: LightGoldenRodYellow\"> (Details: [not stated]  code% = '%')</span></p></div>"
      },
      "status" : "final",
      "code" : {
        "coding" : [{
          "system" : "http://cancerscreeningcds.github.io/bcsm-cds/CodeSystem/plan-definition-action-code-system",
          "code" : "lifetimeriskassessment",
          "display" : "Lifetime risk assessment"
        }]
      },
      "subject" : {
        "reference" : "Patient/defaultPatient"
      },
      "effectiveDateTime" : "2024-11-10T00:00:00.0Z",
      "valueQuantity" : {
        "value" : 21,
        "code" : "%"
      }
    }
  }]
}