{
  "resourceType" : "Bundle",
  "id" : "eve-acsgeneticrisk__act-acshighriskmammo__act-acshighriskmri",
  "type" : "collection",
  "entry" : [{
    "resource" : {
      "resourceType" : "Patient",
      "id" : "defaultPatient",
      "text" : {
        "status" : "generated",
        "div" : "<div xmlns=\"http://www.w3.org/1999/xhtml\"><a name=\"Patient_defaultPatient\"> </a><p class=\"res-header-id\"><b>Generated Narrative: Patient defaultPatient</b></p><a name=\"defaultPatient\"> </a><a name=\"hcdefaultPatient\"> </a><a name=\"defaultPatient-en-US\"> </a><p style=\"border: 1px #661aff solid; background-color: #e6e6ff; padding: 10px;\">Jane Doe  Female, DoB: 1981-01-01</p><hr/></div>"
      },
      "name" : [{
        "family" : "Doe",
        "given" : ["Jane"]
      }],
      "gender" : "female",
      "birthDate" : "1981-01-01"
    }
  },
  {
    "resource" : {
      "resourceType" : "Observation",
      "id" : "de6bf43c-bdcf-4e71-81c6-b4a556059c5a",
      "text" : {
        "status" : "generated",
        "div" : "<div xmlns=\"http://www.w3.org/1999/xhtml\"><a name=\"Observation_de6bf43c-bdcf-4e71-81c6-b4a556059c5a\"> </a><p class=\"res-header-id\"><b>Generated Narrative: Observation de6bf43c-bdcf-4e71-81c6-b4a556059c5a</b></p><a name=\"de6bf43c-bdcf-4e71-81c6-b4a556059c5a\"> </a><a name=\"hcde6bf43c-bdcf-4e71-81c6-b4a556059c5a\"> </a><a name=\"de6bf43c-bdcf-4e71-81c6-b4a556059c5a-en-US\"> </a><p><b>status</b>: Final</p><p><b>code</b>: <span title=\"Codes:{http://cancerscreeningcds.github.io/bcsm-cds/CodeSystem/screening-observation-code-system GeneticMarkerOrSyndrome}\">Genetic marker or syndrome associated with breast cancer</span></p><p><b>subject</b>: <a href=\"Bundle-eve-Age45to54_act-acsavgrecs45_act-uspstfavgrecs.html#Patient_defaultPatient\">Bundle: type = collection</a></p><p><b>effective</b>: 2024-11-10 00:00:00+0000</p><p><b>value</b>: true</p></div>"
      },
      "status" : "final",
      "code" : {
        "coding" : [{
          "system" : "http://cancerscreeningcds.github.io/bcsm-cds/CodeSystem/screening-observation-code-system",
          "code" : "GeneticMarkerOrSyndrome",
          "display" : "Genetic marker or syndrome associated with breast cancer"
        }]
      },
      "subject" : {
        "reference" : "Patient/defaultPatient"
      },
      "effectiveDateTime" : "2024-11-10T00:00:00.0Z",
      "valueBoolean" : true
    }
  },
  {
    "resource" : {
      "resourceType" : "Condition",
      "id" : "af85d05d-9132-42c8-8041-0b883accfd2a",
      "text" : {
        "status" : "generated",
        "div" : "<div xmlns=\"http://www.w3.org/1999/xhtml\"><a name=\"Condition_af85d05d-9132-42c8-8041-0b883accfd2a\"> </a><p class=\"res-header-id\"><b>Generated Narrative: Condition af85d05d-9132-42c8-8041-0b883accfd2a</b></p><a name=\"af85d05d-9132-42c8-8041-0b883accfd2a\"> </a><a name=\"hcaf85d05d-9132-42c8-8041-0b883accfd2a\"> </a><a name=\"af85d05d-9132-42c8-8041-0b883accfd2a-en-US\"> </a><p><b>clinicalStatus</b>: <span title=\"Codes:{http://terminology.hl7.org/CodeSystem/condition-clinical active}\">Active</span></p><p><b>verificationStatus</b>: <span title=\"Codes:{http://terminology.hl7.org/CodeSystem/condition-ver-status confirmed}\">Confirmed</span></p><p><b>code</b>: <span title=\"Codes:{http://snomed.info/sct 412734009}\">BRCA1 gene mutation detected (finding)</span></p><p><b>subject</b>: <a href=\"Bundle-eve-Age45to54_act-acsavgrecs45_act-uspstfavgrecs.html#Patient_defaultPatient\">Bundle: type = collection</a></p></div>"
      },
      "clinicalStatus" : {
        "coding" : [{
          "system" : "http://terminology.hl7.org/CodeSystem/condition-clinical",
          "code" : "active"
        }]
      },
      "verificationStatus" : {
        "coding" : [{
          "system" : "http://terminology.hl7.org/CodeSystem/condition-ver-status",
          "code" : "confirmed"
        }]
      },
      "code" : {
        "coding" : [{
          "system" : "http://snomed.info/sct",
          "code" : "412734009",
          "display" : "BRCA1 gene mutation detected (finding)"
        }]
      },
      "subject" : {
        "reference" : "Patient/defaultPatient"
      }
    }
  }]
}