{
  "resourceType" : "Bundle",
  "id" : "eve-fhxgeneinherited_no_eve-brcageneancestry_no_eve-fhxbrcaovcatubalperit_yes_act-fhxrisktool_act-fhxriskassess",
  "type" : "collection",
  "entry" : [{
    "resource" : {
      "resourceType" : "Patient",
      "id" : "defaultPatient",
      "text" : {
        "status" : "generated",
        "div" : "<div xmlns=\"http://www.w3.org/1999/xhtml\"><a name=\"Patient_defaultPatient\"> </a><p class=\"res-header-id\"><b>Generated Narrative: Patient defaultPatient</b></p><a name=\"defaultPatient\"> </a><a name=\"hcdefaultPatient\"> </a><a name=\"defaultPatient-en-US\"> </a><p style=\"border: 1px #661aff solid; background-color: #e6e6ff; padding: 10px;\">Jane Doe  Female, DoB: 1981-01-01</p><hr/></div>"
      },
      "name" : [{
        "family" : "Doe",
        "given" : ["Jane"]
      }],
      "gender" : "female",
      "birthDate" : "1981-01-01"
    }
  },
  {
    "resource" : {
      "resourceType" : "FamilyMemberHistory",
      "id" : "5383e52a-2ff1-4ac8-b656-718dbaaa7fd0",
      "text" : {
        "status" : "generated",
        "div" : "<div xmlns=\"http://www.w3.org/1999/xhtml\"><a name=\"FamilyMemberHistory_5383e52a-2ff1-4ac8-b656-718dbaaa7fd0\"> </a><p class=\"res-header-id\"><b>Generated Narrative: FamilyMemberHistory 5383e52a-2ff1-4ac8-b656-718dbaaa7fd0</b></p><a name=\"5383e52a-2ff1-4ac8-b656-718dbaaa7fd0\"> </a><a name=\"hc5383e52a-2ff1-4ac8-b656-718dbaaa7fd0\"> </a><a name=\"5383e52a-2ff1-4ac8-b656-718dbaaa7fd0-en-US\"> </a><p><b>status</b>: Completed</p><p><b>patient</b>: <a href=\"Bundle-eve-Age45to54_act-acsavgrecs45_act-uspstfavgrecs.html#Patient_defaultPatient\">Bundle: type = collection</a></p><p><b>name</b>: Unknown</p><p><b>relationship</b>: <span title=\"Codes:{http://hl7.org/fhir/v3/RoleCode MTH}\">Mother</span></p><h3>Conditions</h3><table class=\"grid\"><tr><td style=\"display: none\">-</td><td><b>Code</b></td></tr><tr><td style=\"display: none\">*</td><td><span title=\"Codes:{http://snomed.info/sct 254837009}\">Invasive breast cancer</span></td></tr></table></div>"
      },
      "status" : "completed",
      "patient" : {
        "reference" : "Patient/defaultPatient"
      },
      "name" : "Unknown",
      "relationship" : {
        "coding" : [{
          "system" : "http://hl7.org/fhir/v3/RoleCode",
          "code" : "MTH",
          "display" : "Mother"
        }]
      },
      "condition" : [{
        "code" : {
          "coding" : [{
            "system" : "http://snomed.info/sct",
            "code" : "254837009",
            "display" : "Invasive breast cancer"
          }]
        }
      }]
    }
  }]
}