{
  "resourceType" : "Bundle",
  "id" : "act-sdmcontinuelifexp__act-lactating__act-avgrisk",
  "type" : "collection",
  "entry" : [{
    "resource" : {
      "resourceType" : "Patient",
      "id" : "defaultPatient",
      "text" : {
        "status" : "generated",
        "div" : "<div xmlns=\"http://www.w3.org/1999/xhtml\"><a name=\"Patient_defaultPatient\"> </a><p class=\"res-header-id\"><b>Generated Narrative: Patient defaultPatient</b></p><a name=\"defaultPatient\"> </a><a name=\"hcdefaultPatient\"> </a><a name=\"defaultPatient-en-US\"> </a><p style=\"border: 1px #661aff solid; background-color: #e6e6ff; padding: 10px;\">Jane Doe  Female, DoB: 1981-01-01</p><hr/></div>"
      },
      "name" : [{
        "family" : "Doe",
        "given" : ["Jane"]
      }],
      "gender" : "female",
      "birthDate" : "1981-01-01"
    }
  },
  {
    "resource" : {
      "resourceType" : "Observation",
      "id" : "8485a8ec-6939-4cca-a4f4-91e300e5b0da",
      "text" : {
        "status" : "generated",
        "div" : "<div xmlns=\"http://www.w3.org/1999/xhtml\"><a name=\"Observation_8485a8ec-6939-4cca-a4f4-91e300e5b0da\"> </a><p class=\"res-header-id\"><b>Generated Narrative: Observation 8485a8ec-6939-4cca-a4f4-91e300e5b0da</b></p><a name=\"8485a8ec-6939-4cca-a4f4-91e300e5b0da\"> </a><a name=\"hc8485a8ec-6939-4cca-a4f4-91e300e5b0da\"> </a><a name=\"8485a8ec-6939-4cca-a4f4-91e300e5b0da-en-US\"> </a><p><b>status</b>: Final</p><p><b>code</b>: <span title=\"Codes:{http://cancerscreeningcds.github.io/bcsm-cds/CodeSystem/screening-observation-code-system lifeexp}\">Reduced life expectancy indicator</span></p><p><b>subject</b>: <a href=\"Bundle-eve-Age45to54_act-acsavgrecs45_act-uspstfavgrecs.html#Patient_defaultPatient\">Bundle: type = collection</a></p><p><b>effective</b>: 2024-12-10 00:00:00+0000</p><p><b>value</b>: true</p></div>"
      },
      "status" : "final",
      "code" : {
        "coding" : [{
          "system" : "http://cancerscreeningcds.github.io/bcsm-cds/CodeSystem/screening-observation-code-system",
          "code" : "lifeexp",
          "display" : "Reduced life expectancy indicator"
        }]
      },
      "subject" : {
        "reference" : "Patient/defaultPatient"
      },
      "effectiveDateTime" : "2024-12-10T00:00:00.0Z",
      "valueBoolean" : true
    }
  },
  {
    "resource" : {
      "resourceType" : "Observation",
      "id" : "dce68e61-b539-4686-9b07-4a94f482fc4e",
      "text" : {
        "status" : "generated",
        "div" : "<div xmlns=\"http://www.w3.org/1999/xhtml\"><a name=\"Observation_dce68e61-b539-4686-9b07-4a94f482fc4e\"> </a><p class=\"res-header-id\"><b>Generated Narrative: Observation dce68e61-b539-4686-9b07-4a94f482fc4e</b></p><a name=\"dce68e61-b539-4686-9b07-4a94f482fc4e\"> </a><a name=\"hcdce68e61-b539-4686-9b07-4a94f482fc4e\"> </a><a name=\"dce68e61-b539-4686-9b07-4a94f482fc4e-en-US\"> </a><p><b>status</b>: Final</p><p><b>code</b>: <span title=\"Codes:{http://cancerscreeningcds.github.io/bcsm-cds/CodeSystem/screening-observation-code-system currentlylactating}\">Currently lactating</span></p><p><b>subject</b>: <a href=\"Bundle-eve-Age45to54_act-acsavgrecs45_act-uspstfavgrecs.html#Patient_defaultPatient\">Bundle: type = collection</a></p><p><b>effective</b>: 2024-12-10 00:00:00+0000</p><p><b>value</b>: true</p></div>"
      },
      "status" : "final",
      "code" : {
        "coding" : [{
          "system" : "http://cancerscreeningcds.github.io/bcsm-cds/CodeSystem/screening-observation-code-system",
          "code" : "currentlylactating",
          "display" : "Currently lactating"
        }]
      },
      "subject" : {
        "reference" : "Patient/defaultPatient"
      },
      "effectiveDateTime" : "2024-12-10T00:00:00.0Z",
      "valueBoolean" : true
    }
  }]
}