{
  "resourceType" : "Bundle",
  "id" : "inc-AgeAtLeast18_MostRecentAgeValue_yes",
  "type" : "collection",
  "entry" : [{
    "resource" : {
      "resourceType" : "Patient",
      "id" : "19b29760-90e3-425d-a54d-047dd3404993",
      "text" : {
        "status" : "generated",
        "div" : "<div xmlns=\"http://www.w3.org/1999/xhtml\"><a name=\"Patient_19b29760-90e3-425d-a54d-047dd3404993\"> </a><p class=\"res-header-id\"><b>Generated Narrative: Patient 19b29760-90e3-425d-a54d-047dd3404993</b></p><a name=\"19b29760-90e3-425d-a54d-047dd3404993\"> </a><a name=\"hc19b29760-90e3-425d-a54d-047dd3404993\"> </a><a name=\"19b29760-90e3-425d-a54d-047dd3404993-en-US\"> </a><p style=\"border: 1px #661aff solid; background-color: #e6e6ff; padding: 10px;\">Joanne Smith  Female, DoB Unknown</p><hr/></div>"
      },
      "name" : [{
        "family" : "Smith",
        "given" : ["Joanne"]
      }],
      "gender" : "female"
    }
  },
  {
    "resource" : {
      "resourceType" : "Observation",
      "id" : "4349f396-82a6-4ab5-a56e-999abed858f9",
      "text" : {
        "status" : "generated",
        "div" : "<div xmlns=\"http://www.w3.org/1999/xhtml\"><a name=\"Observation_4349f396-82a6-4ab5-a56e-999abed858f9\"> </a><p class=\"res-header-id\"><b>Generated Narrative: Observation 4349f396-82a6-4ab5-a56e-999abed858f9</b></p><a name=\"4349f396-82a6-4ab5-a56e-999abed858f9\"> </a><a name=\"hc4349f396-82a6-4ab5-a56e-999abed858f9\"> </a><a name=\"4349f396-82a6-4ab5-a56e-999abed858f9-en-US\"> </a><p><b>status</b>: Final</p><p><b>code</b>: <span title=\"Codes:{http://loinc.org 30525-0}\">Age</span></p><p><b>subject</b>: <a href=\"Bundle-inc-AgeAtLeast18_MostRecentAgeValue_yes.html#Patient_19b29760-90e3-425d-a54d-047dd3404993\">Bundle: type = collection</a></p><p><b>effective</b>: 2024-12-10 00:00:00+0000</p><p><b>value</b>: 18 years</p></div>"
      },
      "status" : "final",
      "code" : {
        "coding" : [{
          "system" : "http://loinc.org",
          "code" : "30525-0",
          "display" : "Age"
        }]
      },
      "subject" : {
        "reference" : "Patient/19b29760-90e3-425d-a54d-047dd3404993"
      },
      "effectiveDateTime" : "2024-12-10T00:00:00.0Z",
      "valueQuantity" : {
        "value" : 18,
        "unit" : "years"
      }
    }
  }]
}