{
  "resourceType" : "Bundle",
  "id" : "eve-female_no_end-noteligible",
  "type" : "collection",
  "entry" : [{
    "resource" : {
      "resourceType" : "Patient",
      "id" : "556042f4-db42-4f41-ad05-d82041db53b0",
      "text" : {
        "status" : "generated",
        "div" : "<div xmlns=\"http://www.w3.org/1999/xhtml\"><a name=\"Patient_556042f4-db42-4f41-ad05-d82041db53b0\"> </a><p class=\"res-header-id\"><b>Generated Narrative: Patient 556042f4-db42-4f41-ad05-d82041db53b0</b></p><a name=\"556042f4-db42-4f41-ad05-d82041db53b0\"> </a><a name=\"hc556042f4-db42-4f41-ad05-d82041db53b0\"> </a><a name=\"556042f4-db42-4f41-ad05-d82041db53b0-en-US\"> </a><p style=\"border: 1px #661aff solid; background-color: #e6e6ff; padding: 10px;\">Joanne Smith  Female, DoB: 1980-01-01</p><hr/><table class=\"grid\"><tr><td style=\"background-color: #f3f5da\" title=\"A code classifying the person's sex assigned at birth  as specified by the [Office of the National Coordinator for Health IT (ONC)](https://www.healthit.gov/newsroom/about-onc). This extension aligns with the C-CDA Birth Sex Observation (LOINC 76689-9).\"><a href=\"http://hl7.org/fhir/us/core/STU3.1/StructureDefinition-us-core-birthsex.html\">US Core Birth Sex Extension</a></td><td colspan=\"3\">M</td></tr><tr><td style=\"background-color: #f3f5da\" title=\"The gender the patient identifies with. The Patient's gender identity is used as guidance (e.g. for staff) about how to interact with the patient.\"><a href=\"http://hl7.org/fhir/extensions/5.2.0/StructureDefinition-patient-genderIdentity.html\">Gender Identity</a></td><td colspan=\"3\"><span title=\"Codes:{http://hl7.org/fhir/gender-identity transgender-female}\">transgender female</span></td></tr></table></div>"
      },
      "extension" : [{
        "url" : "http://hl7.org/fhir/us/core/StructureDefinition/us-core-birthsex",
        "valueCode" : "M"
      },
      {
        "url" : "http://hl7.org/fhir/StructureDefinition/patient-genderIdentity",
        "valueCodeableConcept" : {
          "coding" : [{
            "system" : "http://hl7.org/fhir/gender-identity",
            "code" : "transgender-female"
          }]
        }
      }],
      "name" : [{
        "family" : "Smith",
        "given" : ["Joanne"]
      }],
      "gender" : "female",
      "birthDate" : "1980-01-01"
    }
  }]
}