{
  "resourceType" : "Bundle",
  "id" : "eve-biradsscore_bi-rads_unknown_error",
  "type" : "collection",
  "entry" : [{
    "resource" : {
      "resourceType" : "Patient",
      "id" : "defaultPatient",
      "text" : {
        "status" : "generated",
        "div" : "<div xmlns=\"http://www.w3.org/1999/xhtml\"><a name=\"Patient_defaultPatient\"> </a><p class=\"res-header-id\"><b>Generated Narrative: Patient defaultPatient</b></p><a name=\"defaultPatient\"> </a><a name=\"hcdefaultPatient\"> </a><a name=\"defaultPatient-en-US\"> </a><p style=\"border: 1px #661aff solid; background-color: #e6e6ff; padding: 10px;\">Jane Doe  Female, DoB: 1981-01-01</p><hr/></div>"
      },
      "name" : [{
        "family" : "Doe",
        "given" : ["Jane"]
      }],
      "gender" : "female",
      "birthDate" : "1981-01-01"
    }
  },
  {
    "resource" : {
      "resourceType" : "DiagnosticReport",
      "id" : "7e35bb2e-3355-4447-8058-1997169a6f80",
      "text" : {
        "status" : "generated",
        "div" : "<div xmlns=\"http://www.w3.org/1999/xhtml\"><a name=\"DiagnosticReport_7e35bb2e-3355-4447-8058-1997169a6f80\"> </a><p class=\"res-header-id\"><b>Generated Narrative: DiagnosticReport 7e35bb2e-3355-4447-8058-1997169a6f80</b></p><a name=\"7e35bb2e-3355-4447-8058-1997169a6f80\"> </a><a name=\"hc7e35bb2e-3355-4447-8058-1997169a6f80\"> </a><a name=\"7e35bb2e-3355-4447-8058-1997169a6f80-en-US\"> </a><h2><span title=\"Codes:{http://loinc.org 24606-6}\">MG Breast Screening</span> </h2><table class=\"grid\"><tr><td>Subject</td><td>Not done yet</td></tr><tr><td>When For</td><td>2024-10-01 10:00:00+0000</td></tr></table><p><b>Report Details</b></p><p><b>Coded Conclusions:</b></p><ul><li><span title=\"Codes:{http://hl7.org/fhir/us/breast-radiology/CodeSystem/something something}\">something</span></li></ul></div>"
      },
      "status" : "final",
      "code" : {
        "coding" : [{
          "system" : "http://loinc.org",
          "code" : "24606-6",
          "display" : "MG Breast Screening"
        }]
      },
      "subject" : {
        "reference" : "Patient/defaultPatient"
      },
      "effectiveDateTime" : "2024-10-01T10:00:00.000Z",
      "conclusionCode" : [{
        "coding" : [{
          "system" : "http://hl7.org/fhir/us/breast-radiology/CodeSystem/something",
          "code" : "something"
        }]
      }]
    }
  }]
}