{
  "resourceType" : "Bundle",
  "id" : "JaniceMedford_fdr_breastca_age_45",
  "type" : "collection",
  "entry" : [{
    "resource" : {
      "resourceType" : "Patient",
      "id" : "JaniceMedford",
      "text" : {
        "status" : "generated",
        "div" : "<div xmlns=\"http://www.w3.org/1999/xhtml\"><a name=\"Patient_JaniceMedford\"> </a><p class=\"res-header-id\"><b>Generated Narrative: Patient JaniceMedford</b></p><a name=\"JaniceMedford\"> </a><a name=\"hcJaniceMedford\"> </a><a name=\"JaniceMedford-en-US\"> </a><p style=\"border: 1px #661aff solid; background-color: #e6e6ff; padding: 10px;\">Janice32 Medford87  Female, DoB: 1989-03-09 ( Medical Record Number: 123-345-567)</p><hr/><table class=\"grid\"><tr><td style=\"background-color: #f3f5da\" title=\"Concepts classifying the person into a named category of humans sharing common history, traits, geographical origin or nationality.  The ethnicity codes used to represent these concepts are based upon the [CDC ethnicity and Ethnicity Code Set Version 1.0](http://www.cdc.gov/phin/resources/vocabulary/index.html) which includes over 900 concepts for representing race and ethnicity of which 43 reference ethnicity.  The ethnicity concepts are grouped by and pre-mapped to the 2 OMB ethnicity categories: - Hispanic or Latino - Not Hispanic or Latino.\">US Core Ethnicity Extension:</td><td colspan=\"3\"><ul><li>text: Not Hispanic or Latino</li></ul></td></tr><tr><td style=\"background-color: #f3f5da\" title=\"Concepts classifying the person into a named category of humans sharing common history, traits, geographical origin or nationality.  The race codes used to represent these concepts are based upon the [CDC Race and Ethnicity Code Set Version 1.0](http://www.cdc.gov/phin/resources/vocabulary/index.html) which includes over 900 concepts for representing race and ethnicity of which 921 reference race.  The race concepts are grouped by and pre-mapped to the 5 OMB race categories:\n\n - American Indian or Alaska Native\n - Asian\n - Black or African American\n - Native Hawaiian or Other Pacific Islander\n - White.\">US Core Race Extension:</td><td colspan=\"3\"><ul><li>text: White</li></ul></td></tr></table></div>"
      },
      "extension" : [{
        "extension" : [{
          "url" : "text",
          "valueString" : "White"
        }],
        "url" : "http://hl7.org/fhir/us/core/StructureDefinition/us-core-race"
      },
      {
        "extension" : [{
          "url" : "text",
          "valueString" : "Not Hispanic or Latino"
        }],
        "url" : "http://hl7.org/fhir/us/core/StructureDefinition/us-core-ethnicity"
      }],
      "identifier" : [{
        "type" : {
          "coding" : [{
            "code" : "MR",
            "display" : "Medical Record Number"
          }]
        },
        "value" : "123-345-567"
      }],
      "name" : [{
        "family" : "Medford87",
        "given" : ["Janice32"]
      }],
      "gender" : "female",
      "birthDate" : "1989-03-09"
    }
  },
  {
    "resource" : {
      "resourceType" : "FamilyMemberHistory",
      "id" : "57597815-b816-45e3-8633-4bdfbe3a28bc",
      "text" : {
        "status" : "generated",
        "div" : "<div xmlns=\"http://www.w3.org/1999/xhtml\"><a name=\"FamilyMemberHistory_57597815-b816-45e3-8633-4bdfbe3a28bc\"> </a><p class=\"res-header-id\"><b>Generated Narrative: FamilyMemberHistory 57597815-b816-45e3-8633-4bdfbe3a28bc</b></p><a name=\"57597815-b816-45e3-8633-4bdfbe3a28bc\"> </a><a name=\"hc57597815-b816-45e3-8633-4bdfbe3a28bc\"> </a><a name=\"57597815-b816-45e3-8633-4bdfbe3a28bc-en-US\"> </a><p><b>status</b>: Completed</p><p><b>patient</b>: <a href=\"Bundle-JaniceMedford_fdr_breastca_age_45.html#Patient_JaniceMedford\">Bundle: type = collection</a></p><p><b>name</b>: Unknown</p><p><b>relationship</b>: <span title=\"Codes:{http://hl7.org/fhir/v3/RoleCode MTH}\">mother</span></p><h3>Conditions</h3><table class=\"grid\"><tr><td style=\"display: none\">-</td><td><b>Code</b></td><td><b>Onset[x]</b></td></tr><tr><td style=\"display: none\">*</td><td><span title=\"Codes:{http://snomed.info/sct 254837009}\">Invasive breast cancer</span></td><td>45 years<span style=\"background: LightGoldenRodYellow\"> (Details: UCUM  codea = 'a')</span></td></tr></table></div>"
      },
      "status" : "completed",
      "patient" : {
        "reference" : "Patient/JaniceMedford"
      },
      "name" : "Unknown",
      "relationship" : {
        "coding" : [{
          "system" : "http://hl7.org/fhir/v3/RoleCode",
          "code" : "MTH",
          "display" : "mother"
        }]
      },
      "condition" : [{
        "code" : {
          "coding" : [{
            "system" : "http://snomed.info/sct",
            "code" : "254837009",
            "display" : "Invasive breast cancer"
          }]
        },
        "onsetAge" : {
          "value" : 45,
          "unit" : "years",
          "system" : "http://unitsofmeasure.org",
          "code" : "a"
        }
      }]
    }
  }]
}