{
  "resourceType" : "Bundle",
  "id" : "eve-fhxgeneinherited_yes_eve-unkvariantstatus_no_end-variantknown",
  "type" : "collection",
  "entry" : [{
    "resource" : {
      "resourceType" : "Patient",
      "id" : "defaultPatient",
      "text" : {
        "status" : "generated",
        "div" : "<div xmlns=\"http://www.w3.org/1999/xhtml\"><a name=\"Patient_defaultPatient\"> </a><p class=\"res-header-id\"><b>Generated Narrative: Patient defaultPatient</b></p><a name=\"defaultPatient\"> </a><a name=\"hcdefaultPatient\"> </a><a name=\"defaultPatient-en-US\"> </a><p style=\"border: 1px #661aff solid; background-color: #e6e6ff; padding: 10px;\">Jane Doe  Female, DoB: 1981-01-01</p><hr/></div>"
      },
      "name" : [{
        "family" : "Doe",
        "given" : ["Jane"]
      }],
      "gender" : "female",
      "birthDate" : "1981-01-01"
    }
  },
  {
    "resource" : {
      "resourceType" : "Observation",
      "id" : "5564ffdb-fad3-4532-bc3a-759c61910959",
      "text" : {
        "status" : "generated",
        "div" : "<div xmlns=\"http://www.w3.org/1999/xhtml\"><a name=\"Observation_5564ffdb-fad3-4532-bc3a-759c61910959\"> </a><p class=\"res-header-id\"><b>Generated Narrative: Observation 5564ffdb-fad3-4532-bc3a-759c61910959</b></p><a name=\"5564ffdb-fad3-4532-bc3a-759c61910959\"> </a><a name=\"hc5564ffdb-fad3-4532-bc3a-759c61910959\"> </a><a name=\"5564ffdb-fad3-4532-bc3a-759c61910959-en-US\"> </a><p><b>status</b>: Final</p><p><b>code</b>: <span title=\"Codes:{http://cancerscreeningcds.github.io/bcsm-cds/CodeSystem/screening-observation-code-system fhxgenetic}\">Family history of inherited cancer susceptibilityy</span></p><p><b>subject</b>: <a href=\"Bundle-eve-Age45to54_act-acsavgrecs45_act-uspstfavgrecs.html#Patient_defaultPatient\">Bundle: type = collection</a></p><p><b>effective</b>: 2024-11-10 00:00:00+0000</p><p><b>value</b>: true</p></div>"
      },
      "status" : "final",
      "code" : {
        "coding" : [{
          "system" : "http://cancerscreeningcds.github.io/bcsm-cds/CodeSystem/screening-observation-code-system",
          "code" : "fhxgenetic",
          "display" : "Family history of inherited cancer susceptibilityy"
        }]
      },
      "subject" : {
        "reference" : "Patient/defaultPatient"
      },
      "effectiveDateTime" : "2024-11-10T00:00:00.0Z",
      "valueBoolean" : true
    }
  },
  {
    "resource" : {
      "resourceType" : "Observation",
      "id" : "3f2d7695-0ac0-44b3-8c41-a762c8ddefd0",
      "text" : {
        "status" : "generated",
        "div" : "<div xmlns=\"http://www.w3.org/1999/xhtml\"><a name=\"Observation_3f2d7695-0ac0-44b3-8c41-a762c8ddefd0\"> </a><p class=\"res-header-id\"><b>Generated Narrative: Observation 3f2d7695-0ac0-44b3-8c41-a762c8ddefd0</b></p><a name=\"3f2d7695-0ac0-44b3-8c41-a762c8ddefd0\"> </a><a name=\"hc3f2d7695-0ac0-44b3-8c41-a762c8ddefd0\"> </a><a name=\"3f2d7695-0ac0-44b3-8c41-a762c8ddefd0-en-US\"> </a><p><b>status</b>: Final</p><p><b>code</b>: <span title=\"Codes:{http://cancerscreeningcds.github.io/bcsm-cds/CodeSystem/screening-observation-code-system KnownVariantStatus}\">Known breast cancer variant status</span></p><p><b>subject</b>: <a href=\"Bundle-eve-Age45to54_act-acsavgrecs45_act-uspstfavgrecs.html#Patient_defaultPatient\">Bundle: type = collection</a></p><p><b>effective</b>: 2024-11-10 00:00:00+0000</p><p><b>value</b>: true</p></div>"
      },
      "status" : "final",
      "code" : {
        "coding" : [{
          "system" : "http://cancerscreeningcds.github.io/bcsm-cds/CodeSystem/screening-observation-code-system",
          "code" : "KnownVariantStatus",
          "display" : "Known breast cancer variant status"
        }]
      },
      "subject" : {
        "reference" : "Patient/defaultPatient"
      },
      "effectiveDateTime" : "2024-11-10T00:00:00.0Z",
      "valueBoolean" : true
    }
  }]
}