{
  "resourceType" : "Bundle",
  "id" : "HighRiskReferral_eve-geneticriskpop__act-HighRiskReferral",
  "type" : "collection",
  "entry" : [{
    "fullUrl" : "http://cancerscreeningcds.github.io/bcsm-cds/CarePlan/479",
    "resource" : {
      "resourceType" : "CarePlan",
      "id" : "479",
      "text" : {
        "status" : "generated",
        "div" : "<div xmlns=\"http://www.w3.org/1999/xhtml\"><a name=\"CarePlan_479\"> </a><p class=\"res-header-id\"><b>Generated Narrative: CarePlan 479</b></p><a name=\"479\"> </a><a name=\"hc479\"> </a><a name=\"479-en-US\"> </a><p><b>instantiatesCanonical</b>: <a href=\"PlanDefinition-flow-HighRiskReferral.html\">High Risk Referral</a></p><p><b>status</b>: Draft</p><p><b>intent</b>: Proposal</p><p><b>subject</b>: <a href=\"Bundle-eve-Age45to54_act-acsavgrecs45_act-uspstfavgrecs.html#Patient_defaultPatient\">Jane Doe</a></p><p><b>created</b>: 2024-12-10 00:00:00+0000</p><h3>Activities</h3><table class=\"grid\"><tr><td style=\"display: none\">-</td><td><b>Reference</b></td></tr><tr><td style=\"display: none\">*</td><td><a href=\"Bundle-HighRiskReferral_eve-geneticriskpop__act-HighRiskReferral.html#RequestGroup_480\">Bundle: type = collection</a></td></tr></table></div>"
      },
      "instantiatesCanonical" : ["http://cancerscreeningcds.github.io/bcsm-cds/PlanDefinition/flow-HighRiskReferral"],
      "status" : "draft",
      "intent" : "proposal",
      "subject" : {
        "reference" : "Patient/defaultPatient",
        "display" : "Jane Doe"
      },
      "created" : "2024-12-10T00:00:00.0Z",
      "activity" : [{
        "reference" : {
          "reference" : "RequestGroup/480"
        }
      }]
    }
  },
  {
    "fullUrl" : "http://cancerscreeningcds.github.io/bcsm-cds/RequestGroup/480",
    "resource" : {
      "resourceType" : "RequestGroup",
      "id" : "480",
      "text" : {
        "status" : "generated",
        "div" : "<div xmlns=\"http://www.w3.org/1999/xhtml\"><a name=\"RequestGroup_480\"> </a><p class=\"res-header-id\"><b>Generated Narrative: RequestGroup 480</b></p><a name=\"480\"> </a><a name=\"hc480\"> </a><a name=\"480-en-US\"> </a><p><b>instantiatesCanonical</b>: <a href=\"PlanDefinition-flow-HighRiskReferral.html\">High Risk Referral</a></p><p><b>status</b>: Draft</p><p><b>intent</b>: Proposal</p><p><b>subject</b>: <a href=\"Bundle-eve-Age45to54_act-acsavgrecs45_act-uspstfavgrecs.html#Patient_defaultPatient\">Jane Doe</a></p><blockquote><p><b>action</b></p><blockquote><p><b>id</b></p>HighRiskReferralGenetic</blockquote><p><b>title</b>: Referral for high risk breast specialty evaluation</p><p><b>description</b>: Consider referral to breast specialist to discuss primary risk reduction interventions.\n\nThese may include medications to reduce risk (chemoprevention), risk reducing surgery or enhanced surveillance. Women at greater risk, such as those with a genetic marker or syndrome associated with increased risk of breast cancer, may derive more benefit than harm from risk-reducing medications.</p><h3>Documentations</h3><table class=\"grid\"><tr><td style=\"display: none\">-</td><td><b>Type</b></td><td><b>Label</b></td><td><b>Display</b></td><td><b>Citation</b></td><td><b>Url</b></td></tr><tr><td style=\"display: none\">*</td><td>Citation</td><td>USPSTF</td><td>Breast Cancer: Medication Use to Reduce Risk</td><td><div><p>US Preventive Services Task Force. Medication Use to Reduce Risk of Breast Cancer: US Preventive Services Task Force Recommendation Statement. JAMA. 2019;322(9):857–867.</p>\n</div></td><td><a href=\"https://www.uspreventiveservicestaskforce.org/uspstf/recommendation/breast-cancer-medications-for-risk-reduction\">https://www.uspreventiveservicestaskforce.org/uspstf/recommendation/breast-cancer-medications-for-risk-reduction</a></td></tr></table><p><b>resource</b>: <a href=\"Bundle-HighRiskReferral_eve-geneticriskpop__act-HighRiskReferral.html#ServiceRequest_481\">Bundle: type = collection</a></p></blockquote></div>"
      },
      "instantiatesCanonical" : ["http://cancerscreeningcds.github.io/bcsm-cds/PlanDefinition/flow-HighRiskReferral"],
      "status" : "draft",
      "intent" : "proposal",
      "subject" : {
        "reference" : "Patient/defaultPatient",
        "display" : "Jane Doe"
      },
      "action" : [{
        "id" : "HighRiskReferralGenetic",
        "title" : "Referral for high risk breast specialty evaluation",
        "description" : "Consider referral to breast specialist to discuss primary risk reduction interventions.\n\nThese may include medications to reduce risk (chemoprevention), risk reducing surgery or enhanced surveillance. Women at greater risk, such as those with a genetic marker or syndrome associated with increased risk of breast cancer, may derive more benefit than harm from risk-reducing medications.",
        "documentation" : [{
          "type" : "citation",
          "label" : "USPSTF",
          "display" : "Breast Cancer: Medication Use to Reduce Risk",
          "citation" : "US Preventive Services Task Force. Medication Use to Reduce Risk of Breast Cancer: US Preventive Services Task Force Recommendation Statement. JAMA. 2019;322(9):857–867.",
          "url" : "https://www.uspreventiveservicestaskforce.org/uspstf/recommendation/breast-cancer-medications-for-risk-reduction"
        }],
        "resource" : {
          "reference" : "ServiceRequest/481"
        }
      }]
    }
  },
  {
    "fullUrl" : "http://cancerscreeningcds.github.io/bcsm-cds/ServiceRequest/481",
    "resource" : {
      "resourceType" : "ServiceRequest",
      "id" : "481",
      "text" : {
        "status" : "generated",
        "div" : "<div xmlns=\"http://www.w3.org/1999/xhtml\"><a name=\"ServiceRequest_481\"> </a><p class=\"res-header-id\"><b>Generated Narrative: ServiceRequest 481</b></p><a name=\"481\"> </a><a name=\"hc481\"> </a><a name=\"481-en-US\"> </a><p><b>basedOn</b>: <a href=\"ActivityDefinition-HighRiskSpecialtyReferralRequest.html\">High Risk Specialty Referral Request</a></p><p><b>status</b>: option</p><p><b>intent</b>: Proposal</p><p><b>code</b>: <span title=\"Codes:{http://cancerscreeningcds.github.io/bcsm-cds/CodeSystem/plan-definition-action-code-system highriskreferral}\">High risk referral</span></p><p><b>subject</b>: <a href=\"Bundle-eve-Age45to54_act-acsavgrecs45_act-uspstfavgrecs.html#Patient_defaultPatient\">Jane Doe</a></p><p><b>reasonCode</b>: <span title=\"Codes:{http://cancerscreeningcds.github.io/bcsm-cds/CodeSystem/screening-observation-code-system highfamilialrisk}\">High familial risk</span></p></div>"
      },
      "basedOn" : [{
        "reference" : "http://cancerscreeningcds.github.io/bcsm-cds/ActivityDefinition/HighRiskSpecialtyReferralRequest"
      }],
      "status" : "option",
      "intent" : "proposal",
      "code" : {
        "coding" : [{
          "system" : "http://cancerscreeningcds.github.io/bcsm-cds/CodeSystem/plan-definition-action-code-system",
          "code" : "highriskreferral",
          "display" : "High risk referral"
        }]
      },
      "subject" : {
        "reference" : "Patient/defaultPatient",
        "display" : "Jane Doe"
      },
      "reasonCode" : [{
        "coding" : [{
          "system" : "http://cancerscreeningcds.github.io/bcsm-cds/CodeSystem/screening-observation-code-system",
          "code" : "highfamilialrisk",
          "display" : "High familial risk"
        }]
      }]
    }
  }]
}