{
  "resourceType" : "Bundle",
  "id" : "GeneticRiskReferral_MarionHenderson_avg_45_to_54",
  "type" : "collection",
  "entry" : [{
    "fullUrl" : "http://cancerscreeningcds.github.io/bcsm-cds/CarePlan/382",
    "resource" : {
      "resourceType" : "CarePlan",
      "id" : "382",
      "text" : {
        "status" : "generated",
        "div" : "<div xmlns=\"http://www.w3.org/1999/xhtml\"><a name=\"CarePlan_382\"> </a><p class=\"res-header-id\"><b>Generated Narrative: CarePlan 382</b></p><a name=\"382\"> </a><a name=\"hc382\"> </a><a name=\"382-en-US\"> </a><p><b>instantiatesCanonical</b>: <a href=\"PlanDefinition-flow-GeneticRiskReferral.html\">Genetic Risk Referral</a></p><p><b>status</b>: Draft</p><p><b>intent</b>: Proposal</p><p><b>subject</b>: <a href=\"Bundle-MarionHenderson_avg_45_to_54.html#Patient_MarionHenderson\">Marion77 Henderson15</a></p><p><b>created</b>: 2024-12-10 00:00:00+0000</p><h3>Activities</h3><table class=\"grid\"><tr><td style=\"display: none\">-</td><td><b>Reference</b></td></tr><tr><td style=\"display: none\">*</td><td><a href=\"Bundle-GeneticRiskReferral_MarionHenderson_avg_45_to_54.html#RequestGroup_383\">Bundle: type = collection</a></td></tr></table></div>"
      },
      "instantiatesCanonical" : ["http://cancerscreeningcds.github.io/bcsm-cds/PlanDefinition/flow-GeneticRiskReferral"],
      "status" : "draft",
      "intent" : "proposal",
      "subject" : {
        "reference" : "Patient/MarionHenderson",
        "display" : "Marion77 Henderson15"
      },
      "created" : "2024-12-10T00:00:00.0Z",
      "activity" : [{
        "reference" : {
          "reference" : "RequestGroup/383"
        }
      }]
    }
  },
  {
    "fullUrl" : "http://cancerscreeningcds.github.io/bcsm-cds/RequestGroup/383",
    "resource" : {
      "resourceType" : "RequestGroup",
      "id" : "383",
      "text" : {
        "status" : "generated",
        "div" : "<div xmlns=\"http://www.w3.org/1999/xhtml\"><a name=\"RequestGroup_383\"> </a><p class=\"res-header-id\"><b>Generated Narrative: RequestGroup 383</b></p><a name=\"383\"> </a><a name=\"hc383\"> </a><a name=\"383-en-US\"> </a><p><b>instantiatesCanonical</b>: <a href=\"PlanDefinition-flow-GeneticRiskReferral.html\">Genetic Risk Referral</a></p><p><b>status</b>: Draft</p><p><b>intent</b>: Proposal</p><p><b>subject</b>: <a href=\"Bundle-MarionHenderson_avg_45_to_54.html#Patient_MarionHenderson\">Marion77 Henderson15</a></p></div>"
      },
      "instantiatesCanonical" : ["http://cancerscreeningcds.github.io/bcsm-cds/PlanDefinition/flow-GeneticRiskReferral"],
      "status" : "draft",
      "intent" : "proposal",
      "subject" : {
        "reference" : "Patient/MarionHenderson",
        "display" : "Marion77 Henderson15"
      }
    }
  }]
}