{
  "resourceType" : "Bundle",
  "id" : "eve-breastdensitycord_act-performriskassessment",
  "type" : "collection",
  "entry" : [{
    "resource" : {
      "resourceType" : "Patient",
      "id" : "defaultPatient",
      "text" : {
        "status" : "generated",
        "div" : "<div xmlns=\"http://www.w3.org/1999/xhtml\"><a name=\"Patient_defaultPatient\"> </a><p class=\"res-header-id\"><b>Generated Narrative: Patient defaultPatient</b></p><a name=\"defaultPatient\"> </a><a name=\"hcdefaultPatient\"> </a><a name=\"defaultPatient-en-US\"> </a><p style=\"border: 1px #661aff solid; background-color: #e6e6ff; padding: 10px;\">Jane Doe  Female, DoB: 1981-01-01</p><hr/></div>"
      },
      "name" : [{
        "family" : "Doe",
        "given" : ["Jane"]
      }],
      "gender" : "female",
      "birthDate" : "1981-01-01"
    }
  },
  {
    "resource" : {
      "resourceType" : "DiagnosticReport",
      "id" : "biopsy-report-1",
      "text" : {
        "status" : "generated",
        "div" : "<div xmlns=\"http://www.w3.org/1999/xhtml\"><a name=\"DiagnosticReport_biopsy-report-1\"> </a><p class=\"res-header-id\"><b>Generated Narrative: DiagnosticReport biopsy-report-1</b></p><a name=\"biopsy-report-1\"> </a><a name=\"hcbiopsy-report-1\"> </a><a name=\"biopsy-report-1-en-US\"> </a><h2><span title=\"Codes:{http://loinc.org 10193-1}\">Physical findings of Breasts Narrative</span> </h2><table class=\"grid\"><tr><td>Subject</td><td>Not done yet</td></tr></table><p><b>Report Details</b></p><p><b>Coded Conclusions:</b></p><ul><li><span title=\"Codes:{http://snomed.info/sct 129718006}\">Heterogeneously dense breast composition</span></li></ul></div>"
      },
      "status" : "final",
      "code" : {
        "coding" : [{
          "system" : "http://loinc.org",
          "code" : "10193-1",
          "display" : "Physical findings of Breasts Narrative"
        }]
      },
      "subject" : {
        "reference" : "Patient/defaultPatient"
      },
      "conclusionCode" : [{
        "coding" : [{
          "system" : "http://snomed.info/sct",
          "code" : "129718006",
          "display" : "Heterogeneously dense breast composition"
        }]
      }]
    }
  }]
}