{
  "resourceType" : "Bundle",
  "id" : "HighRiskReferral_JaniceMedford_fdr_breastca_age_45",
  "type" : "collection",
  "entry" : [{
    "fullUrl" : "http://cancerscreeningcds.github.io/bcsm-cds/CarePlan/437",
    "resource" : {
      "resourceType" : "CarePlan",
      "id" : "437",
      "text" : {
        "status" : "generated",
        "div" : "<div xmlns=\"http://www.w3.org/1999/xhtml\"><a name=\"CarePlan_437\"> </a><p class=\"res-header-id\"><b>Generated Narrative: CarePlan 437</b></p><a name=\"437\"> </a><a name=\"hc437\"> </a><a name=\"437-en-US\"> </a><p><b>instantiatesCanonical</b>: <a href=\"PlanDefinition-flow-HighRiskReferral.html\">High Risk Referral</a></p><p><b>status</b>: Draft</p><p><b>intent</b>: Proposal</p><p><b>subject</b>: <a href=\"Bundle-JaniceMedford_fdr_breastca_age_45.html#Patient_JaniceMedford\">Janice32 Medford87</a></p><p><b>created</b>: 2024-12-10 00:00:00+0000</p><h3>Activities</h3><table class=\"grid\"><tr><td style=\"display: none\">-</td><td><b>Reference</b></td></tr><tr><td style=\"display: none\">*</td><td><a href=\"Bundle-HighRiskReferral_JaniceMedford_fdr_breastca_age_45.html#RequestGroup_438\">Bundle: type = collection</a></td></tr></table></div>"
      },
      "instantiatesCanonical" : ["http://cancerscreeningcds.github.io/bcsm-cds/PlanDefinition/flow-HighRiskReferral"],
      "status" : "draft",
      "intent" : "proposal",
      "subject" : {
        "reference" : "Patient/JaniceMedford",
        "display" : "Janice32 Medford87"
      },
      "created" : "2024-12-10T00:00:00.0Z",
      "activity" : [{
        "reference" : {
          "reference" : "RequestGroup/438"
        }
      }]
    }
  },
  {
    "fullUrl" : "http://cancerscreeningcds.github.io/bcsm-cds/RequestGroup/438",
    "resource" : {
      "resourceType" : "RequestGroup",
      "id" : "438",
      "text" : {
        "status" : "generated",
        "div" : "<div xmlns=\"http://www.w3.org/1999/xhtml\"><a name=\"RequestGroup_438\"> </a><p class=\"res-header-id\"><b>Generated Narrative: RequestGroup 438</b></p><a name=\"438\"> </a><a name=\"hc438\"> </a><a name=\"438-en-US\"> </a><p><b>instantiatesCanonical</b>: <a href=\"PlanDefinition-flow-HighRiskReferral.html\">High Risk Referral</a></p><p><b>status</b>: Draft</p><p><b>intent</b>: Proposal</p><p><b>subject</b>: <a href=\"Bundle-JaniceMedford_fdr_breastca_age_45.html#Patient_JaniceMedford\">Janice32 Medford87</a></p><blockquote><p><b>action</b></p><blockquote><p><b>id</b></p>HighRiskAssessment</blockquote><p><b>title</b>: Perform 5 year risk assessment</p><p><b>description</b>: A 5 year risk assessment, either informal or formal using a validated instrument, will help determine if the patient may benefit from referral for high risk breast specialty evaluation.\n\nWomen at higher than average 5 year risk may be candidates for referral to breast specialist to discuss primary risk reduction interventions. These may include medications to reduce risk (chemoprevention), risk reducing surgery or enhanced surveillance.</p><h3>Documentations</h3><table class=\"grid\"><tr><td style=\"display: none\">-</td><td><b>Type</b></td><td><b>Label</b></td><td><b>Display</b></td><td><b>Citation</b></td><td><b>Url</b></td></tr><tr><td style=\"display: none\">*</td><td>Citation</td><td>USPSTF</td><td>Breast Cancer: Medication Use to Reduce Risk</td><td><div><p>US Preventive Services Task Force. Medication Use to Reduce Risk of Breast Cancer: US Preventive Services Task Force Recommendation Statement. JAMA. 2019;322(9):857–867.</p>\n</div></td><td><a href=\"https://www.uspreventiveservicestaskforce.org/uspstf/recommendation/breast-cancer-medications-for-risk-reduction\">https://www.uspreventiveservicestaskforce.org/uspstf/recommendation/breast-cancer-medications-for-risk-reduction</a></td></tr></table><p><b>selectionBehavior</b>: Any</p><blockquote><p><b>action</b></p><blockquote><p><b>id</b></p>5YRiskAssessment</blockquote><p><b>title</b>: Informal 5 year risk assessment</p><p><b>description</b>: Perform assessment based on personal risk factors conferring increased risk of breast cancer.\n\nThese may include: increasing age, younger age at menarche, older age at first live birth, nulliparity/lower parity, number of prior breast biopsies, heterogeneously and/or extremely dense breasts.</p><p><b>resource</b>: <a href=\"Bundle-HighRiskReferral_JaniceMedford_fdr_breastca_age_45.html#ServiceRequest_439\">Bundle: type = collection</a></p></blockquote><blockquote><p><b>action</b></p><blockquote><p><b>id</b></p>5YRiskAssessmentTool</blockquote><p><b>title</b>: 5 year risk assessment instrument</p><p><b>description</b>: The NCI Breast Cancer Risk Assessment Tool and the Breast Cancer Surveillance Consortium Risk Calculator are based on models tested in US populations and are publicly available for clinicians and patients to use.</p><h3>Documentations</h3><table class=\"grid\"><tr><td style=\"display: none\">-</td><td><b>Type</b></td><td><b>Label</b></td><td><b>Display</b></td><td><b>Url</b></td></tr><tr><td style=\"display: none\">*</td><td>Documentation</td><td>NCI Breast Cancer Risk Assessment Tool</td><td>National Cancer Institute (NCI) Breast Cancer Risk Assessment Tool</td><td><a href=\"https://bcrisktool.cancer.gov/\">https://bcrisktool.cancer.gov/</a></td></tr><tr><td style=\"display: none\">*</td><td>Documentation</td><td>BCSC Risk Calculator</td><td>Breast Cancer Surveillance Consortium (BCSC) Risk Calculator</td><td><a href=\"https://tools.bcsc-scc.ucdavis.edu/BC5yearRisk\">https://tools.bcsc-scc.ucdavis.edu/BC5yearRisk</a></td></tr></table><p><b>resource</b>: <a href=\"Bundle-HighRiskReferral_JaniceMedford_fdr_breastca_age_45.html#ServiceRequest_440\">Bundle: type = collection</a></p></blockquote></blockquote></div>"
      },
      "instantiatesCanonical" : ["http://cancerscreeningcds.github.io/bcsm-cds/PlanDefinition/flow-HighRiskReferral"],
      "status" : "draft",
      "intent" : "proposal",
      "subject" : {
        "reference" : "Patient/JaniceMedford",
        "display" : "Janice32 Medford87"
      },
      "action" : [{
        "id" : "HighRiskAssessment",
        "title" : "Perform 5 year risk assessment",
        "description" : "A 5 year risk assessment, either informal or formal using a validated instrument, will help determine if the patient may benefit from referral for high risk breast specialty evaluation.\n\nWomen at higher than average 5 year risk may be candidates for referral to breast specialist to discuss primary risk reduction interventions. These may include medications to reduce risk (chemoprevention), risk reducing surgery or enhanced surveillance.",
        "documentation" : [{
          "type" : "citation",
          "label" : "USPSTF",
          "display" : "Breast Cancer: Medication Use to Reduce Risk",
          "citation" : "US Preventive Services Task Force. Medication Use to Reduce Risk of Breast Cancer: US Preventive Services Task Force Recommendation Statement. JAMA. 2019;322(9):857–867.",
          "url" : "https://www.uspreventiveservicestaskforce.org/uspstf/recommendation/breast-cancer-medications-for-risk-reduction"
        }],
        "selectionBehavior" : "any",
        "action" : [{
          "id" : "5YRiskAssessment",
          "title" : "Informal 5 year risk assessment",
          "description" : "Perform assessment based on personal risk factors conferring increased risk of breast cancer.\n\nThese may include: increasing age, younger age at menarche, older age at first live birth, nulliparity/lower parity, number of prior breast biopsies, heterogeneously and/or extremely dense breasts.",
          "resource" : {
            "reference" : "ServiceRequest/439"
          }
        },
        {
          "id" : "5YRiskAssessmentTool",
          "title" : "5 year risk assessment instrument",
          "description" : "The NCI Breast Cancer Risk Assessment Tool and the Breast Cancer Surveillance Consortium Risk Calculator are based on models tested in US populations and are publicly available for clinicians and patients to use.",
          "documentation" : [{
            "type" : "documentation",
            "label" : "NCI Breast Cancer Risk Assessment Tool",
            "display" : "National Cancer Institute (NCI) Breast Cancer Risk Assessment Tool",
            "url" : "https://bcrisktool.cancer.gov/"
          },
          {
            "type" : "documentation",
            "label" : "BCSC Risk Calculator",
            "display" : "Breast Cancer Surveillance Consortium (BCSC) Risk Calculator",
            "url" : "https://tools.bcsc-scc.ucdavis.edu/BC5yearRisk"
          }],
          "resource" : {
            "reference" : "ServiceRequest/440"
          }
        }]
      }]
    }
  },
  {
    "fullUrl" : "http://cancerscreeningcds.github.io/bcsm-cds/ServiceRequest/439",
    "resource" : {
      "resourceType" : "ServiceRequest",
      "id" : "439",
      "text" : {
        "status" : "generated",
        "div" : "<div xmlns=\"http://www.w3.org/1999/xhtml\"><a name=\"ServiceRequest_439\"> </a><p class=\"res-header-id\"><b>Generated Narrative: ServiceRequest 439</b></p><a name=\"439\"> </a><a name=\"hc439\"> </a><a name=\"439-en-US\"> </a><p><b>basedOn</b>: <a href=\"ActivityDefinition-5YearRiskAssessmentRequest.html\">5 Year Risk Assessment Request</a></p><p><b>status</b>: option</p><p><b>intent</b>: Proposal</p><p><b>code</b>: <span title=\"Codes:{http://cancerscreeningcds.github.io/bcsm-cds/CodeSystem/plan-definition-action-code-system 5YRiskAssess}\">Perform informal 5 year risk assessment</span></p><p><b>subject</b>: <a href=\"Bundle-JaniceMedford_fdr_breastca_age_45.html#Patient_JaniceMedford\">Janice32 Medford87</a></p><p><b>reasonCode</b>: <span title=\"Codes:{http://cancerscreeningcds.github.io/bcsm-cds/CodeSystem/screening-observation-code-system riskfactors}\">Personal or family history risk factors</span></p></div>"
      },
      "basedOn" : [{
        "reference" : "http://cancerscreeningcds.github.io/bcsm-cds/ActivityDefinition/5YearRiskAssessmentRequest"
      }],
      "status" : "option",
      "intent" : "proposal",
      "code" : {
        "coding" : [{
          "system" : "http://cancerscreeningcds.github.io/bcsm-cds/CodeSystem/plan-definition-action-code-system",
          "code" : "5YRiskAssess",
          "display" : "Perform informal 5 year risk assessment"
        }]
      },
      "subject" : {
        "reference" : "Patient/JaniceMedford",
        "display" : "Janice32 Medford87"
      },
      "reasonCode" : [{
        "coding" : [{
          "system" : "http://cancerscreeningcds.github.io/bcsm-cds/CodeSystem/screening-observation-code-system",
          "code" : "riskfactors",
          "display" : "Personal or family history risk factors"
        }]
      }]
    }
  },
  {
    "fullUrl" : "http://cancerscreeningcds.github.io/bcsm-cds/ServiceRequest/440",
    "resource" : {
      "resourceType" : "ServiceRequest",
      "id" : "440",
      "text" : {
        "status" : "generated",
        "div" : "<div xmlns=\"http://www.w3.org/1999/xhtml\"><a name=\"ServiceRequest_440\"> </a><p class=\"res-header-id\"><b>Generated Narrative: ServiceRequest 440</b></p><a name=\"440\"> </a><a name=\"hc440\"> </a><a name=\"440-en-US\"> </a><p><b>basedOn</b>: <a href=\"ActivityDefinition-5YearRiskAssessmentRequest.html\">5 Year Risk Assessment Request</a></p><p><b>status</b>: option</p><p><b>intent</b>: Proposal</p><p><b>code</b>: <span title=\"Codes:{http://cancerscreeningcds.github.io/bcsm-cds/CodeSystem/plan-definition-action-code-system 5yrisktool}\">5 year risk assessment tool</span></p><p><b>subject</b>: <a href=\"Bundle-JaniceMedford_fdr_breastca_age_45.html#Patient_JaniceMedford\">Janice32 Medford87</a></p><p><b>reasonCode</b>: <span title=\"Codes:{http://cancerscreeningcds.github.io/bcsm-cds/CodeSystem/screening-observation-code-system riskfactors}\">Personal or family history risk factors</span></p></div>"
      },
      "basedOn" : [{
        "reference" : "http://cancerscreeningcds.github.io/bcsm-cds/ActivityDefinition/5YearRiskAssessmentRequest"
      }],
      "status" : "option",
      "intent" : "proposal",
      "code" : {
        "coding" : [{
          "system" : "http://cancerscreeningcds.github.io/bcsm-cds/CodeSystem/plan-definition-action-code-system",
          "code" : "5yrisktool",
          "display" : "5 year risk assessment tool"
        }]
      },
      "subject" : {
        "reference" : "Patient/JaniceMedford",
        "display" : "Janice32 Medford87"
      },
      "reasonCode" : [{
        "coding" : [{
          "system" : "http://cancerscreeningcds.github.io/bcsm-cds/CodeSystem/screening-observation-code-system",
          "code" : "riskfactors",
          "display" : "Personal or family history risk factors"
        }]
      }]
    }
  }]
}