{
  "resourceType" : "Bundle",
  "id" : "eve-AgeOver54_act-acsavgrecs55-uspstfavgrecs",
  "type" : "collection",
  "entry" : [{
    "resource" : {
      "resourceType" : "Patient",
      "id" : "defaultPatient",
      "text" : {
        "status" : "generated",
        "div" : "<div xmlns=\"http://www.w3.org/1999/xhtml\"><a name=\"Patient_defaultPatient\"> </a><p class=\"res-header-id\"><b>Generated Narrative: Patient defaultPatient</b></p><a name=\"defaultPatient\"> </a><a name=\"hcdefaultPatient\"> </a><a name=\"defaultPatient-en-US\"> </a><p style=\"border: 1px #661aff solid; background-color: #e6e6ff; padding: 10px;\">Jane Doe  Female, DoB: 1966-01-01</p><hr/></div>"
      },
      "name" : [{
        "family" : "Doe",
        "given" : ["Jane"]
      }],
      "gender" : "female",
      "birthDate" : "1966-01-01"
    }
  },
  {
    "resource" : {
      "resourceType" : "DiagnosticReport",
      "id" : "56e80dc6-70bc-429d-8bfb-fb72c7faae6b",
      "text" : {
        "status" : "generated",
        "div" : "<div xmlns=\"http://www.w3.org/1999/xhtml\"><a name=\"DiagnosticReport_56e80dc6-70bc-429d-8bfb-fb72c7faae6b\"> </a><p class=\"res-header-id\"><b>Generated Narrative: DiagnosticReport 56e80dc6-70bc-429d-8bfb-fb72c7faae6b</b></p><a name=\"56e80dc6-70bc-429d-8bfb-fb72c7faae6b\"> </a><a name=\"hc56e80dc6-70bc-429d-8bfb-fb72c7faae6b\"> </a><a name=\"56e80dc6-70bc-429d-8bfb-fb72c7faae6b-en-US\"> </a><h2><span title=\"Codes:{http://loinc.org 24606-6}\">MG Breast Screening</span> (<span title=\"Codes:{http://terminology.hl7.org/CodeSystem/v2-0074 RAD}\">Radiology</span>) </h2><table class=\"grid\"><tr><td>Subject</td><td>Not done yet</td></tr><tr><td>When For</td><td>2024-10-01 10:00:00+0000</td></tr><tr><td>Reported</td><td>2024-10-02 15:00:00+0000</td></tr></table><p><b>Report Details</b></p></div>"
      },
      "status" : "final",
      "category" : [{
        "coding" : [{
          "system" : "http://terminology.hl7.org/CodeSystem/v2-0074",
          "code" : "RAD",
          "display" : "Radiology"
        }]
      }],
      "code" : {
        "coding" : [{
          "system" : "http://loinc.org",
          "code" : "24606-6",
          "display" : "MG Breast Screening"
        }]
      },
      "subject" : {
        "reference" : "Patient/defaultPatient"
      },
      "effectiveDateTime" : "2024-10-01T10:00:00.000Z",
      "issued" : "2024-10-02T15:00:00.000Z"
    }
  }]
}