{
  "resourceType" : "Bundle",
  "id" : "eve-fhxbrcarisk_eve-acs_act-performriskassessment",
  "type" : "collection",
  "entry" : [{
    "resource" : {
      "resourceType" : "Patient",
      "id" : "defaultPatient",
      "text" : {
        "status" : "generated",
        "div" : "<div xmlns=\"http://www.w3.org/1999/xhtml\"><a name=\"Patient_defaultPatient\"> </a><p class=\"res-header-id\"><b>Generated Narrative: Patient defaultPatient</b></p><a name=\"defaultPatient\"> </a><a name=\"hcdefaultPatient\"> </a><a name=\"defaultPatient-en-US\"> </a><p style=\"border: 1px #661aff solid; background-color: #e6e6ff; padding: 10px;\">Jane Doe  Female, DoB: 1981-01-01</p><hr/></div>"
      },
      "name" : [{
        "family" : "Doe",
        "given" : ["Jane"]
      }],
      "gender" : "female",
      "birthDate" : "1981-01-01"
    }
  },
  {
    "resource" : {
      "resourceType" : "Observation",
      "id" : "c07c4cf5-29d7-4b7d-868f-d581f98da804",
      "text" : {
        "status" : "generated",
        "div" : "<div xmlns=\"http://www.w3.org/1999/xhtml\"><a name=\"Observation_c07c4cf5-29d7-4b7d-868f-d581f98da804\"> </a><p class=\"res-header-id\"><b>Generated Narrative: Observation c07c4cf5-29d7-4b7d-868f-d581f98da804</b></p><a name=\"c07c4cf5-29d7-4b7d-868f-d581f98da804\"> </a><a name=\"hcc07c4cf5-29d7-4b7d-868f-d581f98da804\"> </a><a name=\"c07c4cf5-29d7-4b7d-868f-d581f98da804-en-US\"> </a><p><b>status</b>: Final</p><p><b>code</b>: <span title=\"Codes:{http://cancerscreeningcds.github.io/bcsm-cds/CodeSystem/plan-definition-action-code-system familialriskassessment}\">Familial risk assessment</span></p><p><b>subject</b>: <a href=\"Bundle-eve-Age45to54_act-acsavgrecs45_act-uspstfavgrecs.html#Patient_defaultPatient\">Bundle: type = collection</a></p><p><b>effective</b>: 2024-11-10 00:00:00+0000</p><p><b>value</b>: true</p></div>"
      },
      "status" : "final",
      "code" : {
        "coding" : [{
          "system" : "http://cancerscreeningcds.github.io/bcsm-cds/CodeSystem/plan-definition-action-code-system",
          "code" : "familialriskassessment",
          "display" : "Familial risk assessment"
        }]
      },
      "subject" : {
        "reference" : "Patient/defaultPatient"
      },
      "effectiveDateTime" : "2024-11-10T00:00:00.0Z",
      "valueBoolean" : true
    }
  }]
}