{
  "resourceType" : "Bundle",
  "id" : "exc-hxbrca",
  "type" : "collection",
  "entry" : [{
    "resource" : {
      "resourceType" : "Patient",
      "id" : "abb17029-d87b-49b0-a5cb-724b4b4705b9",
      "text" : {
        "status" : "generated",
        "div" : "<div xmlns=\"http://www.w3.org/1999/xhtml\"><a name=\"Patient_abb17029-d87b-49b0-a5cb-724b4b4705b9\"> </a><p class=\"res-header-id\"><b>Generated Narrative: Patient abb17029-d87b-49b0-a5cb-724b4b4705b9</b></p><a name=\"abb17029-d87b-49b0-a5cb-724b4b4705b9\"> </a><a name=\"hcabb17029-d87b-49b0-a5cb-724b4b4705b9\"> </a><a name=\"abb17029-d87b-49b0-a5cb-724b4b4705b9-en-US\"> </a><p style=\"border: 1px #661aff solid; background-color: #e6e6ff; padding: 10px;\">Jane Doe  Female, DoB: 1980-01-01</p><hr/></div>"
      },
      "name" : [{
        "family" : "Doe",
        "given" : ["Jane"]
      }],
      "gender" : "female",
      "birthDate" : "1980-01-01"
    }
  },
  {
    "resource" : {
      "resourceType" : "Condition",
      "id" : "invasive-breast-cancer",
      "text" : {
        "status" : "generated",
        "div" : "<div xmlns=\"http://www.w3.org/1999/xhtml\"><a name=\"Condition_invasive-breast-cancer\"> </a><p class=\"res-header-id\"><b>Generated Narrative: Condition invasive-breast-cancer</b></p><a name=\"invasive-breast-cancer\"> </a><a name=\"hcinvasive-breast-cancer\"> </a><a name=\"invasive-breast-cancer-en-US\"> </a><p><b>clinicalStatus</b>: <span title=\"Codes:{http://terminology.hl7.org/CodeSystem/condition-clinical inactive}\">Inactive</span></p><p><b>verificationStatus</b>: <span title=\"Codes:{http://terminology.hl7.org/CodeSystem/condition-ver-status confirmed}\">Confirmed</span></p><p><b>category</b>: <span title=\"Codes:{http://terminology.hl7.org/CodeSystem/condition-category problem-list-item}\">Problem List Item</span></p><p><b>code</b>: <span title=\"Codes:{http://snomed.info/sct 254837009}\">Malignant neoplasm of breast (disorder)</span></p><p><b>subject</b>: <a href=\"Bundle-exc-hxbrca.html#Patient_abb17029-d87b-49b0-a5cb-724b4b4705b9\">Bundle: type = collection</a></p><p><b>onset</b>: 2019-05-16</p></div>"
      },
      "clinicalStatus" : {
        "coding" : [{
          "system" : "http://terminology.hl7.org/CodeSystem/condition-clinical",
          "code" : "inactive",
          "display" : "Inactive"
        }]
      },
      "verificationStatus" : {
        "coding" : [{
          "system" : "http://terminology.hl7.org/CodeSystem/condition-ver-status",
          "code" : "confirmed",
          "display" : "Confirmed"
        }]
      },
      "category" : [{
        "coding" : [{
          "system" : "http://terminology.hl7.org/CodeSystem/condition-category",
          "code" : "problem-list-item",
          "display" : "Problem List Item"
        }]
      }],
      "code" : {
        "coding" : [{
          "system" : "http://snomed.info/sct",
          "code" : "254837009",
          "display" : "Malignant neoplasm of breast (disorder)"
        }],
        "text" : "Malignant neoplasm of breast (disorder)"
      },
      "subject" : {
        "reference" : "Patient/abb17029-d87b-49b0-a5cb-724b4b4705b9"
      },
      "onsetDateTime" : "2019-05-16"
    }
  }]
}