{
  "resourceType" : "Bundle",
  "id" : "HighRiskExclusions_act-noexclusions",
  "type" : "collection",
  "entry" : [{
    "fullUrl" : "http://cancerscreeningcds.github.io/bcsm-cds/CarePlan/417",
    "resource" : {
      "resourceType" : "CarePlan",
      "id" : "417",
      "text" : {
        "status" : "generated",
        "div" : "<div xmlns=\"http://www.w3.org/1999/xhtml\"><a name=\"CarePlan_417\"> </a><p class=\"res-header-id\"><b>Generated Narrative: CarePlan 417</b></p><a name=\"417\"> </a><a name=\"hc417\"> </a><a name=\"417-en-US\"> </a><p><b>instantiatesCanonical</b>: <a href=\"PlanDefinition-flow-HighRiskExclusions.html\">High Risk Exclusions</a></p><p><b>status</b>: Draft</p><p><b>intent</b>: Proposal</p><p><b>subject</b>: <a href=\"Bundle-eve-Age45to54_act-acsavgrecs45_act-uspstfavgrecs.html#Patient_defaultPatient\">Jane Doe</a></p><p><b>created</b>: 2024-12-10 00:00:00+0000</p><h3>Activities</h3><table class=\"grid\"><tr><td style=\"display: none\">-</td><td><b>Reference</b></td></tr><tr><td style=\"display: none\">*</td><td><a href=\"Bundle-HighRiskExclusions_act-noexclusions.html#RequestGroup_418\">Bundle: type = collection</a></td></tr></table></div>"
      },
      "instantiatesCanonical" : ["http://cancerscreeningcds.github.io/bcsm-cds/PlanDefinition/flow-HighRiskExclusions"],
      "status" : "draft",
      "intent" : "proposal",
      "subject" : {
        "reference" : "Patient/defaultPatient",
        "display" : "Jane Doe"
      },
      "created" : "2024-12-10T00:00:00.0Z",
      "activity" : [{
        "reference" : {
          "reference" : "RequestGroup/418"
        }
      }]
    }
  },
  {
    "fullUrl" : "http://cancerscreeningcds.github.io/bcsm-cds/RequestGroup/418",
    "resource" : {
      "resourceType" : "RequestGroup",
      "id" : "418",
      "text" : {
        "status" : "generated",
        "div" : "<div xmlns=\"http://www.w3.org/1999/xhtml\"><a name=\"RequestGroup_418\"> </a><p class=\"res-header-id\"><b>Generated Narrative: RequestGroup 418</b></p><a name=\"418\"> </a><a name=\"hc418\"> </a><a name=\"418-en-US\"> </a><p><b>instantiatesCanonical</b>: <a href=\"PlanDefinition-flow-HighRiskExclusions.html\">High Risk Exclusions</a></p><p><b>status</b>: Draft</p><p><b>intent</b>: Proposal</p><p><b>subject</b>: <a href=\"Bundle-eve-Age45to54_act-acsavgrecs45_act-uspstfavgrecs.html#Patient_defaultPatient\">Jane Doe</a></p></div>"
      },
      "instantiatesCanonical" : ["http://cancerscreeningcds.github.io/bcsm-cds/PlanDefinition/flow-HighRiskExclusions"],
      "status" : "draft",
      "intent" : "proposal",
      "subject" : {
        "reference" : "Patient/defaultPatient",
        "display" : "Jane Doe"
      }
    }
  }]
}