{
  "resourceType" : "Bundle",
  "id" : "FollowupScreeningResult_eve-biopsyresult_negative_act-updateduedate",
  "type" : "collection",
  "entry" : [{
    "fullUrl" : "http://cancerscreeningcds.github.io/bcsm-cds/CarePlan/350",
    "resource" : {
      "resourceType" : "CarePlan",
      "id" : "350",
      "text" : {
        "status" : "generated",
        "div" : "<div xmlns=\"http://www.w3.org/1999/xhtml\"><a name=\"CarePlan_350\"> </a><p class=\"res-header-id\"><b>Generated Narrative: CarePlan 350</b></p><a name=\"350\"> </a><a name=\"hc350\"> </a><a name=\"350-en-US\"> </a><p><b>instantiatesCanonical</b>: <a href=\"PlanDefinition-flow-FollowupScreeningResult.html\">Followup Screening Result</a></p><p><b>status</b>: Draft</p><p><b>intent</b>: Proposal</p><p><b>subject</b>: <a href=\"Bundle-eve-Age45to54_act-acsavgrecs45_act-uspstfavgrecs.html#Patient_defaultPatient\">Jane Doe</a></p><p><b>created</b>: 2024-12-10 00:00:00+0000</p><h3>Activities</h3><table class=\"grid\"><tr><td style=\"display: none\">-</td><td><b>Reference</b></td></tr><tr><td style=\"display: none\">*</td><td><a href=\"Bundle-FollowupScreeningResult_eve-biopsyresult_negative_act-updateduedate.html#RequestGroup_351\">Bundle: type = collection</a></td></tr></table></div>"
      },
      "instantiatesCanonical" : ["http://cancerscreeningcds.github.io/bcsm-cds/PlanDefinition/flow-FollowupScreeningResult"],
      "status" : "draft",
      "intent" : "proposal",
      "subject" : {
        "reference" : "Patient/defaultPatient",
        "display" : "Jane Doe"
      },
      "created" : "2024-12-10T00:00:00.0Z",
      "activity" : [{
        "reference" : {
          "reference" : "RequestGroup/351"
        }
      }]
    }
  },
  {
    "fullUrl" : "http://cancerscreeningcds.github.io/bcsm-cds/RequestGroup/351",
    "resource" : {
      "resourceType" : "RequestGroup",
      "id" : "351",
      "text" : {
        "status" : "generated",
        "div" : "<div xmlns=\"http://www.w3.org/1999/xhtml\"><a name=\"RequestGroup_351\"> </a><p class=\"res-header-id\"><b>Generated Narrative: RequestGroup 351</b></p><a name=\"351\"> </a><a name=\"hc351\"> </a><a name=\"351-en-US\"> </a><p><b>instantiatesCanonical</b>: <a href=\"PlanDefinition-flow-FollowupScreeningResult.html\">Followup Screening Result</a></p><p><b>status</b>: Draft</p><p><b>intent</b>: Proposal</p><p><b>subject</b>: <a href=\"Bundle-eve-Age45to54_act-acsavgrecs45_act-uspstfavgrecs.html#Patient_defaultPatient\">Jane Doe</a></p></div>"
      },
      "instantiatesCanonical" : ["http://cancerscreeningcds.github.io/bcsm-cds/PlanDefinition/flow-FollowupScreeningResult"],
      "status" : "draft",
      "intent" : "proposal",
      "subject" : {
        "reference" : "Patient/defaultPatient",
        "display" : "Jane Doe"
      }
    }
  }]
}