{
  "resourceType" : "Bundle",
  "id" : "act-sdmcontinuelifexp__end-decisionspecialpop",
  "type" : "collection",
  "entry" : [{
    "resource" : {
      "resourceType" : "Patient",
      "id" : "defaultPatient",
      "text" : {
        "status" : "generated",
        "div" : "<div xmlns=\"http://www.w3.org/1999/xhtml\"><a name=\"Patient_defaultPatient\"> </a><p class=\"res-header-id\"><b>Generated Narrative: Patient defaultPatient</b></p><a name=\"defaultPatient\"> </a><a name=\"hcdefaultPatient\"> </a><a name=\"defaultPatient-en-US\"> </a><p style=\"border: 1px #661aff solid; background-color: #e6e6ff; padding: 10px;\">Jane Doe  Female, DoB: 1981-01-01</p><hr/></div>"
      },
      "name" : [{
        "family" : "Doe",
        "given" : ["Jane"]
      }],
      "gender" : "female",
      "birthDate" : "1981-01-01"
    }
  },
  {
    "resource" : {
      "resourceType" : "Observation",
      "id" : "54aa7786-5742-4997-930a-09145c0549eb",
      "text" : {
        "status" : "generated",
        "div" : "<div xmlns=\"http://www.w3.org/1999/xhtml\"><a name=\"Observation_54aa7786-5742-4997-930a-09145c0549eb\"> </a><p class=\"res-header-id\"><b>Generated Narrative: Observation 54aa7786-5742-4997-930a-09145c0549eb</b></p><a name=\"54aa7786-5742-4997-930a-09145c0549eb\"> </a><a name=\"hc54aa7786-5742-4997-930a-09145c0549eb\"> </a><a name=\"54aa7786-5742-4997-930a-09145c0549eb-en-US\"> </a><p><b>status</b>: Final</p><p><b>code</b>: <span title=\"Codes:{http://cancerscreeningcds.github.io/bcsm-cds/CodeSystem/screening-observation-code-system lifeexp}\">Reduced life expectancy indicator</span></p><p><b>subject</b>: <a href=\"Bundle-eve-Age45to54_act-acsavgrecs45_act-uspstfavgrecs.html#Patient_defaultPatient\">Bundle: type = collection</a></p><p><b>effective</b>: 2024-12-10 00:00:00+0000</p><p><b>value</b>: true</p></div>"
      },
      "status" : "final",
      "code" : {
        "coding" : [{
          "system" : "http://cancerscreeningcds.github.io/bcsm-cds/CodeSystem/screening-observation-code-system",
          "code" : "lifeexp",
          "display" : "Reduced life expectancy indicator"
        }]
      },
      "subject" : {
        "reference" : "Patient/defaultPatient"
      },
      "effectiveDateTime" : "2024-12-10T00:00:00.0Z",
      "valueBoolean" : true
    }
  },
  {
    "resource" : {
      "resourceType" : "Observation",
      "id" : "f7219264-2cec-43da-a2f5-1cfb0db0307f",
      "text" : {
        "status" : "generated",
        "div" : "<div xmlns=\"http://www.w3.org/1999/xhtml\"><a name=\"Observation_f7219264-2cec-43da-a2f5-1cfb0db0307f\"> </a><p class=\"res-header-id\"><b>Generated Narrative: Observation f7219264-2cec-43da-a2f5-1cfb0db0307f</b></p><a name=\"f7219264-2cec-43da-a2f5-1cfb0db0307f\"> </a><a name=\"hcf7219264-2cec-43da-a2f5-1cfb0db0307f\"> </a><a name=\"f7219264-2cec-43da-a2f5-1cfb0db0307f-en-US\"> </a><p><b>status</b>: Final</p><p><b>code</b>: <span title=\"Codes:{http://cancerscreeningcds.github.io/bcsm-cds/CodeSystem/plan-definition-action-code-system lifetimeriskassessment}\">Lifetime risk assessment</span></p><p><b>subject</b>: <a href=\"Bundle-eve-Age45to54_act-acsavgrecs45_act-uspstfavgrecs.html#Patient_defaultPatient\">Bundle: type = collection</a></p><p><b>effective</b>: 2024-11-10 00:00:00+0000</p><p><b>value</b>: 21<span style=\"background: LightGoldenRodYellow\"> (Details: [not stated]  code% = '%')</span></p></div>"
      },
      "status" : "final",
      "code" : {
        "coding" : [{
          "system" : "http://cancerscreeningcds.github.io/bcsm-cds/CodeSystem/plan-definition-action-code-system",
          "code" : "lifetimeriskassessment",
          "display" : "Lifetime risk assessment"
        }]
      },
      "subject" : {
        "reference" : "Patient/defaultPatient"
      },
      "effectiveDateTime" : "2024-11-10T00:00:00.0Z",
      "valueQuantity" : {
        "value" : 21,
        "code" : "%"
      }
    }
  }]
}