{
  "resourceType" : "Bundle",
  "id" : "eve-fhxgeneinherited_no_eve-brcageneancestry_yes_act-geneticreferral",
  "type" : "collection",
  "entry" : [{
    "resource" : {
      "resourceType" : "Patient",
      "id" : "defaultPatient",
      "text" : {
        "status" : "generated",
        "div" : "<div xmlns=\"http://www.w3.org/1999/xhtml\"><a name=\"Patient_defaultPatient\"> </a><p class=\"res-header-id\"><b>Generated Narrative: Patient defaultPatient</b></p><a name=\"defaultPatient\"> </a><a name=\"hcdefaultPatient\"> </a><a name=\"defaultPatient-en-US\"> </a><p style=\"border: 1px #661aff solid; background-color: #e6e6ff; padding: 10px;\">Jane Doe  Female, DoB: 1981-01-01</p><hr/></div>"
      },
      "name" : [{
        "family" : "Doe",
        "given" : ["Jane"]
      }],
      "gender" : "female",
      "birthDate" : "1981-01-01"
    }
  },
  {
    "resource" : {
      "resourceType" : "Observation",
      "id" : "f01a00f0-f340-48fc-a3ce-cb917afa0203",
      "text" : {
        "status" : "generated",
        "div" : "<div xmlns=\"http://www.w3.org/1999/xhtml\"><a name=\"Observation_f01a00f0-f340-48fc-a3ce-cb917afa0203\"> </a><p class=\"res-header-id\"><b>Generated Narrative: Observation f01a00f0-f340-48fc-a3ce-cb917afa0203</b></p><a name=\"f01a00f0-f340-48fc-a3ce-cb917afa0203\"> </a><a name=\"hcf01a00f0-f340-48fc-a3ce-cb917afa0203\"> </a><a name=\"f01a00f0-f340-48fc-a3ce-cb917afa0203-en-US\"> </a><p><b>status</b>: Final</p><p><b>code</b>: <span title=\"Codes:{http://cancerscreeningcds.github.io/bcsm-cds/CodeSystem/screening-observation-code-system brcageneancestry}\">Ancestry associated with BRCA1/2 gene mutations</span></p><p><b>subject</b>: <a href=\"Bundle-eve-Age45to54_act-acsavgrecs45_act-uspstfavgrecs.html#Patient_defaultPatient\">Bundle: type = collection</a></p><p><b>effective</b>: 2024-11-10 00:00:00+0000</p><p><b>value</b>: true</p></div>"
      },
      "status" : "final",
      "code" : {
        "coding" : [{
          "system" : "http://cancerscreeningcds.github.io/bcsm-cds/CodeSystem/screening-observation-code-system",
          "code" : "brcageneancestry",
          "display" : "Ancestry associated with BRCA1/2 gene mutations"
        }]
      },
      "subject" : {
        "reference" : "Patient/defaultPatient"
      },
      "effectiveDateTime" : "2024-11-10T00:00:00.0Z",
      "valueBoolean" : true
    }
  }]
}