{
  "resourceType" : "Bundle",
  "id" : "GeneticRiskReferral_JosephineGreene-past-breast-pain-adh-biopsy",
  "type" : "collection",
  "entry" : [{
    "fullUrl" : "http://cancerscreeningcds.github.io/bcsm-cds/CarePlan/376",
    "resource" : {
      "resourceType" : "CarePlan",
      "id" : "376",
      "text" : {
        "status" : "generated",
        "div" : "<div xmlns=\"http://www.w3.org/1999/xhtml\"><a name=\"CarePlan_376\"> </a><p class=\"res-header-id\"><b>Generated Narrative: CarePlan 376</b></p><a name=\"376\"> </a><a name=\"hc376\"> </a><a name=\"376-en-US\"> </a><p><b>instantiatesCanonical</b>: <a href=\"PlanDefinition-flow-GeneticRiskReferral.html\">Genetic Risk Referral</a></p><p><b>status</b>: Draft</p><p><b>intent</b>: Proposal</p><p><b>subject</b>: <a href=\"Bundle-JosephineGreene-past-breast-pain-adh-biopsy.html#Patient_JosephineGreene\">Josephine38 Greene57</a></p><p><b>created</b>: 2024-12-10 00:00:00+0000</p><h3>Activities</h3><table class=\"grid\"><tr><td style=\"display: none\">-</td><td><b>Reference</b></td></tr><tr><td style=\"display: none\">*</td><td><a href=\"Bundle-GeneticRiskReferral_JosephineGreene-past-breast-pain-adh-biopsy.html#RequestGroup_377\">Bundle: type = collection</a></td></tr></table></div>"
      },
      "instantiatesCanonical" : ["http://cancerscreeningcds.github.io/bcsm-cds/PlanDefinition/flow-GeneticRiskReferral"],
      "status" : "draft",
      "intent" : "proposal",
      "subject" : {
        "reference" : "Patient/JosephineGreene",
        "display" : "Josephine38 Greene57"
      },
      "created" : "2024-12-10T00:00:00.0Z",
      "activity" : [{
        "reference" : {
          "reference" : "RequestGroup/377"
        }
      }]
    }
  },
  {
    "fullUrl" : "http://cancerscreeningcds.github.io/bcsm-cds/RequestGroup/377",
    "resource" : {
      "resourceType" : "RequestGroup",
      "id" : "377",
      "text" : {
        "status" : "generated",
        "div" : "<div xmlns=\"http://www.w3.org/1999/xhtml\"><a name=\"RequestGroup_377\"> </a><p class=\"res-header-id\"><b>Generated Narrative: RequestGroup 377</b></p><a name=\"377\"> </a><a name=\"hc377\"> </a><a name=\"377-en-US\"> </a><p><b>instantiatesCanonical</b>: <a href=\"PlanDefinition-flow-GeneticRiskReferral.html\">Genetic Risk Referral</a></p><p><b>status</b>: Draft</p><p><b>intent</b>: Proposal</p><p><b>subject</b>: <a href=\"Bundle-JosephineGreene-past-breast-pain-adh-biopsy.html#Patient_JosephineGreene\">Josephine38 Greene57</a></p></div>"
      },
      "instantiatesCanonical" : ["http://cancerscreeningcds.github.io/bcsm-cds/PlanDefinition/flow-GeneticRiskReferral"],
      "status" : "draft",
      "intent" : "proposal",
      "subject" : {
        "reference" : "Patient/JosephineGreene",
        "display" : "Josephine38 Greene57"
      }
    }
  }]
}