{
  "resourceType" : "Bundle",
  "id" : "eve-chestxrtpop__act-HighRiskReferral",
  "type" : "collection",
  "entry" : [{
    "resource" : {
      "resourceType" : "Patient",
      "id" : "defaultPatient",
      "text" : {
        "status" : "generated",
        "div" : "<div xmlns=\"http://www.w3.org/1999/xhtml\"><a name=\"Patient_defaultPatient\"> </a><p class=\"res-header-id\"><b>Generated Narrative: Patient defaultPatient</b></p><a name=\"defaultPatient\"> </a><a name=\"hcdefaultPatient\"> </a><a name=\"defaultPatient-en-US\"> </a><p style=\"border: 1px #661aff solid; background-color: #e6e6ff; padding: 10px;\">Jane Doe  Female, DoB: 1981-01-01</p><hr/></div>"
      },
      "name" : [{
        "family" : "Doe",
        "given" : ["Jane"]
      }],
      "gender" : "female",
      "birthDate" : "1981-01-01"
    }
  },
  {
    "resource" : {
      "resourceType" : "Condition",
      "id" : "c9e5273f-e762-45d3-a2f9-c672417ea462",
      "text" : {
        "status" : "generated",
        "div" : "<div xmlns=\"http://www.w3.org/1999/xhtml\"><a name=\"Condition_c9e5273f-e762-45d3-a2f9-c672417ea462\"> </a><p class=\"res-header-id\"><b>Generated Narrative: Condition c9e5273f-e762-45d3-a2f9-c672417ea462</b></p><a name=\"c9e5273f-e762-45d3-a2f9-c672417ea462\"> </a><a name=\"hcc9e5273f-e762-45d3-a2f9-c672417ea462\"> </a><a name=\"c9e5273f-e762-45d3-a2f9-c672417ea462-en-US\"> </a><p><b>clinicalStatus</b>: <span title=\"Codes:{http://terminology.hl7.org/CodeSystem/condition-clinical inactive}\">Inactive</span></p><p><b>verificationStatus</b>: <span title=\"Codes:{http://terminology.hl7.org/CodeSystem/condition-ver-status confirmed}\">Confirmed</span></p><p><b>code</b>: <span title=\"Codes:{http://snomed.info/sct 77941000119104}\">History of radiation therapy to chest</span></p><p><b>subject</b>: <a href=\"Bundle-eve-Age45to54_act-acsavgrecs45_act-uspstfavgrecs.html#Patient_defaultPatient\">Bundle: type = collection</a></p><p><b>onset</b>: 10 years<span style=\"background: LightGoldenRodYellow\"> (Details: UCUM  codea = 'a')</span></p></div>"
      },
      "clinicalStatus" : {
        "coding" : [{
          "system" : "http://terminology.hl7.org/CodeSystem/condition-clinical",
          "code" : "inactive"
        }]
      },
      "verificationStatus" : {
        "coding" : [{
          "system" : "http://terminology.hl7.org/CodeSystem/condition-ver-status",
          "code" : "confirmed"
        }]
      },
      "code" : {
        "coding" : [{
          "system" : "http://snomed.info/sct",
          "code" : "77941000119104",
          "display" : "History of radiation therapy to chest"
        }]
      },
      "subject" : {
        "reference" : "Patient/defaultPatient"
      },
      "onsetAge" : {
        "value" : 10,
        "unit" : "years",
        "system" : "http://unitsofmeasure.org",
        "code" : "a"
      }
    }
  }]
}