{
  "resourceType" : "Bundle",
  "id" : "GeneticRiskReferral_NadiaWills_palpable_breast_mass",
  "type" : "collection",
  "entry" : [{
    "fullUrl" : "http://cancerscreeningcds.github.io/bcsm-cds/CarePlan/384",
    "resource" : {
      "resourceType" : "CarePlan",
      "id" : "384",
      "text" : {
        "status" : "generated",
        "div" : "<div xmlns=\"http://www.w3.org/1999/xhtml\"><a name=\"CarePlan_384\"> </a><p class=\"res-header-id\"><b>Generated Narrative: CarePlan 384</b></p><a name=\"384\"> </a><a name=\"hc384\"> </a><a name=\"384-en-US\"> </a><p><b>instantiatesCanonical</b>: <a href=\"PlanDefinition-flow-GeneticRiskReferral.html\">Genetic Risk Referral</a></p><p><b>status</b>: Draft</p><p><b>intent</b>: Proposal</p><p><b>subject</b>: <a href=\"Bundle-NadiaWills_palpable_breast_mass.html#Patient_NadiaWills\">Nadia93 Wills47</a></p><p><b>created</b>: 2024-12-10 00:00:00+0000</p><h3>Activities</h3><table class=\"grid\"><tr><td style=\"display: none\">-</td><td><b>Reference</b></td></tr><tr><td style=\"display: none\">*</td><td><a href=\"Bundle-GeneticRiskReferral_NadiaWills_palpable_breast_mass.html#RequestGroup_385\">Bundle: type = collection</a></td></tr></table></div>"
      },
      "instantiatesCanonical" : ["http://cancerscreeningcds.github.io/bcsm-cds/PlanDefinition/flow-GeneticRiskReferral"],
      "status" : "draft",
      "intent" : "proposal",
      "subject" : {
        "reference" : "Patient/NadiaWills",
        "display" : "Nadia93 Wills47"
      },
      "created" : "2024-12-10T00:00:00.0Z",
      "activity" : [{
        "reference" : {
          "reference" : "RequestGroup/385"
        }
      }]
    }
  },
  {
    "fullUrl" : "http://cancerscreeningcds.github.io/bcsm-cds/RequestGroup/385",
    "resource" : {
      "resourceType" : "RequestGroup",
      "id" : "385",
      "text" : {
        "status" : "generated",
        "div" : "<div xmlns=\"http://www.w3.org/1999/xhtml\"><a name=\"RequestGroup_385\"> </a><p class=\"res-header-id\"><b>Generated Narrative: RequestGroup 385</b></p><a name=\"385\"> </a><a name=\"hc385\"> </a><a name=\"385-en-US\"> </a><p><b>instantiatesCanonical</b>: <a href=\"PlanDefinition-flow-GeneticRiskReferral.html\">Genetic Risk Referral</a></p><p><b>status</b>: Draft</p><p><b>intent</b>: Proposal</p><p><b>subject</b>: <a href=\"Bundle-NadiaWills_palpable_breast_mass.html#Patient_NadiaWills\">Nadia93 Wills47</a></p></div>"
      },
      "instantiatesCanonical" : ["http://cancerscreeningcds.github.io/bcsm-cds/PlanDefinition/flow-GeneticRiskReferral"],
      "status" : "draft",
      "intent" : "proposal",
      "subject" : {
        "reference" : "Patient/NadiaWills",
        "display" : "Nadia93 Wills47"
      }
    }
  }]
}