{
  "resourceType" : "Bundle",
  "id" : "eve-fhxgeneinherited_no_eve-brcageneancestry_no_eve-fhxbrcaovcatubalperit_yes_act-fhxriskassess__eve-fhxriskresult_negative_end-geneticrisk",
  "type" : "collection",
  "entry" : [{
    "resource" : {
      "resourceType" : "Patient",
      "id" : "defaultPatient",
      "text" : {
        "status" : "generated",
        "div" : "<div xmlns=\"http://www.w3.org/1999/xhtml\"><a name=\"Patient_defaultPatient\"> </a><p class=\"res-header-id\"><b>Generated Narrative: Patient defaultPatient</b></p><a name=\"defaultPatient\"> </a><a name=\"hcdefaultPatient\"> </a><a name=\"defaultPatient-en-US\"> </a><p style=\"border: 1px #661aff solid; background-color: #e6e6ff; padding: 10px;\">Jane Doe  Female, DoB: 1981-01-01</p><hr/></div>"
      },
      "name" : [{
        "family" : "Doe",
        "given" : ["Jane"]
      }],
      "gender" : "female",
      "birthDate" : "1981-01-01"
    }
  },
  {
    "resource" : {
      "resourceType" : "FamilyMemberHistory",
      "id" : "7013e91b-9bb8-4991-943f-d534b2a21a62",
      "text" : {
        "status" : "generated",
        "div" : "<div xmlns=\"http://www.w3.org/1999/xhtml\"><a name=\"FamilyMemberHistory_7013e91b-9bb8-4991-943f-d534b2a21a62\"> </a><p class=\"res-header-id\"><b>Generated Narrative: FamilyMemberHistory 7013e91b-9bb8-4991-943f-d534b2a21a62</b></p><a name=\"7013e91b-9bb8-4991-943f-d534b2a21a62\"> </a><a name=\"hc7013e91b-9bb8-4991-943f-d534b2a21a62\"> </a><a name=\"7013e91b-9bb8-4991-943f-d534b2a21a62-en-US\"> </a><p><b>status</b>: Completed</p><p><b>patient</b>: <a href=\"Bundle-eve-Age45to54_act-acsavgrecs45_act-uspstfavgrecs.html#Patient_defaultPatient\">Bundle: type = collection</a></p><p><b>name</b>: Unknown</p><p><b>relationship</b>: <span title=\"Codes:{http://hl7.org/fhir/v3/RoleCode MTH}\">Mother</span></p><h3>Conditions</h3><table class=\"grid\"><tr><td style=\"display: none\">-</td><td><b>Code</b></td></tr><tr><td style=\"display: none\">*</td><td><span title=\"Codes:{http://snomed.info/sct 254837009}\">Invasive breast cancer</span></td></tr></table></div>"
      },
      "status" : "completed",
      "patient" : {
        "reference" : "Patient/defaultPatient"
      },
      "name" : "Unknown",
      "relationship" : {
        "coding" : [{
          "system" : "http://hl7.org/fhir/v3/RoleCode",
          "code" : "MTH",
          "display" : "Mother"
        }]
      },
      "condition" : [{
        "code" : {
          "coding" : [{
            "system" : "http://snomed.info/sct",
            "code" : "254837009",
            "display" : "Invasive breast cancer"
          }]
        }
      }]
    }
  },
  {
    "resource" : {
      "resourceType" : "Observation",
      "id" : "c671b6c6-3ae2-43ee-ba19-7ca0f53a5fbe",
      "text" : {
        "status" : "generated",
        "div" : "<div xmlns=\"http://www.w3.org/1999/xhtml\"><a name=\"Observation_c671b6c6-3ae2-43ee-ba19-7ca0f53a5fbe\"> </a><p class=\"res-header-id\"><b>Generated Narrative: Observation c671b6c6-3ae2-43ee-ba19-7ca0f53a5fbe</b></p><a name=\"c671b6c6-3ae2-43ee-ba19-7ca0f53a5fbe\"> </a><a name=\"hcc671b6c6-3ae2-43ee-ba19-7ca0f53a5fbe\"> </a><a name=\"c671b6c6-3ae2-43ee-ba19-7ca0f53a5fbe-en-US\"> </a><p><b>status</b>: Final</p><p><b>code</b>: <span title=\"Codes:{http://cancerscreeningcds.github.io/bcsm-cds/CodeSystem/plan-definition-action-code-system fhxrisktool}\">Brief familial risk assessment tool</span></p><p><b>subject</b>: <a href=\"Bundle-eve-Age45to54_act-acsavgrecs45_act-uspstfavgrecs.html#Patient_defaultPatient\">Bundle: type = collection</a></p><p><b>effective</b>: 2024-11-10 00:00:00+0000</p><p><b>value</b>: <span title=\"Codes:{http://cancerscreeningcds.github.io/bcsm-cds/CodeSystem/screening-observation-code-system Nothighfamilialrisk}\">Not High familial risk</span></p></div>"
      },
      "status" : "final",
      "code" : {
        "coding" : [{
          "system" : "http://cancerscreeningcds.github.io/bcsm-cds/CodeSystem/plan-definition-action-code-system",
          "code" : "fhxrisktool",
          "display" : "Brief familial risk assessment tool"
        }]
      },
      "subject" : {
        "reference" : "Patient/defaultPatient"
      },
      "effectiveDateTime" : "2024-11-10T00:00:00.0Z",
      "valueCodeableConcept" : {
        "coding" : [{
          "system" : "http://cancerscreeningcds.github.io/bcsm-cds/CodeSystem/screening-observation-code-system",
          "code" : "Nothighfamilialrisk",
          "display" : "Not High familial risk"
        }]
      }
    }
  }]
}