{
  "resourceType" : "Bundle",
  "id" : "eve-fhxgeneinherited_yes_eve-unkvariantstatus_yes_act-geneticreferral",
  "type" : "collection",
  "entry" : [{
    "resource" : {
      "resourceType" : "Patient",
      "id" : "defaultPatient",
      "text" : {
        "status" : "generated",
        "div" : "<div xmlns=\"http://www.w3.org/1999/xhtml\"><a name=\"Patient_defaultPatient\"> </a><p class=\"res-header-id\"><b>Generated Narrative: Patient defaultPatient</b></p><a name=\"defaultPatient\"> </a><a name=\"hcdefaultPatient\"> </a><a name=\"defaultPatient-en-US\"> </a><p style=\"border: 1px #661aff solid; background-color: #e6e6ff; padding: 10px;\">Jane Doe  Female, DoB: 1981-01-01</p><hr/></div>"
      },
      "name" : [{
        "family" : "Doe",
        "given" : ["Jane"]
      }],
      "gender" : "female",
      "birthDate" : "1981-01-01"
    }
  },
  {
    "resource" : {
      "resourceType" : "Observation",
      "id" : "982cb989-97be-41a7-b519-dba058feffb3",
      "text" : {
        "status" : "generated",
        "div" : "<div xmlns=\"http://www.w3.org/1999/xhtml\"><a name=\"Observation_982cb989-97be-41a7-b519-dba058feffb3\"> </a><p class=\"res-header-id\"><b>Generated Narrative: Observation 982cb989-97be-41a7-b519-dba058feffb3</b></p><a name=\"982cb989-97be-41a7-b519-dba058feffb3\"> </a><a name=\"hc982cb989-97be-41a7-b519-dba058feffb3\"> </a><a name=\"982cb989-97be-41a7-b519-dba058feffb3-en-US\"> </a><p><b>status</b>: Final</p><p><b>code</b>: <span title=\"Codes:{http://cancerscreeningcds.github.io/bcsm-cds/CodeSystem/screening-observation-code-system fhxgenetic}\">Family history of inherited cancer susceptibilityy</span></p><p><b>subject</b>: <a href=\"Bundle-eve-Age45to54_act-acsavgrecs45_act-uspstfavgrecs.html#Patient_defaultPatient\">Bundle: type = collection</a></p><p><b>effective</b>: 2024-11-10 00:00:00+0000</p><p><b>value</b>: true</p></div>"
      },
      "status" : "final",
      "code" : {
        "coding" : [{
          "system" : "http://cancerscreeningcds.github.io/bcsm-cds/CodeSystem/screening-observation-code-system",
          "code" : "fhxgenetic",
          "display" : "Family history of inherited cancer susceptibilityy"
        }]
      },
      "subject" : {
        "reference" : "Patient/defaultPatient"
      },
      "effectiveDateTime" : "2024-11-10T00:00:00.0Z",
      "valueBoolean" : true
    }
  },
  {
    "resource" : {
      "resourceType" : "Observation",
      "id" : "515cf2cd-c429-45f9-851f-0c208fd52647",
      "text" : {
        "status" : "generated",
        "div" : "<div xmlns=\"http://www.w3.org/1999/xhtml\"><a name=\"Observation_515cf2cd-c429-45f9-851f-0c208fd52647\"> </a><p class=\"res-header-id\"><b>Generated Narrative: Observation 515cf2cd-c429-45f9-851f-0c208fd52647</b></p><a name=\"515cf2cd-c429-45f9-851f-0c208fd52647\"> </a><a name=\"hc515cf2cd-c429-45f9-851f-0c208fd52647\"> </a><a name=\"515cf2cd-c429-45f9-851f-0c208fd52647-en-US\"> </a><p><b>status</b>: Final</p><p><b>code</b>: <span title=\"Codes:{http://cancerscreeningcds.github.io/bcsm-cds/CodeSystem/screening-observation-code-system KnownVariantStatus}\">Known breast cancer variant status</span></p><p><b>subject</b>: <a href=\"Bundle-eve-Age45to54_act-acsavgrecs45_act-uspstfavgrecs.html#Patient_defaultPatient\">Bundle: type = collection</a></p><p><b>effective</b>: 2024-11-10 00:00:00+0000</p><p><b>value</b>: false</p></div>"
      },
      "status" : "final",
      "code" : {
        "coding" : [{
          "system" : "http://cancerscreeningcds.github.io/bcsm-cds/CodeSystem/screening-observation-code-system",
          "code" : "KnownVariantStatus",
          "display" : "Known breast cancer variant status"
        }]
      },
      "subject" : {
        "reference" : "Patient/defaultPatient"
      },
      "effectiveDateTime" : "2024-11-10T00:00:00.0Z",
      "valueBoolean" : false
    }
  }]
}