{
  "resourceType" : "Bundle",
  "id" : "ScreeningEligible_act-eligible",
  "type" : "collection",
  "entry" : [{
    "fullUrl" : "http://cancerscreeningcds.github.io/bcsm-cds/CarePlan/488",
    "resource" : {
      "resourceType" : "CarePlan",
      "id" : "488",
      "text" : {
        "status" : "generated",
        "div" : "<div xmlns=\"http://www.w3.org/1999/xhtml\"><a name=\"CarePlan_488\"> </a><p class=\"res-header-id\"><b>Generated Narrative: CarePlan 488</b></p><a name=\"488\"> </a><a name=\"hc488\"> </a><a name=\"488-en-US\"> </a><p><b>instantiatesCanonical</b>: <a href=\"PlanDefinition-flow-ScreeningEligible.html\">Screening Eligible</a></p><p><b>status</b>: Draft</p><p><b>intent</b>: Proposal</p><p><b>subject</b>: <a href=\"Bundle-act-eligible.html#Patient_7eb79d0e-9684-45e3-adc3-944a3ad44d18\">Joanne Smith</a></p><p><b>created</b>: 2024-12-10 00:00:00+0000</p><h3>Activities</h3><table class=\"grid\"><tr><td style=\"display: none\">-</td><td><b>Reference</b></td></tr><tr><td style=\"display: none\">*</td><td><a href=\"Bundle-ScreeningEligible_act-eligible.html#RequestGroup_489\">Bundle: type = collection</a></td></tr></table></div>"
      },
      "instantiatesCanonical" : ["http://cancerscreeningcds.github.io/bcsm-cds/PlanDefinition/flow-ScreeningEligible"],
      "status" : "draft",
      "intent" : "proposal",
      "subject" : {
        "reference" : "Patient/7eb79d0e-9684-45e3-adc3-944a3ad44d18",
        "display" : "Joanne Smith"
      },
      "created" : "2024-12-10T00:00:00.0Z",
      "activity" : [{
        "reference" : {
          "reference" : "RequestGroup/489"
        }
      }]
    }
  },
  {
    "fullUrl" : "http://cancerscreeningcds.github.io/bcsm-cds/RequestGroup/489",
    "resource" : {
      "resourceType" : "RequestGroup",
      "id" : "489",
      "text" : {
        "status" : "generated",
        "div" : "<div xmlns=\"http://www.w3.org/1999/xhtml\"><a name=\"RequestGroup_489\"> </a><p class=\"res-header-id\"><b>Generated Narrative: RequestGroup 489</b></p><a name=\"489\"> </a><a name=\"hc489\"> </a><a name=\"489-en-US\"> </a><p><b>instantiatesCanonical</b>: <a href=\"PlanDefinition-flow-ScreeningEligible.html\">Screening Eligible</a></p><p><b>status</b>: Draft</p><p><b>intent</b>: Proposal</p><p><b>subject</b>: <a href=\"Bundle-act-eligible.html#Patient_7eb79d0e-9684-45e3-adc3-944a3ad44d18\">Joanne Smith</a></p><blockquote><p><b>action</b></p><blockquote><p><b>id</b></p>IsScreeningEligible</blockquote><p><b>title</b>: Screening eligible</p><p><b>description</b>: Patient is eligible for screening</p><p><b>code</b>: <span title=\"Codes:{http://cancerscreeningcds.github.io/bcsm-cds/CodeSystem/plan-definition-action-code-system eligible}\">Eligible for screening</span></p><h3>Documentations</h3><table class=\"grid\"><tr><td style=\"display: none\">-</td><td><b>Type</b></td><td><b>Label</b></td><td><b>Display</b></td><td><b>Citation</b></td><td><b>Url</b></td></tr><tr><td style=\"display: none\">*</td><td>Citation</td><td>USPSTF</td><td>Screening for Breast Cancer: US Preventive Services Task Force Recommendation Statement</td><td><div><p>US Preventive Services Task Force. Screening for Breast Cancer: US Preventive Services Task Force Recommendation Statement. JAMA. Published online April 30, 2024.</p>\n</div></td><td><a href=\"https://www.uspreventiveservicestaskforce.org/uspstf/recommendation/breast-cancer-screening\">https://www.uspreventiveservicestaskforce.org/uspstf/recommendation/breast-cancer-screening</a></td></tr><tr><td style=\"display: none\">*</td><td>Derived From</td><td>Screening Eligible</td><td>Individuals who have certain signs or symptoms concerning for breast cancer or other breast diseases are excluded from routine screening pathways and should have diagnostic testing performed.</td><td> </td><td> </td></tr></table><p><b>resource</b>: <a href=\"Bundle-ScreeningEligible_act-eligible.html#CommunicationRequest_491\">Bundle: type = collection</a></p></blockquote></div>"
      },
      "instantiatesCanonical" : ["http://cancerscreeningcds.github.io/bcsm-cds/PlanDefinition/flow-ScreeningEligible"],
      "status" : "draft",
      "intent" : "proposal",
      "subject" : {
        "reference" : "Patient/7eb79d0e-9684-45e3-adc3-944a3ad44d18",
        "display" : "Joanne Smith"
      },
      "action" : [{
        "id" : "IsScreeningEligible",
        "title" : "Screening eligible",
        "description" : "Patient is eligible for screening",
        "code" : [{
          "coding" : [{
            "system" : "http://cancerscreeningcds.github.io/bcsm-cds/CodeSystem/plan-definition-action-code-system",
            "code" : "eligible",
            "display" : "Eligible for screening"
          }]
        }],
        "documentation" : [{
          "type" : "citation",
          "label" : "USPSTF",
          "display" : "Screening for Breast Cancer: US Preventive Services Task Force Recommendation Statement",
          "citation" : "US Preventive Services Task Force. Screening for Breast Cancer: US Preventive Services Task Force Recommendation Statement. JAMA. Published online April 30, 2024.",
          "url" : "https://www.uspreventiveservicestaskforce.org/uspstf/recommendation/breast-cancer-screening"
        },
        {
          "type" : "derived-from",
          "label" : "Screening Eligible",
          "display" : "Individuals who have certain signs or symptoms concerning for breast cancer or other breast diseases are excluded from routine screening pathways and should have diagnostic testing performed."
        }],
        "resource" : {
          "reference" : "CommunicationRequest/491"
        }
      }]
    }
  },
  {
    "fullUrl" : "http://cancerscreeningcds.github.io/bcsm-cds/CommunicationRequest/491",
    "resource" : {
      "resourceType" : "CommunicationRequest",
      "id" : "491",
      "text" : {
        "status" : "generated",
        "div" : "<div xmlns=\"http://www.w3.org/1999/xhtml\"><a name=\"CommunicationRequest_491\"> </a><p class=\"res-header-id\"><b>Generated Narrative: CommunicationRequest 491</b></p><a name=\"491\"> </a><a name=\"hc491\"> </a><a name=\"491-en-US\"> </a><p><b>basedOn</b>: <a href=\"ActivityDefinition-CommunicateEligible.html\">Communicate Eligible</a></p><p><b>status</b>: option</p><p><b>subject</b>: <a href=\"Bundle-act-eligible.html#Patient_7eb79d0e-9684-45e3-adc3-944a3ad44d18\">Joanne Smith</a></p><h3>Payloads</h3><table class=\"grid\"><tr><td style=\"display: none\">-</td><td><b>Content[x]</b></td></tr><tr><td style=\"display: none\">*</td><td>Eligible for screening</td></tr></table></div>"
      },
      "basedOn" : [{
        "reference" : "http://cancerscreeningcds.github.io/bcsm-cds/ActivityDefinition/CommunicateEligible"
      }],
      "status" : "option",
      "subject" : {
        "reference" : "Patient/7eb79d0e-9684-45e3-adc3-944a3ad44d18",
        "display" : "Joanne Smith"
      },
      "payload" : [{
        "contentString" : "Eligible for screening"
      }]
    }
  }]
}