{
  "resourceType" : "Bundle",
  "id" : "JustineWallace_brca1",
  "type" : "collection",
  "entry" : [{
    "resource" : {
      "resourceType" : "Patient",
      "id" : "JustineWallace",
      "text" : {
        "status" : "generated",
        "div" : "<div xmlns=\"http://www.w3.org/1999/xhtml\"><a name=\"Patient_JustineWallace\"> </a><p class=\"res-header-id\"><b>Generated Narrative: Patient JustineWallace</b></p><a name=\"JustineWallace\"> </a><a name=\"hcJustineWallace\"> </a><a name=\"JustineWallace-en-US\"> </a><p style=\"border: 1px #661aff solid; background-color: #e6e6ff; padding: 10px;\">Justine39 Wallace91  Female, DoB: 1979-01-24 ( Medical Record Number: 123-345-567)</p><hr/><table class=\"grid\"><tr><td style=\"background-color: #f3f5da\" title=\"Concepts classifying the person into a named category of humans sharing common history, traits, geographical origin or nationality.  The ethnicity codes used to represent these concepts are based upon the [CDC ethnicity and Ethnicity Code Set Version 1.0](http://www.cdc.gov/phin/resources/vocabulary/index.html) which includes over 900 concepts for representing race and ethnicity of which 43 reference ethnicity.  The ethnicity concepts are grouped by and pre-mapped to the 2 OMB ethnicity categories: - Hispanic or Latino - Not Hispanic or Latino.\">US Core Ethnicity Extension:</td><td colspan=\"3\"><ul><li>text: Not Hispanic or Latino</li></ul></td></tr><tr><td style=\"background-color: #f3f5da\" title=\"Concepts classifying the person into a named category of humans sharing common history, traits, geographical origin or nationality.  The race codes used to represent these concepts are based upon the [CDC Race and Ethnicity Code Set Version 1.0](http://www.cdc.gov/phin/resources/vocabulary/index.html) which includes over 900 concepts for representing race and ethnicity of which 921 reference race.  The race concepts are grouped by and pre-mapped to the 5 OMB race categories:\n\n - American Indian or Alaska Native\n - Asian\n - Black or African American\n - Native Hawaiian or Other Pacific Islander\n - White.\">US Core Race Extension:</td><td colspan=\"3\"><ul><li>text: White</li></ul></td></tr></table></div>"
      },
      "extension" : [{
        "extension" : [{
          "url" : "text",
          "valueString" : "White"
        }],
        "url" : "http://hl7.org/fhir/us/core/StructureDefinition/us-core-race"
      },
      {
        "extension" : [{
          "url" : "text",
          "valueString" : "Not Hispanic or Latino"
        }],
        "url" : "http://hl7.org/fhir/us/core/StructureDefinition/us-core-ethnicity"
      }],
      "identifier" : [{
        "type" : {
          "coding" : [{
            "code" : "MR",
            "display" : "Medical Record Number"
          }]
        },
        "value" : "123-345-567"
      }],
      "name" : [{
        "family" : "Wallace91",
        "given" : ["Justine39"]
      }],
      "gender" : "female",
      "birthDate" : "1979-01-24"
    }
  },
  {
    "resource" : {
      "resourceType" : "Condition",
      "id" : "9f955680-803d-4560-90a9-f56040436a85",
      "text" : {
        "status" : "generated",
        "div" : "<div xmlns=\"http://www.w3.org/1999/xhtml\"><a name=\"Condition_9f955680-803d-4560-90a9-f56040436a85\"> </a><p class=\"res-header-id\"><b>Generated Narrative: Condition 9f955680-803d-4560-90a9-f56040436a85</b></p><a name=\"9f955680-803d-4560-90a9-f56040436a85\"> </a><a name=\"hc9f955680-803d-4560-90a9-f56040436a85\"> </a><a name=\"9f955680-803d-4560-90a9-f56040436a85-en-US\"> </a><p><b>clinicalStatus</b>: <span title=\"Codes:{http://terminology.hl7.org/CodeSystem/condition-clinical active}\">Active</span></p><p><b>verificationStatus</b>: <span title=\"Codes:{http://terminology.hl7.org/CodeSystem/condition-ver-status confirmed}\">Confirmed</span></p><p><b>code</b>: <span title=\"Codes:{http://snomed.info/sct 412734009}\">BRCA1 gene mutation detected (finding)</span></p><p><b>subject</b>: <a href=\"Bundle-JustineWallace_brca1.html#Patient_JustineWallace\">Bundle: type = collection</a></p><p><b>onset</b>: 2023-05-04</p></div>"
      },
      "clinicalStatus" : {
        "coding" : [{
          "system" : "http://terminology.hl7.org/CodeSystem/condition-clinical",
          "code" : "active",
          "display" : "Active"
        }]
      },
      "verificationStatus" : {
        "coding" : [{
          "system" : "http://terminology.hl7.org/CodeSystem/condition-ver-status",
          "code" : "confirmed",
          "display" : "Confirmed"
        }]
      },
      "code" : {
        "coding" : [{
          "system" : "http://snomed.info/sct",
          "code" : "412734009",
          "display" : "BRCA1 gene mutation detected (finding)"
        }]
      },
      "subject" : {
        "reference" : "Patient/JustineWallace"
      },
      "onsetDateTime" : "2023-05-04"
    }
  },
  {
    "resource" : {
      "resourceType" : "DiagnosticReport",
      "id" : "mammogram-2024-birads-2",
      "text" : {
        "status" : "generated",
        "div" : "<div xmlns=\"http://www.w3.org/1999/xhtml\"><a name=\"DiagnosticReport_mammogram-2024-birads-2\"> </a><p class=\"res-header-id\"><b>Generated Narrative: DiagnosticReport mammogram-2024-birads-2</b></p><a name=\"mammogram-2024-birads-2\"> </a><a name=\"hcmammogram-2024-birads-2\"> </a><a name=\"mammogram-2024-birads-2-en-US\"> </a><h2><span title=\"Codes:{http://loinc.org 24606-6}\">Screening mammogram</span> </h2><table class=\"grid\"><tr><td>Subject</td><td>Not done yet</td></tr><tr><td>When For</td><td>2023-05-04 10:00:00+0000</td></tr></table><p><b>Report Details</b></p><p><b>Coded Conclusions:</b></p><ul><li><span title=\"Codes:{http://snomed.info/sct 397141009}\">Mammography assessment (Category 2) - Benign finding (finding)</span></li></ul></div>"
      },
      "status" : "final",
      "code" : {
        "coding" : [{
          "system" : "http://loinc.org",
          "code" : "24606-6",
          "display" : "Screening mammogram"
        }]
      },
      "subject" : {
        "reference" : "Patient/JustineWallace"
      },
      "effectiveDateTime" : "2023-05-04T10:00:00.000Z",
      "conclusionCode" : [{
        "coding" : [{
          "system" : "http://snomed.info/sct",
          "code" : "397141009",
          "display" : "Mammography assessment (Category 2) - Benign finding (finding)"
        }]
      }]
    }
  }]
}