{
  "resourceType" : "Bundle",
  "id" : "eve-AgeOver74_yes_eve-LifeExp_yes",
  "type" : "collection",
  "entry" : [{
    "resource" : {
      "resourceType" : "Patient",
      "id" : "b7c6b861-a625-4214-8d94-0620827d7d9d",
      "text" : {
        "status" : "generated",
        "div" : "<div xmlns=\"http://www.w3.org/1999/xhtml\"><a name=\"Patient_b7c6b861-a625-4214-8d94-0620827d7d9d\"> </a><p class=\"res-header-id\"><b>Generated Narrative: Patient b7c6b861-a625-4214-8d94-0620827d7d9d</b></p><a name=\"b7c6b861-a625-4214-8d94-0620827d7d9d\"> </a><a name=\"hcb7c6b861-a625-4214-8d94-0620827d7d9d\"> </a><a name=\"b7c6b861-a625-4214-8d94-0620827d7d9d-en-US\"> </a><p style=\"border: 1px #661aff solid; background-color: #e6e6ff; padding: 10px;\">Jane Doe  Female, DoB: 1945-01-01</p><hr/></div>"
      },
      "name" : [{
        "family" : "Doe",
        "given" : ["Jane"]
      }],
      "gender" : "female",
      "birthDate" : "1945-01-01"
    }
  },
  {
    "resource" : {
      "resourceType" : "Observation",
      "id" : "6cee7215-4b5f-49cd-8da9-22984baabf8c",
      "text" : {
        "status" : "generated",
        "div" : "<div xmlns=\"http://www.w3.org/1999/xhtml\"><a name=\"Observation_6cee7215-4b5f-49cd-8da9-22984baabf8c\"> </a><p class=\"res-header-id\"><b>Generated Narrative: Observation 6cee7215-4b5f-49cd-8da9-22984baabf8c</b></p><a name=\"6cee7215-4b5f-49cd-8da9-22984baabf8c\"> </a><a name=\"hc6cee7215-4b5f-49cd-8da9-22984baabf8c\"> </a><a name=\"6cee7215-4b5f-49cd-8da9-22984baabf8c-en-US\"> </a><p><b>status</b>: Final</p><p><b>code</b>: <span title=\"Codes:{http://cancerscreeningcds.github.io/bcsm-cds/CodeSystem/screening-observation-code-system lifeexp}\">Reduced life expectancy indicator</span></p><p><b>subject</b>: <a href=\"Bundle-eve-AgeOver74_yes_eve-LifeExp_yes.html#Patient_b7c6b861-a625-4214-8d94-0620827d7d9d\">Bundle: type = collection</a></p><p><b>effective</b>: 2024-12-10 00:00:00+0000</p><p><b>value</b>: true</p></div>"
      },
      "status" : "final",
      "code" : {
        "coding" : [{
          "system" : "http://cancerscreeningcds.github.io/bcsm-cds/CodeSystem/screening-observation-code-system",
          "code" : "lifeexp",
          "display" : "Reduced life expectancy indicator"
        }]
      },
      "subject" : {
        "reference" : "Patient/b7c6b861-a625-4214-8d94-0620827d7d9d"
      },
      "effectiveDateTime" : "2024-12-10T00:00:00.0Z",
      "valueBoolean" : true
    }
  }]
}