{
  "resourceType" : "Bundle",
  "id" : "eve-fiveyrriskpop_eve-ageAtLeast35_act-HighRiskReferral",
  "type" : "collection",
  "entry" : [{
    "resource" : {
      "resourceType" : "Patient",
      "id" : "e62c8256-911a-43a5-9879-37f69e25d95a",
      "text" : {
        "status" : "generated",
        "div" : "<div xmlns=\"http://www.w3.org/1999/xhtml\"><a name=\"Patient_e62c8256-911a-43a5-9879-37f69e25d95a\"> </a><p class=\"res-header-id\"><b>Generated Narrative: Patient e62c8256-911a-43a5-9879-37f69e25d95a</b></p><a name=\"e62c8256-911a-43a5-9879-37f69e25d95a\"> </a><a name=\"hce62c8256-911a-43a5-9879-37f69e25d95a\"> </a><a name=\"e62c8256-911a-43a5-9879-37f69e25d95a-en-US\"> </a><p style=\"border: 1px #661aff solid; background-color: #e6e6ff; padding: 10px;\">Jane Doe  Female, DoB: 1980-01-01</p><hr/></div>"
      },
      "name" : [{
        "family" : "Doe",
        "given" : ["Jane"]
      }],
      "gender" : "female",
      "birthDate" : "1980-01-01"
    }
  },
  {
    "resource" : {
      "resourceType" : "Observation",
      "id" : "67e775f5-d86f-4f16-adc6-d793413cffc3",
      "text" : {
        "status" : "generated",
        "div" : "<div xmlns=\"http://www.w3.org/1999/xhtml\"><a name=\"Observation_67e775f5-d86f-4f16-adc6-d793413cffc3\"> </a><p class=\"res-header-id\"><b>Generated Narrative: Observation 67e775f5-d86f-4f16-adc6-d793413cffc3</b></p><a name=\"67e775f5-d86f-4f16-adc6-d793413cffc3\"> </a><a name=\"hc67e775f5-d86f-4f16-adc6-d793413cffc3\"> </a><a name=\"67e775f5-d86f-4f16-adc6-d793413cffc3-en-US\"> </a><p><b>status</b>: Final</p><p><b>code</b>: <span title=\"Codes:{http://cancerscreeningcds.github.io/bcsm-cds/CodeSystem/plan-definition-action-code-system 5yriskassessment}\">5 year risk assessment</span></p><p><b>subject</b>: <a href=\"Bundle-eve-fiveyrriskpop_eve-ageAtLeast35_act-HighRiskReferral.html#Patient_e62c8256-911a-43a5-9879-37f69e25d95a\">Bundle: type = collection</a></p><p><b>effective</b>: 2024-11-10 00:00:00+0000</p><p><b>value</b>: 3<span style=\"background: LightGoldenRodYellow\"> (Details: [not stated]  code% = '%')</span></p></div>"
      },
      "status" : "final",
      "code" : {
        "coding" : [{
          "system" : "http://cancerscreeningcds.github.io/bcsm-cds/CodeSystem/plan-definition-action-code-system",
          "code" : "5yriskassessment",
          "display" : "5 year risk assessment"
        }]
      },
      "subject" : {
        "reference" : "Patient/e62c8256-911a-43a5-9879-37f69e25d95a"
      },
      "effectiveDateTime" : "2024-11-10T00:00:00.0Z",
      "valueQuantity" : {
        "value" : 3,
        "code" : "%"
      }
    }
  }]
}