{
  "resourceType" : "Bundle",
  "id" : "FollowupScreeningResult_PatriciaLambert_remission_lt_5_years",
  "type" : "collection",
  "entry" : [{
    "fullUrl" : "http://cancerscreeningcds.github.io/bcsm-cds/CarePlan/332",
    "resource" : {
      "resourceType" : "CarePlan",
      "id" : "332",
      "text" : {
        "status" : "generated",
        "div" : "<div xmlns=\"http://www.w3.org/1999/xhtml\"><a name=\"CarePlan_332\"> </a><p class=\"res-header-id\"><b>Generated Narrative: CarePlan 332</b></p><a name=\"332\"> </a><a name=\"hc332\"> </a><a name=\"332-en-US\"> </a><p><b>instantiatesCanonical</b>: <a href=\"PlanDefinition-flow-FollowupScreeningResult.html\">Followup Screening Result</a></p><p><b>status</b>: Draft</p><p><b>intent</b>: Proposal</p><p><b>subject</b>: <a href=\"Bundle-PatriciaLambert_remission_lt_5_years.html#Patient_PatriciaLambert\">Patricia49 Lambert23</a></p><p><b>created</b>: 2024-12-10 00:00:00+0000</p><h3>Activities</h3><table class=\"grid\"><tr><td style=\"display: none\">-</td><td><b>Reference</b></td></tr><tr><td style=\"display: none\">*</td><td><a href=\"Bundle-FollowupScreeningResult_PatriciaLambert_remission_lt_5_years.html#RequestGroup_333\">Bundle: type = collection</a></td></tr></table></div>"
      },
      "instantiatesCanonical" : ["http://cancerscreeningcds.github.io/bcsm-cds/PlanDefinition/flow-FollowupScreeningResult"],
      "status" : "draft",
      "intent" : "proposal",
      "subject" : {
        "reference" : "Patient/PatriciaLambert",
        "display" : "Patricia49 Lambert23"
      },
      "created" : "2024-12-10T00:00:00.0Z",
      "activity" : [{
        "reference" : {
          "reference" : "RequestGroup/333"
        }
      }]
    }
  },
  {
    "fullUrl" : "http://cancerscreeningcds.github.io/bcsm-cds/RequestGroup/333",
    "resource" : {
      "resourceType" : "RequestGroup",
      "id" : "333",
      "text" : {
        "status" : "generated",
        "div" : "<div xmlns=\"http://www.w3.org/1999/xhtml\"><a name=\"RequestGroup_333\"> </a><p class=\"res-header-id\"><b>Generated Narrative: RequestGroup 333</b></p><a name=\"333\"> </a><a name=\"hc333\"> </a><a name=\"333-en-US\"> </a><p><b>instantiatesCanonical</b>: <a href=\"PlanDefinition-flow-FollowupScreeningResult.html\">Followup Screening Result</a></p><p><b>status</b>: Draft</p><p><b>intent</b>: Proposal</p><p><b>subject</b>: <a href=\"Bundle-PatriciaLambert_remission_lt_5_years.html#Patient_PatriciaLambert\">Patricia49 Lambert23</a></p></div>"
      },
      "instantiatesCanonical" : ["http://cancerscreeningcds.github.io/bcsm-cds/PlanDefinition/flow-FollowupScreeningResult"],
      "status" : "draft",
      "intent" : "proposal",
      "subject" : {
        "reference" : "Patient/PatriciaLambert",
        "display" : "Patricia49 Lambert23"
      }
    }
  }]
}