{
  "resourceType" : "Bundle",
  "id" : "act-sdmcontinueage_act-sdmcontinuelifexp_end-decisionhighrisk",
  "type" : "collection",
  "entry" : [{
    "resource" : {
      "resourceType" : "Patient",
      "id" : "55c03346-9d8e-4810-a819-ada1cdbc00ea",
      "text" : {
        "status" : "generated",
        "div" : "<div xmlns=\"http://www.w3.org/1999/xhtml\"><a name=\"Patient_55c03346-9d8e-4810-a819-ada1cdbc00ea\"> </a><p class=\"res-header-id\"><b>Generated Narrative: Patient 55c03346-9d8e-4810-a819-ada1cdbc00ea</b></p><a name=\"55c03346-9d8e-4810-a819-ada1cdbc00ea\"> </a><a name=\"hc55c03346-9d8e-4810-a819-ada1cdbc00ea\"> </a><a name=\"55c03346-9d8e-4810-a819-ada1cdbc00ea-en-US\"> </a><p style=\"border: 1px #661aff solid; background-color: #e6e6ff; padding: 10px;\">Jane Doe  Female, DoB: 1945-01-01</p><hr/></div>"
      },
      "name" : [{
        "family" : "Doe",
        "given" : ["Jane"]
      }],
      "gender" : "female",
      "birthDate" : "1945-01-01"
    }
  },
  {
    "resource" : {
      "resourceType" : "Observation",
      "id" : "2f5dabf8-52e5-4af7-a0b2-43935d3b83f4",
      "text" : {
        "status" : "generated",
        "div" : "<div xmlns=\"http://www.w3.org/1999/xhtml\"><a name=\"Observation_2f5dabf8-52e5-4af7-a0b2-43935d3b83f4\"> </a><p class=\"res-header-id\"><b>Generated Narrative: Observation 2f5dabf8-52e5-4af7-a0b2-43935d3b83f4</b></p><a name=\"2f5dabf8-52e5-4af7-a0b2-43935d3b83f4\"> </a><a name=\"hc2f5dabf8-52e5-4af7-a0b2-43935d3b83f4\"> </a><a name=\"2f5dabf8-52e5-4af7-a0b2-43935d3b83f4-en-US\"> </a><p><b>status</b>: Final</p><p><b>code</b>: <span title=\"Codes:{http://cancerscreeningcds.github.io/bcsm-cds/CodeSystem/screening-observation-code-system lifeexp}\">Reduced life expectancy indicator</span></p><p><b>subject</b>: <a href=\"Bundle-act-sdmcontinueage_act-sdmcontinuelifexp_end-decisionhighrisk.html#Patient_55c03346-9d8e-4810-a819-ada1cdbc00ea\">Bundle: type = collection</a></p><p><b>effective</b>: 2024-12-10 00:00:00+0000</p><p><b>value</b>: true</p></div>"
      },
      "status" : "final",
      "code" : {
        "coding" : [{
          "system" : "http://cancerscreeningcds.github.io/bcsm-cds/CodeSystem/screening-observation-code-system",
          "code" : "lifeexp",
          "display" : "Reduced life expectancy indicator"
        }]
      },
      "subject" : {
        "reference" : "Patient/55c03346-9d8e-4810-a819-ada1cdbc00ea"
      },
      "effectiveDateTime" : "2024-12-10T00:00:00.0Z",
      "valueBoolean" : true
    }
  },
  {
    "resource" : {
      "resourceType" : "Condition",
      "id" : "invasive-breast-cancer",
      "text" : {
        "status" : "generated",
        "div" : "<div xmlns=\"http://www.w3.org/1999/xhtml\"><a name=\"Condition_invasive-breast-cancer\"> </a><p class=\"res-header-id\"><b>Generated Narrative: Condition invasive-breast-cancer</b></p><a name=\"invasive-breast-cancer\"> </a><a name=\"hcinvasive-breast-cancer\"> </a><a name=\"invasive-breast-cancer-en-US\"> </a><p><b>clinicalStatus</b>: <span title=\"Codes:{http://terminology.hl7.org/CodeSystem/condition-clinical inactive}\">Inactive</span></p><p><b>verificationStatus</b>: <span title=\"Codes:{http://terminology.hl7.org/CodeSystem/condition-ver-status confirmed}\">Confirmed</span></p><p><b>category</b>: <span title=\"Codes:{http://terminology.hl7.org/CodeSystem/condition-category problem-list-item}\">Problem List Item</span></p><p><b>code</b>: <span title=\"Codes:{http://snomed.info/sct 254837009}\">Malignant neoplasm of breast (disorder)</span></p><p><b>subject</b>: <a href=\"Bundle-act-sdmcontinueage_act-sdmcontinuelifexp_end-decisionhighrisk.html#Patient_55c03346-9d8e-4810-a819-ada1cdbc00ea\">Bundle: type = collection</a></p><p><b>onset</b>: 2019-05-16</p></div>"
      },
      "clinicalStatus" : {
        "coding" : [{
          "system" : "http://terminology.hl7.org/CodeSystem/condition-clinical",
          "code" : "inactive",
          "display" : "Inactive"
        }]
      },
      "verificationStatus" : {
        "coding" : [{
          "system" : "http://terminology.hl7.org/CodeSystem/condition-ver-status",
          "code" : "confirmed",
          "display" : "Confirmed"
        }]
      },
      "category" : [{
        "coding" : [{
          "system" : "http://terminology.hl7.org/CodeSystem/condition-category",
          "code" : "problem-list-item",
          "display" : "Problem List Item"
        }]
      }],
      "code" : {
        "coding" : [{
          "system" : "http://snomed.info/sct",
          "code" : "254837009",
          "display" : "Malignant neoplasm of breast (disorder)"
        }],
        "text" : "Malignant neoplasm of breast (disorder)"
      },
      "subject" : {
        "reference" : "Patient/55c03346-9d8e-4810-a819-ada1cdbc00ea"
      },
      "onsetDateTime" : "2019-05-16"
    }
  }]
}