{
  "resourceType" : "Bundle",
  "id" : "inc-AgeAtLeast18_yes",
  "type" : "collection",
  "entry" : [{
    "resource" : {
      "resourceType" : "Patient",
      "id" : "2f90d9c3-fcee-4a20-b072-56c806e7288b",
      "text" : {
        "status" : "generated",
        "div" : "<div xmlns=\"http://www.w3.org/1999/xhtml\"><a name=\"Patient_2f90d9c3-fcee-4a20-b072-56c806e7288b\"> </a><p class=\"res-header-id\"><b>Generated Narrative: Patient 2f90d9c3-fcee-4a20-b072-56c806e7288b</b></p><a name=\"2f90d9c3-fcee-4a20-b072-56c806e7288b\"> </a><a name=\"hc2f90d9c3-fcee-4a20-b072-56c806e7288b\"> </a><a name=\"2f90d9c3-fcee-4a20-b072-56c806e7288b-en-US\"> </a><p style=\"border: 1px #661aff solid; background-color: #e6e6ff; padding: 10px;\">Joanne Smith  Female, DoB: 1980-01-01</p><hr/></div>"
      },
      "name" : [{
        "family" : "Smith",
        "given" : ["Joanne"]
      }],
      "gender" : "female",
      "birthDate" : "1980-01-01"
    }
  }]
}