{
  "resourceType" : "Bundle",
  "id" : "HighRiskReferral_NadiaWills_palpable_breast_mass",
  "type" : "collection",
  "entry" : [{
    "fullUrl" : "http://cancerscreeningcds.github.io/bcsm-cds/CarePlan/451",
    "resource" : {
      "resourceType" : "CarePlan",
      "id" : "451",
      "text" : {
        "status" : "generated",
        "div" : "<div xmlns=\"http://www.w3.org/1999/xhtml\"><a name=\"CarePlan_451\"> </a><p class=\"res-header-id\"><b>Generated Narrative: CarePlan 451</b></p><a name=\"451\"> </a><a name=\"hc451\"> </a><a name=\"451-en-US\"> </a><p><b>instantiatesCanonical</b>: <a href=\"PlanDefinition-flow-HighRiskReferral.html\">High Risk Referral</a></p><p><b>status</b>: Draft</p><p><b>intent</b>: Proposal</p><p><b>subject</b>: <a href=\"Bundle-NadiaWills_palpable_breast_mass.html#Patient_NadiaWills\">Nadia93 Wills47</a></p><p><b>created</b>: 2024-12-10 00:00:00+0000</p><h3>Activities</h3><table class=\"grid\"><tr><td style=\"display: none\">-</td><td><b>Reference</b></td></tr><tr><td style=\"display: none\">*</td><td><a href=\"Bundle-HighRiskReferral_NadiaWills_palpable_breast_mass.html#RequestGroup_452\">Bundle: type = collection</a></td></tr></table></div>"
      },
      "instantiatesCanonical" : ["http://cancerscreeningcds.github.io/bcsm-cds/PlanDefinition/flow-HighRiskReferral"],
      "status" : "draft",
      "intent" : "proposal",
      "subject" : {
        "reference" : "Patient/NadiaWills",
        "display" : "Nadia93 Wills47"
      },
      "created" : "2024-12-10T00:00:00.0Z",
      "activity" : [{
        "reference" : {
          "reference" : "RequestGroup/452"
        }
      }]
    }
  },
  {
    "fullUrl" : "http://cancerscreeningcds.github.io/bcsm-cds/RequestGroup/452",
    "resource" : {
      "resourceType" : "RequestGroup",
      "id" : "452",
      "text" : {
        "status" : "generated",
        "div" : "<div xmlns=\"http://www.w3.org/1999/xhtml\"><a name=\"RequestGroup_452\"> </a><p class=\"res-header-id\"><b>Generated Narrative: RequestGroup 452</b></p><a name=\"452\"> </a><a name=\"hc452\"> </a><a name=\"452-en-US\"> </a><p><b>instantiatesCanonical</b>: <a href=\"PlanDefinition-flow-HighRiskReferral.html\">High Risk Referral</a></p><p><b>status</b>: Draft</p><p><b>intent</b>: Proposal</p><p><b>subject</b>: <a href=\"Bundle-NadiaWills_palpable_breast_mass.html#Patient_NadiaWills\">Nadia93 Wills47</a></p></div>"
      },
      "instantiatesCanonical" : ["http://cancerscreeningcds.github.io/bcsm-cds/PlanDefinition/flow-HighRiskReferral"],
      "status" : "draft",
      "intent" : "proposal",
      "subject" : {
        "reference" : "Patient/NadiaWills",
        "display" : "Nadia93 Wills47"
      }
    }
  }]
}