{
  "resourceType" : "Bundle",
  "id" : "GeneticRiskReferral_LindaNadler-dcis",
  "type" : "collection",
  "entry" : [{
    "fullUrl" : "http://cancerscreeningcds.github.io/bcsm-cds/CarePlan/380",
    "resource" : {
      "resourceType" : "CarePlan",
      "id" : "380",
      "text" : {
        "status" : "generated",
        "div" : "<div xmlns=\"http://www.w3.org/1999/xhtml\"><a name=\"CarePlan_380\"> </a><p class=\"res-header-id\"><b>Generated Narrative: CarePlan 380</b></p><a name=\"380\"> </a><a name=\"hc380\"> </a><a name=\"380-en-US\"> </a><p><b>instantiatesCanonical</b>: <a href=\"PlanDefinition-flow-GeneticRiskReferral.html\">Genetic Risk Referral</a></p><p><b>status</b>: Draft</p><p><b>intent</b>: Proposal</p><p><b>subject</b>: <a href=\"Bundle-LindaNadler-dcis.html#Patient_LindaNadler\">Linda48 Nadler92</a></p><p><b>created</b>: 2024-12-10 00:00:00+0000</p><h3>Activities</h3><table class=\"grid\"><tr><td style=\"display: none\">-</td><td><b>Reference</b></td></tr><tr><td style=\"display: none\">*</td><td><a href=\"Bundle-GeneticRiskReferral_LindaNadler-dcis.html#RequestGroup_381\">Bundle: type = collection</a></td></tr></table></div>"
      },
      "instantiatesCanonical" : ["http://cancerscreeningcds.github.io/bcsm-cds/PlanDefinition/flow-GeneticRiskReferral"],
      "status" : "draft",
      "intent" : "proposal",
      "subject" : {
        "reference" : "Patient/LindaNadler",
        "display" : "Linda48 Nadler92"
      },
      "created" : "2024-12-10T00:00:00.0Z",
      "activity" : [{
        "reference" : {
          "reference" : "RequestGroup/381"
        }
      }]
    }
  },
  {
    "fullUrl" : "http://cancerscreeningcds.github.io/bcsm-cds/RequestGroup/381",
    "resource" : {
      "resourceType" : "RequestGroup",
      "id" : "381",
      "text" : {
        "status" : "generated",
        "div" : "<div xmlns=\"http://www.w3.org/1999/xhtml\"><a name=\"RequestGroup_381\"> </a><p class=\"res-header-id\"><b>Generated Narrative: RequestGroup 381</b></p><a name=\"381\"> </a><a name=\"hc381\"> </a><a name=\"381-en-US\"> </a><p><b>instantiatesCanonical</b>: <a href=\"PlanDefinition-flow-GeneticRiskReferral.html\">Genetic Risk Referral</a></p><p><b>status</b>: Draft</p><p><b>intent</b>: Proposal</p><p><b>subject</b>: <a href=\"Bundle-LindaNadler-dcis.html#Patient_LindaNadler\">Linda48 Nadler92</a></p></div>"
      },
      "instantiatesCanonical" : ["http://cancerscreeningcds.github.io/bcsm-cds/PlanDefinition/flow-GeneticRiskReferral"],
      "status" : "draft",
      "intent" : "proposal",
      "subject" : {
        "reference" : "Patient/LindaNadler",
        "display" : "Linda48 Nadler92"
      }
    }
  }]
}