{
  "resourceType" : "Bundle",
  "id" : "inc-AgeAtLeast18_no",
  "type" : "collection",
  "entry" : [{
    "resource" : {
      "resourceType" : "Patient",
      "id" : "9f22a14b-1741-41b7-8bc6-b0ea8668eec0",
      "text" : {
        "status" : "generated",
        "div" : "<div xmlns=\"http://www.w3.org/1999/xhtml\"><a name=\"Patient_9f22a14b-1741-41b7-8bc6-b0ea8668eec0\"> </a><p class=\"res-header-id\"><b>Generated Narrative: Patient 9f22a14b-1741-41b7-8bc6-b0ea8668eec0</b></p><a name=\"9f22a14b-1741-41b7-8bc6-b0ea8668eec0\"> </a><a name=\"hc9f22a14b-1741-41b7-8bc6-b0ea8668eec0\"> </a><a name=\"9f22a14b-1741-41b7-8bc6-b0ea8668eec0-en-US\"> </a><p style=\"border: 1px #661aff solid; background-color: #e6e6ff; padding: 10px;\">Joanne Smith  Female, DoB: 2024-01-01</p><hr/></div>"
      },
      "name" : [{
        "family" : "Smith",
        "given" : ["Joanne"]
      }],
      "gender" : "female",
      "birthDate" : "2024-01-01"
    }
  }]
}