{
  "resourceType" : "Bundle",
  "id" : "CheckIsIncludedAndNotExcluded_false",
  "type" : "collection",
  "entry" : [{
    "resource" : {
      "resourceType" : "Patient",
      "id" : "defaultNotIncludedPatient",
      "text" : {
        "status" : "generated",
        "div" : "<div xmlns=\"http://www.w3.org/1999/xhtml\"><a name=\"Patient_defaultNotIncludedPatient\"> </a><p class=\"res-header-id\"><b>Generated Narrative: Patient defaultNotIncludedPatient</b></p><a name=\"defaultNotIncludedPatient\"> </a><a name=\"hcdefaultNotIncludedPatient\"> </a><a name=\"defaultNotIncludedPatient-en-US\"> </a><p style=\"border: 1px #661aff solid; background-color: #e6e6ff; padding: 10px;\">Jane Doe  Male, DoB: 1981-01-01</p><hr/></div>"
      },
      "name" : [{
        "family" : "Doe",
        "given" : ["Jane"]
      }],
      "gender" : "male",
      "birthDate" : "1981-01-01"
    }
  }]
}