{
  "resourceType" : "Bundle",
  "id" : "eve-geneticriskpop__act-HighRiskReferral",
  "type" : "collection",
  "entry" : [{
    "resource" : {
      "resourceType" : "Patient",
      "id" : "defaultPatient",
      "text" : {
        "status" : "generated",
        "div" : "<div xmlns=\"http://www.w3.org/1999/xhtml\"><a name=\"Patient_defaultPatient\"> </a><p class=\"res-header-id\"><b>Generated Narrative: Patient defaultPatient</b></p><a name=\"defaultPatient\"> </a><a name=\"hcdefaultPatient\"> </a><a name=\"defaultPatient-en-US\"> </a><p style=\"border: 1px #661aff solid; background-color: #e6e6ff; padding: 10px;\">Jane Doe  Female, DoB: 1981-01-01</p><hr/></div>"
      },
      "name" : [{
        "family" : "Doe",
        "given" : ["Jane"]
      }],
      "gender" : "female",
      "birthDate" : "1981-01-01"
    }
  },
  {
    "resource" : {
      "resourceType" : "Condition",
      "id" : "1e82341b-b5a6-4318-87dc-9ea92ac65e52",
      "text" : {
        "status" : "generated",
        "div" : "<div xmlns=\"http://www.w3.org/1999/xhtml\"><a name=\"Condition_1e82341b-b5a6-4318-87dc-9ea92ac65e52\"> </a><p class=\"res-header-id\"><b>Generated Narrative: Condition 1e82341b-b5a6-4318-87dc-9ea92ac65e52</b></p><a name=\"1e82341b-b5a6-4318-87dc-9ea92ac65e52\"> </a><a name=\"hc1e82341b-b5a6-4318-87dc-9ea92ac65e52\"> </a><a name=\"1e82341b-b5a6-4318-87dc-9ea92ac65e52-en-US\"> </a><p><b>clinicalStatus</b>: <span title=\"Codes:{http://terminology.hl7.org/CodeSystem/condition-clinical active}\">Active</span></p><p><b>verificationStatus</b>: <span title=\"Codes:{http://terminology.hl7.org/CodeSystem/condition-ver-status confirmed}\">Confirmed</span></p><p><b>code</b>: <span title=\"Codes:{http://snomed.info/sct 412734009}\">BRCA1 gene mutation detected (finding)</span></p><p><b>subject</b>: <a href=\"Bundle-eve-Age45to54_act-acsavgrecs45_act-uspstfavgrecs.html#Patient_defaultPatient\">Bundle: type = collection</a></p></div>"
      },
      "clinicalStatus" : {
        "coding" : [{
          "system" : "http://terminology.hl7.org/CodeSystem/condition-clinical",
          "code" : "active"
        }]
      },
      "verificationStatus" : {
        "coding" : [{
          "system" : "http://terminology.hl7.org/CodeSystem/condition-ver-status",
          "code" : "confirmed"
        }]
      },
      "code" : {
        "coding" : [{
          "system" : "http://snomed.info/sct",
          "code" : "412734009",
          "display" : "BRCA1 gene mutation detected (finding)"
        }]
      },
      "subject" : {
        "reference" : "Patient/defaultPatient"
      }
    }
  }]
}