{
  "resourceType" : "CodeSystem",
  "id" : "plan-definition-action-code-system",
  "text" : {
    "status" : "generated",
    "div" : "<div xmlns=\"http://www.w3.org/1999/xhtml\"><p class=\"res-header-id\"><b>Generated Narrative: CodeSystem plan-definition-action-code-system</b></p><a name=\"plan-definition-action-code-system\"> </a><a name=\"hcplan-definition-action-code-system\"> </a><a name=\"plan-definition-action-code-system-en-US\"> </a><p>This  code system <code>http://cancerscreeningcds.github.io/bcsm-cds/CodeSystem/plan-definition-action-code-system</code> defines the following codes:</p><table class=\"codes\"><tr><td style=\"white-space:nowrap\"><b>Code</b></td><td><b>Display</b></td></tr><tr><td style=\"white-space:nowrap\">eligible<a name=\"plan-definition-action-code-system-eligible\"> </a></td><td>Eligible for screening</td></tr><tr><td style=\"white-space:nowrap\">noteligible<a name=\"plan-definition-action-code-system-noteligible\"> </a></td><td>Not eligible for screening</td></tr><tr><td style=\"white-space:nowrap\">diagtesting<a name=\"plan-definition-action-code-system-diagtesting\"> </a></td><td>Diagnostic testing</td></tr><tr><td style=\"white-space:nowrap\">error<a name=\"plan-definition-action-code-system-error\"> </a></td><td>An error occurred</td></tr><tr><td style=\"white-space:nowrap\">missingresultcode<a name=\"plan-definition-action-code-system-missingresultcode\"> </a></td><td>A laboratory test was found without a result</td></tr><tr><td style=\"white-space:nowrap\">unknownresultcode<a name=\"plan-definition-action-code-system-unknownresultcode\"> </a></td><td>A laboratory test was found with an unexpected result code</td></tr><tr><td style=\"white-space:nowrap\">sdmcontinue<a name=\"plan-definition-action-code-system-sdmcontinue\"> </a></td><td>Shared decision making to continue screening</td></tr><tr><td style=\"white-space:nowrap\">sdmdelay<a name=\"plan-definition-action-code-system-sdmdelay\"> </a></td><td>Shared decision making to delay screening</td></tr><tr><td style=\"white-space:nowrap\">specialtyreferral<a name=\"plan-definition-action-code-system-specialtyreferral\"> </a></td><td>Refer to specialist recommendations</td></tr><tr><td style=\"white-space:nowrap\">determinenextdue<a name=\"plan-definition-action-code-system-determinenextdue\"> </a></td><td>Determine next due date</td></tr><tr><td style=\"white-space:nowrap\">lifetimeriskassessment<a name=\"plan-definition-action-code-system-lifetimeriskassessment\"> </a></td><td>Lifetime risk assessment</td></tr><tr><td style=\"white-space:nowrap\">familialriskassessment<a name=\"plan-definition-action-code-system-familialriskassessment\"> </a></td><td>Familial risk assessment</td></tr><tr><td style=\"white-space:nowrap\">fhxrisktool<a name=\"plan-definition-action-code-system-fhxrisktool\"> </a></td><td>Brief familial risk assessment tool</td></tr><tr><td style=\"white-space:nowrap\">fhxriskassess<a name=\"plan-definition-action-code-system-fhxriskassess\"> </a></td><td>Informal familial risk assessment</td></tr><tr><td style=\"white-space:nowrap\">estlifexpectancy<a name=\"plan-definition-action-code-system-estlifexpectancy\"> </a></td><td>Consider life expectancy</td></tr><tr><td style=\"white-space:nowrap\">geneticriskreferral<a name=\"plan-definition-action-code-system-geneticriskreferral\"> </a></td><td>Genetic risk referral</td></tr><tr><td style=\"white-space:nowrap\">5yriskassessment<a name=\"plan-definition-action-code-system-5yriskassessment\"> </a></td><td>5 year risk assessment</td></tr><tr><td style=\"white-space:nowrap\">highriskreferral<a name=\"plan-definition-action-code-system-highriskreferral\"> </a></td><td>High risk referral</td></tr><tr><td style=\"white-space:nowrap\">breastbiopsy<a name=\"plan-definition-action-code-system-breastbiopsy\"> </a></td><td>Breast biopsy</td></tr><tr><td style=\"white-space:nowrap\">surgicalreferral<a name=\"plan-definition-action-code-system-surgicalreferral\"> </a></td><td>Breast surgeon referral</td></tr><tr><td style=\"white-space:nowrap\">oncreferral<a name=\"plan-definition-action-code-system-oncreferral\"> </a></td><td>Oncologic referral</td></tr></table></div>"
  },
  "url" : "http://cancerscreeningcds.github.io/bcsm-cds/CodeSystem/plan-definition-action-code-system",
  "version" : "1.0.0",
  "name" : "PlanDefinitionActionCodeSystem",
  "title" : "Plan Definition Action Code System",
  "status" : "draft",
  "experimental" : true,
  "date" : "2025-02-28T23:16:14+00:00",
  "publisher" : "MITRE",
  "contact" : [{
    "name" : "MITRE",
    "telecom" : [{
      "system" : "url",
      "value" : "https://www.mitre.org/"
    }]
  }],
  "description" : "Code representing plan definition action codes",
  "content" : "complete",
  "count" : 21,
  "concept" : [{
    "code" : "eligible",
    "display" : "Eligible for screening"
  },
  {
    "code" : "noteligible",
    "display" : "Not eligible for screening"
  },
  {
    "code" : "diagtesting",
    "display" : "Diagnostic testing"
  },
  {
    "code" : "error",
    "display" : "An error occurred"
  },
  {
    "code" : "missingresultcode",
    "display" : "A laboratory test was found without a result"
  },
  {
    "code" : "unknownresultcode",
    "display" : "A laboratory test was found with an unexpected result code"
  },
  {
    "code" : "sdmcontinue",
    "display" : "Shared decision making to continue screening"
  },
  {
    "code" : "sdmdelay",
    "display" : "Shared decision making to delay screening"
  },
  {
    "code" : "specialtyreferral",
    "display" : "Refer to specialist recommendations"
  },
  {
    "code" : "determinenextdue",
    "display" : "Determine next due date"
  },
  {
    "code" : "lifetimeriskassessment",
    "display" : "Lifetime risk assessment"
  },
  {
    "code" : "familialriskassessment",
    "display" : "Familial risk assessment"
  },
  {
    "code" : "fhxrisktool",
    "display" : "Brief familial risk assessment tool"
  },
  {
    "code" : "fhxriskassess",
    "display" : "Informal familial risk assessment"
  },
  {
    "code" : "estlifexpectancy",
    "display" : "Consider life expectancy"
  },
  {
    "code" : "geneticriskreferral",
    "display" : "Genetic risk referral"
  },
  {
    "code" : "5yriskassessment",
    "display" : "5 year risk assessment"
  },
  {
    "code" : "highriskreferral",
    "display" : "High risk referral"
  },
  {
    "code" : "breastbiopsy",
    "display" : "Breast biopsy"
  },
  {
    "code" : "surgicalreferral",
    "display" : "Breast surgeon referral"
  },
  {
    "code" : "oncreferral",
    "display" : "Oncologic referral"
  }]
}