{
  "resourceType" : "PlanDefinition",
  "id" : "flow-HighRiskExclusions",
  "meta" : {
    "profile" : ["http://hl7.org/fhir/uv/cpg/StructureDefinition/cpg-computableplandefinition"]
  },
  "text" : {
    "status" : "extensions",
    "div" : "<div xmlns=\"http://www.w3.org/1999/xhtml\">\n<div>\n    <table class=\"grid dict\">\n        \n        <tr>\n            <th scope=\"row\"><b>Id: </b></th>\n            <td style=\"padding-left: 4px;\">flow-HighRiskExclusions</td>\n        </tr>\n        \n\n        \n        <tr>\n            <th scope=\"row\"><b>Url: </b></th>\n            <td style=\"padding-left: 4px;\"><a href=\"PlanDefinition-flow-HighRiskExclusions.html\">High Risk Exclusions</a></td>\n        </tr>\n        \n\n        \n        <tr>\n            <th scope=\"row\"><b>Version: </b></th>\n            <td style=\"padding-left: 4px;\">1.0.0</td>\n        </tr>\n        \n\n        \n\n        \n        <tr>\n            <th scope=\"row\"><b>Title: </b></th>\n            <td style=\"padding-left: 4px;\">High Risk Exclusions</td>\n        </tr>\n        \n\n        \n\n        \n        <tr>\n            <th scope=\"row\"><b>Status: </b></th>\n            <td style=\"padding-left: 4px;\">draft</td>\n        </tr>\n        \n\n        \n        <tr>\n            <th scope=\"row\"><b>Experimental: </b></th>\n            <td style=\"padding-left: 4px;\">true</td>\n        </tr>\n        \n\n        \n        <tr>\n            <th scope=\"row\"><b>Type: </b></th>\n            <td style=\"padding-left: 4px;\">\n                \n                    \n                        \n                        <p style=\"margin-bottom: 5px;\">\n                            <b>system: </b> <span><a href=\"http://terminology.hl7.org/6.2.0/CodeSystem-plan-definition-type.html\">http://terminology.hl7.org/CodeSystem/plan-definition-type</a></span>\n                        </p>\n                        \n                        \n                        <p style=\"margin-bottom: 5px;\">\n                            <b>code: </b> <span>eca-rule</span>\n                        </p>\n                        \n                        \n                    \n                \n                \n            </td>\n        </tr>\n        \n\n        \n\n        \n        <tr>\n            <th scope=\"row\"><b>Date: </b></th>\n            <td style=\"padding-left: 4px;\">2024-10-22</td>\n        </tr>\n        \n\n        \n        <tr>\n            <th scope=\"row\"><b>Publisher: </b></th>\n            <td style=\"padding-left: 4px;\">MITRE</td>\n        </tr>\n        \n\n        \n        <tr>\n            <th scope=\"row\"><b>Description: </b></th>\n            <td style=\"padding-left: 4px;\"><div><p>Clinical characteristics that have been identified in the USPSTF breast screening recommendation statement as indicative of higher than average risk and therefore excluded from recommendation statement patient population. Provides criteria to determine age to start and age to stop, screening modality, and screening interval for these populations of patients.</p>\n</div></td>\n        </tr>\n        \n\n        \n        <tr>\n            <th scope=\"row\"><b>Knowledge Capability: </b></th>\n            <td style=\"padding-left: 4px;\">\n                \n                executable \n            </td>\n        </tr>\n        \n\n        \n        <tr>\n            <th scope=\"row\"><b>Knowledge Representation Level: </b></th>\n            <td style=\"padding-left: 4px;\">\n                \n                structured\n            </td>\n        </tr>\n        \n\n        \n\n        \n\n        \n\n        \n\n        \n\n        \n        <tr>\n            <th scope=\"row\"><b>Copyright: </b></th>\n            <td style=\"padding-left: 4px;\"><div><p>(C) 2024 The MITRE Corporation. All Rights Reserved. Approved for Public Release: 24-2711. Distribution Unlimited. Unless otherwise noted, this work is available under an Apache 2.0 license. It was produced by the MITRE Corporation for the Division of Cancer Prevention and Control, Centers for Disease Control and Prevention in accordance with the Statement of Work, contract number 75FCMC18D0047, task order number 75D30123F17931.</p>\n</div></td>\n        </tr>\n        \n\n        \n        <tr>\n            <th scope=\"row\"><b>Approval Date: </b></th>\n            <td style=\"padding-left: 4px;\">2024-10-22</td>\n        </tr>\n        \n\n        \n\n        \n\n        \n        <tr>\n            <th scope=\"row\"><b>Libraries: </b></th>\n            <td style=\"padding-left: 4px;\">\n                <table class=\"grid-dict\">\n                    \n                    <tr>\n                        <td><code>Library/HighRiskExclusions|1.0.0</code></td>\n                    </tr>\n                    \n                </table>\n            </td>\n        </tr>\n        \n\n        \n        <tr>\n            <th scope=\"row\"><b>Actions: </b></th>\n            <td style=\"padding-left: 4px;\">\n                <table class=\"grid-dict\">\n                    \n                    <tr>\n                        <td>\n                            \n                            <b> Annual screening mammogram starting age 30:</b> An annual screening mammogram starting at age 30 is recommended.\n\nWomen who are at higher than average risk for breast cancer based on known genetic markers or syndromes should get a mammogram every year, typically starting at age 30.\n                            \n                            <br/>\n                            \n                            \n                            <b>If:</b>\n                            \n                            <i>Applicability:</i>\n                            \n                            <i>(ExistsACSGeneticRiskMammo)</i>\n                            <br/>\n                            \n                            \n                            \n                            \n                            <b>Then:</b> <i>Definition:</i> <code>http://cancerscreeningcds.github.io/bcsm-cds/ActivityDefinition/BreastCancerScreeningServiceRequest|1.0.0</code><br/>\n                            \n                            <i>Dynamic Values:</i><br/>\n                            \n                            %action.code[0].coding[0]: <i>(ACSGeneticRiskMammoCode)</i>\n                            <br/>\n                            \n                            %action.timingTiming: <i>(ACSGeneticRiskMammoTiming)</i>\n                            <br/>\n                            \n                            %action.extension: <i>(ACSGeneticRiskMammoFlag)</i>\n                            <br/>\n                            \n                            code.coding[0]: <i>(ACSGeneticRiskMammoCode)</i>\n                            <br/>\n                            \n                            reasonCode[0].coding[0]: <i>(ACSGeneticRiskMammoReason)</i>\n                            <br/>\n                            \n                            occurrenceDateTime: <i>(ACSGeneticRiskMammoTimingEvent)</i>\n                            <br/>\n                            \n                            \n                            \n                            \n                        </td>\n                    </tr>\n                    \n                    <tr>\n                        <td>\n                            \n                            <b> Annual screening MRI starting age 30:</b> An annual screening MRI starting at age 30 is recommended.\n\nWomen who are at higher than average risk for breast cancer based on known genetic markers or syndromes should get a breast MRI every year, typically starting at age 30.\n                            \n                            <br/>\n                            \n                            \n                            <b>If:</b>\n                            \n                            <i>Applicability:</i>\n                            \n                            <i>(ExistsACSGeneticRiskMri)</i>\n                            <br/>\n                            \n                            \n                            \n                            \n                            <b>Then:</b> <i>Definition:</i> <code>http://cancerscreeningcds.github.io/bcsm-cds/ActivityDefinition/BreastCancerScreeningServiceRequest|1.0.0</code><br/>\n                            \n                            <i>Dynamic Values:</i><br/>\n                            \n                            %action.code[0].coding[0]: <i>(ACSGeneticRiskMriCode)</i>\n                            <br/>\n                            \n                            %action.timingTiming: <i>(ACSGeneticRiskMriTiming)</i>\n                            <br/>\n                            \n                            %action.extension: <i>(ACSGeneticRiskMriFlag)</i>\n                            <br/>\n                            \n                            code.coding[0]: <i>(ACSGeneticRiskMriCode)</i>\n                            <br/>\n                            \n                            reasonCode[0].coding[0]: <i>(ACSGeneticRiskMriReason)</i>\n                            <br/>\n                            \n                            occurrenceDateTime: <i>(ACSGeneticRiskMriTimingEvent)</i>\n                            <br/>\n                            \n                            \n                            \n                            \n                        </td>\n                    </tr>\n                    \n                    <tr>\n                        <td>\n                            \n                            <b> Refer to specialist recommendations:</b> A number of other genetic variants are known to be associated with an increased risk of developing of breast cancer. For known personal history of these variants, refer to the consulting geneticist or to high risk breast specialist for guidance on routine screening. \n\nVariants may include ATM, BARD1, CDH1, CHEK2, NF1, PALB2, RAD51C, RAD51D, STK11.\n                            \n                            <br/>\n                            \n                            \n                            <b>If:</b>\n                            \n                            <i>Applicability:</i>\n                            \n                            <i>(ExistsSpecialtyReferralGeneticRisk)</i>\n                            <br/>\n                            \n                            \n                            \n                            \n                            <b>Then:</b> <i>Definition:</i> <code>http://cancerscreeningcds.github.io/bcsm-cds/ActivityDefinition/BreastCancerScreeningServiceRequest|1.0.0</code><br/>\n                            \n                            <i>Dynamic Values:</i><br/>\n                            \n                            %action.code[0].coding[0]: <i>(SpecialtyReferralGeneticRiskCode)</i>\n                            <br/>\n                            \n                            code.coding[0]: <i>(SpecialtyReferralGeneticRiskCode)</i>\n                            <br/>\n                            \n                            reasonCode[0].coding[0]: <i>(SpecialtyReferralGeneticRiskReason)</i>\n                            <br/>\n                            \n                            \n                            \n                            \n                        </td>\n                    </tr>\n                    \n                    <tr>\n                        <td>\n                            \n                            <b> Annual screening mammogram:</b> An annual screening mammogram starting 8 years after radiotherapy and no earlier than age 25 is recommended.\n\nRefer to patient's Oncologic treatment team or Survivorship Care Plan for patient specific guidance.\n                            \n                            <br/>\n                            \n                            \n                            <b>If:</b>\n                            \n                            <i>Applicability:</i>\n                            \n                            <i>(ExistsACSMammoAfterRT)</i>\n                            <br/>\n                            \n                            \n                            \n                            \n                            <b>Then:</b> <i>Definition:</i> <code>http://cancerscreeningcds.github.io/bcsm-cds/ActivityDefinition/BreastCancerScreeningServiceRequest|1.0.0</code><br/>\n                            \n                            <i>Dynamic Values:</i><br/>\n                            \n                            %action.code[0].coding[0]: <i>(ACSMammoAfterRTCode)</i>\n                            <br/>\n                            \n                            %action.timingTiming: <i>(ACSMammoAfterRTTiming)</i>\n                            <br/>\n                            \n                            %action.extension: <i>(ACSMammoAfterRTFlag)</i>\n                            <br/>\n                            \n                            code.coding[0]: <i>(ACSMammoAfterRTCode)</i>\n                            <br/>\n                            \n                            reasonCode[0].coding[0]: <i>(ACSMammoAfterRTReason)</i>\n                            <br/>\n                            \n                            occurrenceDateTime: <i>(ACSMammoAfterRTTimingEvent)</i>\n                            <br/>\n                            \n                            \n                            \n                            \n                        </td>\n                    </tr>\n                    \n                    <tr>\n                        <td>\n                            \n                            <b> Annual screening MRI:</b> An annual screening MRI starting 8 years after radiotherapy and no earlier than age 25 is recommended.\n\nRefer to patient's Oncologic treatment team or Survivorship Care Plan for patient specific guidance.\n                            \n                            <br/>\n                            \n                            \n                            <b>If:</b>\n                            \n                            <i>Applicability:</i>\n                            \n                            <i>(ExistsACSMriAfterRT)</i>\n                            <br/>\n                            \n                            \n                            \n                            \n                            <b>Then:</b> <i>Definition:</i> <code>http://cancerscreeningcds.github.io/bcsm-cds/ActivityDefinition/BreastCancerScreeningServiceRequest|1.0.0</code><br/>\n                            \n                            <i>Dynamic Values:</i><br/>\n                            \n                            %action.code[0].coding[0]: <i>(ACSMriAfterRTCode)</i>\n                            <br/>\n                            \n                            %action.timingTiming: <i>(ACSMriAfterRTTiming)</i>\n                            <br/>\n                            \n                            %action.extension: <i>(ACSMriAfterRTFlag)</i>\n                            <br/>\n                            \n                            code.coding[0]: <i>(ACSMriAfterRTCode)</i>\n                            <br/>\n                            \n                            reasonCode[0].coding[0]: <i>(ACSMriAfterRTReason)</i>\n                            <br/>\n                            \n                            occurrenceDateTime: <i>(ACSMriAfterRTTimingEvent)</i>\n                            <br/>\n                            \n                            \n                            \n                            \n                        </td>\n                    </tr>\n                    \n                    <tr>\n                        <td>\n                            \n                            <b> Annual screening mammogram:</b> Annual screening mammogram after 5 years from breast cancer onset is recomended.\n                            \n                            <br/>\n                            \n                            \n                            <b>If:</b>\n                            \n                            <i>Applicability:</i>\n                            \n                            <i>(ExistsACSMammoAfterBrca)</i>\n                            <br/>\n                            \n                            \n                            \n                            \n                            <b>Then:</b> <i>Definition:</i> <code>http://cancerscreeningcds.github.io/bcsm-cds/ActivityDefinition/BreastCancerScreeningServiceRequest|1.0.0</code><br/>\n                            \n                            <i>Dynamic Values:</i><br/>\n                            \n                            %action.code[0].coding[0]: <i>(ACSMammoAfterBrcaCode)</i>\n                            <br/>\n                            \n                            %action.timingTiming: <i>(ACSMammoAfterBrcaTiming)</i>\n                            <br/>\n                            \n                            %action.extension: <i>(ACSMammoAfterBrcaFlag)</i>\n                            <br/>\n                            \n                            code.coding[0]: <i>(ACSMammoAfterBrcaCode)</i>\n                            <br/>\n                            \n                            reasonCode[0].coding[0]: <i>(ACSMammoAfterBrcaReason)</i>\n                            <br/>\n                            \n                            occurrenceDateTime: <i>(ACSMammoAfterBrcaTimingEvent)</i>\n                            <br/>\n                            \n                            \n                            \n                            \n                        </td>\n                    </tr>\n                    \n                    <tr>\n                        <td>\n                            \n                            <b> Refer to Oncologic care plan:</b> Previous breast cancer within 5 years may require enhanced surveillance including diagnostic mammogram. \n\nRefer to patient's Oncologic treatment team or Survivorship Care Plan for patient specific guidance.\n                            \n                            <br/>\n                            \n                            \n                            <b>If:</b>\n                            \n                            <i>Applicability:</i>\n                            \n                            <i>(ExistsSpecialtyReferralBreastCaWithin5y)</i>\n                            <br/>\n                            \n                            \n                            \n                            \n                            <b>Then:</b> <i>Definition:</i> <code>http://cancerscreeningcds.github.io/bcsm-cds/ActivityDefinition/BreastCancerScreeningServiceRequest|1.0.0</code><br/>\n                            \n                            <i>Dynamic Values:</i><br/>\n                            \n                            %action.code[0].coding[0]: <i>(SpecialtyReferralBreastCaWithin5yCode)</i>\n                            <br/>\n                            \n                            code.coding[0]: <i>(SpecialtyReferralBreastCaWithin5yCode)</i>\n                            <br/>\n                            \n                            reasonCode[0].coding[0]: <i>(SpecialtyReferralBreastCaWithin5yReason)</i>\n                            <br/>\n                            \n                            \n                            \n                            \n                        </td>\n                    </tr>\n                    \n                    <tr>\n                        <td>\n                            \n                            <b> Annual screening mammogram starting age 30:</b> An annual screening mammogram starting at age 30 is recommended.\n\nWomen who are at higher than average risk for breast cancer based on past atypical biopsy should get a mammogram every year, typically starting at age 30.\n\n                            \n                            <br/>\n                            \n                            \n                            <b>If:</b>\n                            \n                            <i>Applicability:</i>\n                            \n                            <i>(ExistsACSMammoAtypicalBiopsy)</i>\n                            <br/>\n                            \n                            \n                            \n                            \n                            <b>Then:</b> <i>Definition:</i> <code>http://cancerscreeningcds.github.io/bcsm-cds/ActivityDefinition/BreastCancerScreeningServiceRequest|1.0.0</code><br/>\n                            \n                            <i>Dynamic Values:</i><br/>\n                            \n                            %action.code[0].coding[0]: <i>(ACSMammoAtypicalBiopsyCode)</i>\n                            <br/>\n                            \n                            %action.timingTiming: <i>(ACSMammoAtypicalBiopsyTiming)</i>\n                            <br/>\n                            \n                            %action.extension: <i>(ACSMammoAtypicalBiopsyFlag)</i>\n                            <br/>\n                            \n                            code.coding[0]: <i>(ACSMammoAtypicalBiopsyCode)</i>\n                            <br/>\n                            \n                            reasonCode[0].coding[0]: <i>(ACSMammoAtypicalBiopsyReason)</i>\n                            <br/>\n                            \n                            occurrenceDateTime: <i>(ACSMammoAtypicalBiopsyTimingEvent)</i>\n                            <br/>\n                            \n                            \n                            \n                            \n                        </td>\n                    </tr>\n                    \n                    <tr>\n                        <td>\n                            \n                            <b> Perform lifetime risk assessment:</b> Consider performing assessment of lifetime risk. \n\nIf estimated lifetime risk is &gt;20%, patient may be eligible for supplemental screening with annual screening MRI.\n                            \n                            <br/>\n                            \n                            \n                            <b>If:</b>\n                            \n                            <i>Applicability:</i>\n                            \n                            <i>(ExistsACSAtypicalBiopsy)</i>\n                            <br/>\n                            \n                            \n                            \n                            \n                            <b>Then:</b> <i>Definition:</i> <code>http://cancerscreeningcds.github.io/bcsm-cds/ActivityDefinition/BreastCancerScreeningServiceRequest|1.0.0</code><br/>\n                            \n                            <i>Dynamic Values:</i><br/>\n                            \n                            %action.code[0].coding[0]: <i>(ACSAtypicalBiopsyCode)</i>\n                            <br/>\n                            \n                            code.coding[0]: <i>(ACSAtypicalBiopsyCode)</i>\n                            <br/>\n                            \n                            reasonCode[0].coding[0]: <i>(ACSAtypicalBiopsyReason)</i>\n                            <br/>\n                            \n                            \n                            \n                            \n                        </td>\n                    </tr>\n                    \n                    <tr>\n                        <td>\n                            \n                            <b> Annual screening MRI starting age 30:</b> An annual screening MRI starting at age 30 is recommended in patients with past atypical biopsy and lifetime risk &gt; 20-25%.\n                            \n                            <br/>\n                            \n                            \n                            <b>If:</b>\n                            \n                            <i>Applicability:</i>\n                            \n                            <i>(ExistsACSMriAtypicalBiopsyHighRisk)</i>\n                            <br/>\n                            \n                            \n                            \n                            \n                            <b>Then:</b> <i>Definition:</i> <code>http://cancerscreeningcds.github.io/bcsm-cds/ActivityDefinition/BreastCancerScreeningServiceRequest|1.0.0</code><br/>\n                            \n                            <i>Dynamic Values:</i><br/>\n                            \n                            %action.code[0].coding[0]: <i>(ACSMriAtypicalBiopsyHighRiskCode)</i>\n                            <br/>\n                            \n                            %action.timingTiming: <i>(ACSMriAtypicalBiopsyHighRiskTiming)</i>\n                            <br/>\n                            \n                            %action.extension: <i>(ACSMriAtypicalBiopsyHighRiskFlag)</i>\n                            <br/>\n                            \n                            code.coding[0]: <i>(ACSMriAtypicalBiopsyHighRiskCode)</i>\n                            <br/>\n                            \n                            reasonCode[0].coding[0]: <i>(ACSMriAtypicalBiopsyHighRiskReason)</i>\n                            <br/>\n                            \n                            occurrenceDateTime: <i>(ACSMriAtypicalBiopsyHighRiskTimingEvent)</i>\n                            <br/>\n                            \n                            \n                            \n                            \n                        </td>\n                    </tr>\n                    \n                </table>\n            </td>\n        </tr>\n        \n    </table>\n</div>\n</div>"
  },
  "extension" : [{
    "url" : "http://hl7.org/fhir/uv/cpg/StructureDefinition/cpg-knowledgeCapability",
    "valueCode" : "executable"
  },
  {
    "url" : "http://hl7.org/fhir/uv/cpg/StructureDefinition/cpg-knowledgeRepresentationLevel",
    "valueCode" : "structured"
  }],
  "url" : "http://cancerscreeningcds.github.io/bcsm-cds/PlanDefinition/flow-HighRiskExclusions",
  "version" : "1.0.0",
  "name" : "flow-HighRiskExclusions",
  "title" : "High Risk Exclusions",
  "type" : {
    "coding" : [{
      "system" : "http://terminology.hl7.org/CodeSystem/plan-definition-type",
      "code" : "eca-rule"
    }]
  },
  "status" : "draft",
  "experimental" : true,
  "date" : "2024-10-22",
  "publisher" : "MITRE",
  "contact" : [{
    "name" : "MITRE",
    "telecom" : [{
      "system" : "url",
      "value" : "https://www.mitre.org/"
    }]
  }],
  "description" : "Clinical characteristics that have been identified in the USPSTF breast screening recommendation statement as indicative of higher than average risk and therefore excluded from recommendation statement patient population. Provides criteria to determine age to start and age to stop, screening modality, and screening interval for these populations of patients.",
  "copyright" : "(C) 2024 The MITRE Corporation. All Rights Reserved. Approved for Public Release: 24-2711. Distribution Unlimited. Unless otherwise noted, this work is available under an Apache 2.0 license. It was produced by the MITRE Corporation for the Division of Cancer Prevention and Control, Centers for Disease Control and Prevention in accordance with the Statement of Work, contract number 75FCMC18D0047, task order number 75D30123F17931.",
  "approvalDate" : "2024-10-22",
  "lastReviewDate" : "2024-10-22",
  "author" : [{
    "name" : "The Health FFRDC, operated by The MITRE Corporation, in support of the Division of Cancer Prevention and Control, Centers for Disease Control and Prevention."
  }],
  "editor" : [{
    "name" : "Division of Cancer Prevention and Control, Centers for Disease Control and Prevention"
  }],
  "reviewer" : [{
    "name" : "Division of Cancer Prevention and Control, Centers for Disease Control and Prevention"
  }],
  "endorser" : [{
    "name" : "Division of Cancer Prevention and Control, Centers for Disease Control and Prevention"
  }],
  "library" : ["Library/HighRiskExclusions|1.0.0"],
  "action" : [{
    "id" : "ACSGeneticRiskMammo",
    "title" : "Annual screening mammogram starting age 30",
    "description" : "An annual screening mammogram starting at age 30 is recommended.\n\nWomen who are at higher than average risk for breast cancer based on known genetic markers or syndromes should get a mammogram every year, typically starting at age 30.",
    "documentation" : [{
      "type" : "citation",
      "label" : "ACS",
      "display" : "American Cancer Society Recommendations for the Early Detection of Breast Cancer",
      "url" : "https://www.cancer.org/cancer/types/breast-cancer/screening-tests-and-early-detection/american-cancer-society-recommendations-for-the-early-detection-of-breast-cancer.html",
      "document" : {
        "url" : "https://www.cancer.org/cancer/types/breast-cancer/screening-tests-and-early-detection/american-cancer-society-recommendations-for-the-early-detection-of-breast-cancer.html"
      }
    }],
    "condition" : [{
      "kind" : "applicability",
      "expression" : {
        "language" : "text/cql-identifier",
        "expression" : "ExistsACSGeneticRiskMammo"
      }
    }],
    "definitionCanonical" : "http://cancerscreeningcds.github.io/bcsm-cds/ActivityDefinition/BreastCancerScreeningServiceRequest|1.0.0",
    "dynamicValue" : [{
      "path" : "%action.code[0].coding[0]",
      "expression" : {
        "language" : "text/cql-identifier",
        "expression" : "ACSGeneticRiskMammoCode"
      }
    },
    {
      "path" : "%action.timingTiming",
      "expression" : {
        "language" : "text/cql-identifier",
        "expression" : "ACSGeneticRiskMammoTiming"
      }
    },
    {
      "path" : "%action.extension",
      "expression" : {
        "language" : "text/cql-identifier",
        "expression" : "ACSGeneticRiskMammoFlag"
      }
    },
    {
      "path" : "code.coding[0]",
      "expression" : {
        "language" : "text/cql-identifier",
        "expression" : "ACSGeneticRiskMammoCode"
      }
    },
    {
      "path" : "reasonCode[0].coding[0]",
      "expression" : {
        "language" : "text/cql-identifier",
        "expression" : "ACSGeneticRiskMammoReason"
      }
    },
    {
      "path" : "occurrenceDateTime",
      "expression" : {
        "language" : "text/cql-identifier",
        "expression" : "ACSGeneticRiskMammoTimingEvent"
      }
    }]
  },
  {
    "id" : "ACSGeneticRiskMri",
    "title" : "Annual screening MRI starting age 30",
    "description" : "An annual screening MRI starting at age 30 is recommended.\n\nWomen who are at higher than average risk for breast cancer based on known genetic markers or syndromes should get a breast MRI every year, typically starting at age 30.",
    "documentation" : [{
      "type" : "citation",
      "label" : "ACS",
      "display" : "American Cancer Society Guidelines for Breast Screening with MRI as an Adjunct to Mammography",
      "citation" : "Oeffinger KC, Fontham ETH, Etzioni R, et al. Breast Cancer Screening for Women at Average Risk: 2015 Guideline Update From the American Cancer Society. JAMA. 2015;314(15):1599–1614.",
      "url" : "https://acsjournals.onlinelibrary.wiley.com/doi/full/10.3322/canjclin.57.2.75",
      "document" : {
        "url" : "https://acsjournals.onlinelibrary.wiley.com/doi/full/10.3322/canjclin.57.2.75"
      }
    }],
    "condition" : [{
      "kind" : "applicability",
      "expression" : {
        "language" : "text/cql-identifier",
        "expression" : "ExistsACSGeneticRiskMri"
      }
    }],
    "definitionCanonical" : "http://cancerscreeningcds.github.io/bcsm-cds/ActivityDefinition/BreastCancerScreeningServiceRequest|1.0.0",
    "dynamicValue" : [{
      "path" : "%action.code[0].coding[0]",
      "expression" : {
        "language" : "text/cql-identifier",
        "expression" : "ACSGeneticRiskMriCode"
      }
    },
    {
      "path" : "%action.timingTiming",
      "expression" : {
        "language" : "text/cql-identifier",
        "expression" : "ACSGeneticRiskMriTiming"
      }
    },
    {
      "path" : "%action.extension",
      "expression" : {
        "language" : "text/cql-identifier",
        "expression" : "ACSGeneticRiskMriFlag"
      }
    },
    {
      "path" : "code.coding[0]",
      "expression" : {
        "language" : "text/cql-identifier",
        "expression" : "ACSGeneticRiskMriCode"
      }
    },
    {
      "path" : "reasonCode[0].coding[0]",
      "expression" : {
        "language" : "text/cql-identifier",
        "expression" : "ACSGeneticRiskMriReason"
      }
    },
    {
      "path" : "occurrenceDateTime",
      "expression" : {
        "language" : "text/cql-identifier",
        "expression" : "ACSGeneticRiskMriTimingEvent"
      }
    }]
  },
  {
    "id" : "SpecialtyReferralGeneticRisk",
    "title" : "Refer to specialist recommendations",
    "description" : "A number of other genetic variants are known to be associated with an increased risk of developing of breast cancer. For known personal history of these variants, refer to the consulting geneticist or to high risk breast specialist for guidance on routine screening. \n\nVariants may include ATM, BARD1, CDH1, CHEK2, NF1, PALB2, RAD51C, RAD51D, STK11.",
    "condition" : [{
      "kind" : "applicability",
      "expression" : {
        "language" : "text/cql-identifier",
        "expression" : "ExistsSpecialtyReferralGeneticRisk"
      }
    }],
    "definitionCanonical" : "http://cancerscreeningcds.github.io/bcsm-cds/ActivityDefinition/BreastCancerScreeningServiceRequest|1.0.0",
    "dynamicValue" : [{
      "path" : "%action.code[0].coding[0]",
      "expression" : {
        "language" : "text/cql-identifier",
        "expression" : "SpecialtyReferralGeneticRiskCode"
      }
    },
    {
      "path" : "code.coding[0]",
      "expression" : {
        "language" : "text/cql-identifier",
        "expression" : "SpecialtyReferralGeneticRiskCode"
      }
    },
    {
      "path" : "reasonCode[0].coding[0]",
      "expression" : {
        "language" : "text/cql-identifier",
        "expression" : "SpecialtyReferralGeneticRiskReason"
      }
    }]
  },
  {
    "id" : "ACSMammoAfterRT",
    "title" : "Annual screening mammogram",
    "description" : "An annual screening mammogram starting 8 years after radiotherapy and no earlier than age 25 is recommended.\n\nRefer to patient's Oncologic treatment team or Survivorship Care Plan for patient specific guidance.",
    "documentation" : [{
      "type" : "citation",
      "label" : "ACS",
      "display" : "American Cancer Society Recommendations for the Early Detection of Breast Cancer",
      "url" : "https://www.cancer.org/cancer/types/breast-cancer/screening-tests-and-early-detection/american-cancer-society-recommendations-for-the-early-detection-of-breast-cancer.html",
      "document" : {
        "url" : "https://www.cancer.org/cancer/types/breast-cancer/screening-tests-and-early-detection/american-cancer-society-recommendations-for-the-early-detection-of-breast-cancer.html"
      }
    }],
    "condition" : [{
      "kind" : "applicability",
      "expression" : {
        "language" : "text/cql-identifier",
        "expression" : "ExistsACSMammoAfterRT"
      }
    }],
    "definitionCanonical" : "http://cancerscreeningcds.github.io/bcsm-cds/ActivityDefinition/BreastCancerScreeningServiceRequest|1.0.0",
    "dynamicValue" : [{
      "path" : "%action.code[0].coding[0]",
      "expression" : {
        "language" : "text/cql-identifier",
        "expression" : "ACSMammoAfterRTCode"
      }
    },
    {
      "path" : "%action.timingTiming",
      "expression" : {
        "language" : "text/cql-identifier",
        "expression" : "ACSMammoAfterRTTiming"
      }
    },
    {
      "path" : "%action.extension",
      "expression" : {
        "language" : "text/cql-identifier",
        "expression" : "ACSMammoAfterRTFlag"
      }
    },
    {
      "path" : "code.coding[0]",
      "expression" : {
        "language" : "text/cql-identifier",
        "expression" : "ACSMammoAfterRTCode"
      }
    },
    {
      "path" : "reasonCode[0].coding[0]",
      "expression" : {
        "language" : "text/cql-identifier",
        "expression" : "ACSMammoAfterRTReason"
      }
    },
    {
      "path" : "occurrenceDateTime",
      "expression" : {
        "language" : "text/cql-identifier",
        "expression" : "ACSMammoAfterRTTimingEvent"
      }
    }]
  },
  {
    "id" : "ACSMriAfterRT",
    "title" : "Annual screening MRI",
    "description" : "An annual screening MRI starting 8 years after radiotherapy and no earlier than age 25 is recommended.\n\nRefer to patient's Oncologic treatment team or Survivorship Care Plan for patient specific guidance.",
    "documentation" : [{
      "type" : "citation",
      "label" : "ACS",
      "display" : "American Cancer Society Guidelines for Breast Screening with MRI as an Adjunct to Mammography",
      "citation" : "Oeffinger KC, Fontham ETH, Etzioni R, et al. Breast Cancer Screening for Women at Average Risk: 2015 Guideline Update From the American Cancer Society. JAMA. 2015;314(15):1599–1614.",
      "url" : "https://acsjournals.onlinelibrary.wiley.com/doi/full/10.3322/canjclin.57.2.75",
      "document" : {
        "url" : "https://acsjournals.onlinelibrary.wiley.com/doi/full/10.3322/canjclin.57.2.75"
      }
    }],
    "condition" : [{
      "kind" : "applicability",
      "expression" : {
        "language" : "text/cql-identifier",
        "expression" : "ExistsACSMriAfterRT"
      }
    }],
    "definitionCanonical" : "http://cancerscreeningcds.github.io/bcsm-cds/ActivityDefinition/BreastCancerScreeningServiceRequest|1.0.0",
    "dynamicValue" : [{
      "path" : "%action.code[0].coding[0]",
      "expression" : {
        "language" : "text/cql-identifier",
        "expression" : "ACSMriAfterRTCode"
      }
    },
    {
      "path" : "%action.timingTiming",
      "expression" : {
        "language" : "text/cql-identifier",
        "expression" : "ACSMriAfterRTTiming"
      }
    },
    {
      "path" : "%action.extension",
      "expression" : {
        "language" : "text/cql-identifier",
        "expression" : "ACSMriAfterRTFlag"
      }
    },
    {
      "path" : "code.coding[0]",
      "expression" : {
        "language" : "text/cql-identifier",
        "expression" : "ACSMriAfterRTCode"
      }
    },
    {
      "path" : "reasonCode[0].coding[0]",
      "expression" : {
        "language" : "text/cql-identifier",
        "expression" : "ACSMriAfterRTReason"
      }
    },
    {
      "path" : "occurrenceDateTime",
      "expression" : {
        "language" : "text/cql-identifier",
        "expression" : "ACSMriAfterRTTimingEvent"
      }
    }]
  },
  {
    "id" : "ACSMammoAfterBrca",
    "title" : "Annual screening mammogram",
    "description" : "Annual screening mammogram after 5 years from breast cancer onset is recomended.",
    "documentation" : [{
      "type" : "citation",
      "label" : "ACS",
      "display" : "American Cancer Society Recommendations for the Early Detection of Breast Cancer",
      "url" : "https://www.cancer.org/cancer/types/breast-cancer/screening-tests-and-early-detection/american-cancer-society-recommendations-for-the-early-detection-of-breast-cancer.html",
      "document" : {
        "url" : "https://www.cancer.org/cancer/types/breast-cancer/screening-tests-and-early-detection/american-cancer-society-recommendations-for-the-early-detection-of-breast-cancer.html"
      }
    }],
    "condition" : [{
      "kind" : "applicability",
      "expression" : {
        "language" : "text/cql-identifier",
        "expression" : "ExistsACSMammoAfterBrca"
      }
    }],
    "definitionCanonical" : "http://cancerscreeningcds.github.io/bcsm-cds/ActivityDefinition/BreastCancerScreeningServiceRequest|1.0.0",
    "dynamicValue" : [{
      "path" : "%action.code[0].coding[0]",
      "expression" : {
        "language" : "text/cql-identifier",
        "expression" : "ACSMammoAfterBrcaCode"
      }
    },
    {
      "path" : "%action.timingTiming",
      "expression" : {
        "language" : "text/cql-identifier",
        "expression" : "ACSMammoAfterBrcaTiming"
      }
    },
    {
      "path" : "%action.extension",
      "expression" : {
        "language" : "text/cql-identifier",
        "expression" : "ACSMammoAfterBrcaFlag"
      }
    },
    {
      "path" : "code.coding[0]",
      "expression" : {
        "language" : "text/cql-identifier",
        "expression" : "ACSMammoAfterBrcaCode"
      }
    },
    {
      "path" : "reasonCode[0].coding[0]",
      "expression" : {
        "language" : "text/cql-identifier",
        "expression" : "ACSMammoAfterBrcaReason"
      }
    },
    {
      "path" : "occurrenceDateTime",
      "expression" : {
        "language" : "text/cql-identifier",
        "expression" : "ACSMammoAfterBrcaTimingEvent"
      }
    }]
  },
  {
    "id" : "SpecialtyReferralBreastCaWithin5y",
    "title" : "Refer to Oncologic care plan",
    "description" : "Previous breast cancer within 5 years may require enhanced surveillance including diagnostic mammogram. \n\nRefer to patient's Oncologic treatment team or Survivorship Care Plan for patient specific guidance.",
    "condition" : [{
      "kind" : "applicability",
      "expression" : {
        "language" : "text/cql-identifier",
        "expression" : "ExistsSpecialtyReferralBreastCaWithin5y"
      }
    }],
    "definitionCanonical" : "http://cancerscreeningcds.github.io/bcsm-cds/ActivityDefinition/BreastCancerScreeningServiceRequest|1.0.0",
    "dynamicValue" : [{
      "path" : "%action.code[0].coding[0]",
      "expression" : {
        "language" : "text/cql-identifier",
        "expression" : "SpecialtyReferralBreastCaWithin5yCode"
      }
    },
    {
      "path" : "code.coding[0]",
      "expression" : {
        "language" : "text/cql-identifier",
        "expression" : "SpecialtyReferralBreastCaWithin5yCode"
      }
    },
    {
      "path" : "reasonCode[0].coding[0]",
      "expression" : {
        "language" : "text/cql-identifier",
        "expression" : "SpecialtyReferralBreastCaWithin5yReason"
      }
    }]
  },
  {
    "id" : "ACSMammoAtypicalBiopsy",
    "title" : "Annual screening mammogram starting age 30",
    "description" : "An annual screening mammogram starting at age 30 is recommended.\n\nWomen who are at higher than average risk for breast cancer based on past atypical biopsy should get a mammogram every year, typically starting at age 30.\n",
    "documentation" : [{
      "type" : "citation",
      "label" : "ACS",
      "display" : "American Cancer Society Recommendations for the Early Detection of Breast Cancer",
      "url" : "https://www.cancer.org/cancer/types/breast-cancer/screening-tests-and-early-detection/american-cancer-society-recommendations-for-the-early-detection-of-breast-cancer.html",
      "document" : {
        "url" : "https://www.cancer.org/cancer/types/breast-cancer/screening-tests-and-early-detection/american-cancer-society-recommendations-for-the-early-detection-of-breast-cancer.html"
      }
    }],
    "condition" : [{
      "kind" : "applicability",
      "expression" : {
        "language" : "text/cql-identifier",
        "expression" : "ExistsACSMammoAtypicalBiopsy"
      }
    }],
    "definitionCanonical" : "http://cancerscreeningcds.github.io/bcsm-cds/ActivityDefinition/BreastCancerScreeningServiceRequest|1.0.0",
    "dynamicValue" : [{
      "path" : "%action.code[0].coding[0]",
      "expression" : {
        "language" : "text/cql-identifier",
        "expression" : "ACSMammoAtypicalBiopsyCode"
      }
    },
    {
      "path" : "%action.timingTiming",
      "expression" : {
        "language" : "text/cql-identifier",
        "expression" : "ACSMammoAtypicalBiopsyTiming"
      }
    },
    {
      "path" : "%action.extension",
      "expression" : {
        "language" : "text/cql-identifier",
        "expression" : "ACSMammoAtypicalBiopsyFlag"
      }
    },
    {
      "path" : "code.coding[0]",
      "expression" : {
        "language" : "text/cql-identifier",
        "expression" : "ACSMammoAtypicalBiopsyCode"
      }
    },
    {
      "path" : "reasonCode[0].coding[0]",
      "expression" : {
        "language" : "text/cql-identifier",
        "expression" : "ACSMammoAtypicalBiopsyReason"
      }
    },
    {
      "path" : "occurrenceDateTime",
      "expression" : {
        "language" : "text/cql-identifier",
        "expression" : "ACSMammoAtypicalBiopsyTimingEvent"
      }
    }]
  },
  {
    "id" : "ACSAtypicalBiopsy",
    "title" : "Perform lifetime risk assessment",
    "description" : "Consider performing assessment of lifetime risk. \n\nIf estimated lifetime risk is >20%, patient may be eligible for supplemental screening with annual screening MRI.",
    "documentation" : [{
      "type" : "citation",
      "label" : "ACS",
      "display" : "American Cancer Society Guidelines for Breast Screening with MRI as an Adjunct to Mammography",
      "citation" : "Oeffinger KC, Fontham ETH, Etzioni R, et al. Breast Cancer Screening for Women at Average Risk: 2015 Guideline Update From the American Cancer Society. JAMA. 2015;314(15):1599–1614.",
      "url" : "https://acsjournals.onlinelibrary.wiley.com/doi/full/10.3322/canjclin.57.2.75",
      "document" : {
        "url" : "https://acsjournals.onlinelibrary.wiley.com/doi/full/10.3322/canjclin.57.2.75"
      }
    }],
    "condition" : [{
      "kind" : "applicability",
      "expression" : {
        "language" : "text/cql-identifier",
        "expression" : "ExistsACSAtypicalBiopsy"
      }
    }],
    "definitionCanonical" : "http://cancerscreeningcds.github.io/bcsm-cds/ActivityDefinition/BreastCancerScreeningServiceRequest|1.0.0",
    "dynamicValue" : [{
      "path" : "%action.code[0].coding[0]",
      "expression" : {
        "language" : "text/cql-identifier",
        "expression" : "ACSAtypicalBiopsyCode"
      }
    },
    {
      "path" : "code.coding[0]",
      "expression" : {
        "language" : "text/cql-identifier",
        "expression" : "ACSAtypicalBiopsyCode"
      }
    },
    {
      "path" : "reasonCode[0].coding[0]",
      "expression" : {
        "language" : "text/cql-identifier",
        "expression" : "ACSAtypicalBiopsyReason"
      }
    }]
  },
  {
    "id" : "ACSMriAtypicalBiopsyHighRisk",
    "title" : "Annual screening MRI starting age 30",
    "description" : "An annual screening MRI starting at age 30 is recommended in patients with past atypical biopsy and lifetime risk > 20-25%.",
    "documentation" : [{
      "type" : "citation",
      "label" : "ACS",
      "display" : "American Cancer Society Guidelines for Breast Screening with MRI as an Adjunct to Mammography",
      "citation" : "Oeffinger KC, Fontham ETH, Etzioni R, et al. Breast Cancer Screening for Women at Average Risk: 2015 Guideline Update From the American Cancer Society. JAMA. 2015;314(15):1599–1614.",
      "url" : "https://acsjournals.onlinelibrary.wiley.com/doi/full/10.3322/canjclin.57.2.75",
      "document" : {
        "url" : "https://acsjournals.onlinelibrary.wiley.com/doi/full/10.3322/canjclin.57.2.75"
      }
    }],
    "condition" : [{
      "kind" : "applicability",
      "expression" : {
        "language" : "text/cql-identifier",
        "expression" : "ExistsACSMriAtypicalBiopsyHighRisk"
      }
    }],
    "definitionCanonical" : "http://cancerscreeningcds.github.io/bcsm-cds/ActivityDefinition/BreastCancerScreeningServiceRequest|1.0.0",
    "dynamicValue" : [{
      "path" : "%action.code[0].coding[0]",
      "expression" : {
        "language" : "text/cql-identifier",
        "expression" : "ACSMriAtypicalBiopsyHighRiskCode"
      }
    },
    {
      "path" : "%action.timingTiming",
      "expression" : {
        "language" : "text/cql-identifier",
        "expression" : "ACSMriAtypicalBiopsyHighRiskTiming"
      }
    },
    {
      "path" : "%action.extension",
      "expression" : {
        "language" : "text/cql-identifier",
        "expression" : "ACSMriAtypicalBiopsyHighRiskFlag"
      }
    },
    {
      "path" : "code.coding[0]",
      "expression" : {
        "language" : "text/cql-identifier",
        "expression" : "ACSMriAtypicalBiopsyHighRiskCode"
      }
    },
    {
      "path" : "reasonCode[0].coding[0]",
      "expression" : {
        "language" : "text/cql-identifier",
        "expression" : "ACSMriAtypicalBiopsyHighRiskReason"
      }
    },
    {
      "path" : "occurrenceDateTime",
      "expression" : {
        "language" : "text/cql-identifier",
        "expression" : "ACSMriAtypicalBiopsyHighRiskTimingEvent"
      }
    }]
  }]
}