{
  "resourceType" : "PlanDefinition",
  "id" : "flow-AverageRisk",
  "meta" : {
    "profile" : ["http://hl7.org/fhir/uv/cpg/StructureDefinition/cpg-computableplandefinition"]
  },
  "text" : {
    "status" : "extensions",
    "div" : "<div xmlns=\"http://www.w3.org/1999/xhtml\">\n<div>\n    <table class=\"grid dict\">\n        \n        <tr>\n            <th scope=\"row\"><b>Id: </b></th>\n            <td style=\"padding-left: 4px;\">flow-AverageRisk</td>\n        </tr>\n        \n\n        \n        <tr>\n            <th scope=\"row\"><b>Url: </b></th>\n            <td style=\"padding-left: 4px;\"><a href=\"PlanDefinition-flow-AverageRisk.html\">Average Risk</a></td>\n        </tr>\n        \n\n        \n        <tr>\n            <th scope=\"row\"><b>Version: </b></th>\n            <td style=\"padding-left: 4px;\">1.0.0</td>\n        </tr>\n        \n\n        \n\n        \n        <tr>\n            <th scope=\"row\"><b>Title: </b></th>\n            <td style=\"padding-left: 4px;\">Average Risk</td>\n        </tr>\n        \n\n        \n\n        \n        <tr>\n            <th scope=\"row\"><b>Status: </b></th>\n            <td style=\"padding-left: 4px;\">draft</td>\n        </tr>\n        \n\n        \n        <tr>\n            <th scope=\"row\"><b>Experimental: </b></th>\n            <td style=\"padding-left: 4px;\">true</td>\n        </tr>\n        \n\n        \n        <tr>\n            <th scope=\"row\"><b>Type: </b></th>\n            <td style=\"padding-left: 4px;\">\n                \n                    \n                        \n                        <p style=\"margin-bottom: 5px;\">\n                            <b>system: </b> <span><a href=\"http://terminology.hl7.org/6.2.0/CodeSystem-plan-definition-type.html\">http://terminology.hl7.org/CodeSystem/plan-definition-type</a></span>\n                        </p>\n                        \n                        \n                        <p style=\"margin-bottom: 5px;\">\n                            <b>code: </b> <span>eca-rule</span>\n                        </p>\n                        \n                        \n                    \n                \n                \n            </td>\n        </tr>\n        \n\n        \n\n        \n        <tr>\n            <th scope=\"row\"><b>Date: </b></th>\n            <td style=\"padding-left: 4px;\">2024-10-22</td>\n        </tr>\n        \n\n        \n        <tr>\n            <th scope=\"row\"><b>Publisher: </b></th>\n            <td style=\"padding-left: 4px;\">MITRE</td>\n        </tr>\n        \n\n        \n        <tr>\n            <th scope=\"row\"><b>Description: </b></th>\n            <td style=\"padding-left: 4px;\"><div><p>Patient population identified as average risk. Provides criteria to determine age to start, screening modality, and screening interval for these populations of patients.</p>\n</div></td>\n        </tr>\n        \n\n        \n        <tr>\n            <th scope=\"row\"><b>Knowledge Capability: </b></th>\n            <td style=\"padding-left: 4px;\">\n                \n                executable \n            </td>\n        </tr>\n        \n\n        \n        <tr>\n            <th scope=\"row\"><b>Knowledge Representation Level: </b></th>\n            <td style=\"padding-left: 4px;\">\n                \n                structured\n            </td>\n        </tr>\n        \n\n        \n\n        \n\n        \n\n        \n\n        \n\n        \n        <tr>\n            <th scope=\"row\"><b>Copyright: </b></th>\n            <td style=\"padding-left: 4px;\"><div><p>(C) 2024 The MITRE Corporation. All Rights Reserved. Approved for Public Release: 24-2711. Distribution Unlimited. Unless otherwise noted, this work is available under an Apache 2.0 license. It was produced by the MITRE Corporation for the Division of Cancer Prevention and Control, Centers for Disease Control and Prevention in accordance with the Statement of Work, contract number 75FCMC18D0047, task order number 75D30123F17931.</p>\n</div></td>\n        </tr>\n        \n\n        \n        <tr>\n            <th scope=\"row\"><b>Approval Date: </b></th>\n            <td style=\"padding-left: 4px;\">2024-10-22</td>\n        </tr>\n        \n\n        \n\n        \n\n        \n        <tr>\n            <th scope=\"row\"><b>Libraries: </b></th>\n            <td style=\"padding-left: 4px;\">\n                <table class=\"grid-dict\">\n                    \n                    <tr>\n                        <td><code>Library/AverageRisk|1.0.0</code></td>\n                    </tr>\n                    \n                </table>\n            </td>\n        </tr>\n        \n\n        \n        <tr>\n            <th scope=\"row\"><b>Actions: </b></th>\n            <td style=\"padding-left: 4px;\">\n                <table class=\"grid-dict\">\n                    \n                    <tr>\n                        <td>\n                            \n                            <b> Annual screening mammogram starting age 40:</b> Women between 40 and 44 have the option to start screening with a mammogram every year.\n                            \n                            <br/>\n                            \n                            \n                            <b>If:</b>\n                            \n                            <i>Applicability:</i>\n                            \n                            <i>(ExistsACSMammoAvgRiskAgeUnder45)</i>\n                            <br/>\n                            \n                            \n                            \n                            \n                            <b>Then:</b> <i>Definition:</i> <code>http://cancerscreeningcds.github.io/bcsm-cds/ActivityDefinition/BreastCancerScreeningServiceRequest|1.0.0</code><br/>\n                            \n                            <i>Dynamic Values:</i><br/>\n                            \n                            %action.code[0].coding[0]: <i>(ACSMammoAvgRiskAgeUnder45Code)</i>\n                            <br/>\n                            \n                            %action.timingTiming: <i>(ACSMammoAvgRiskAgeUnder45Timing)</i>\n                            <br/>\n                            \n                            %action.extension: <i>(ACSMammoAvgRiskAgeUnder45Flag)</i>\n                            <br/>\n                            \n                            code.coding[0]: <i>(ACSMammoAvgRiskAgeUnder45Code)</i>\n                            <br/>\n                            \n                            reasonCode[0].coding[0]: <i>(ACSMammoAvgRiskAgeUnder45Reason)</i>\n                            <br/>\n                            \n                            occurrenceDateTime: <i>(ACSMammoAvgRiskAgeUnder45TimingEvent)</i>\n                            <br/>\n                            \n                            \n                            \n                            \n                        </td>\n                    </tr>\n                    \n                    <tr>\n                        <td>\n                            \n                            <b> Annual screening mammogram starting age 40:</b> Annual screening mammogram is recommended for women 45 to 54.\n                            \n                            <br/>\n                            \n                            \n                            <b>If:</b>\n                            \n                            <i>Applicability:</i>\n                            \n                            <i>(ExistsACSMammoAvgRiskAge45to54)</i>\n                            <br/>\n                            \n                            \n                            \n                            \n                            <b>Then:</b> <i>Definition:</i> <code>http://cancerscreeningcds.github.io/bcsm-cds/ActivityDefinition/BreastCancerScreeningServiceRequest|1.0.0</code><br/>\n                            \n                            <i>Dynamic Values:</i><br/>\n                            \n                            %action.code[0].coding[0]: <i>(ACSMammoAvgRiskAge45to54Code)</i>\n                            <br/>\n                            \n                            %action.timingTiming: <i>(ACSMammoAvgRiskAge45to54Timing)</i>\n                            <br/>\n                            \n                            %action.extension: <i>(ACSMammoAvgRiskAge45to54Flag)</i>\n                            <br/>\n                            \n                            code.coding[0]: <i>(ACSMammoAvgRiskAge45to54Code)</i>\n                            <br/>\n                            \n                            reasonCode[0].coding[0]: <i>(ACSMammoAvgRiskAge45to54Reason)</i>\n                            <br/>\n                            \n                            occurrenceDateTime: <i>(ACSMammoAvgRiskAge45to54TimingEvent)</i>\n                            <br/>\n                            \n                            \n                            \n                            \n                        </td>\n                    </tr>\n                    \n                    <tr>\n                        <td>\n                            \n                            <b> Biennial screening mammogram after age 54:</b> Biennial screening mammogram is recommended after age 54.\n\nWomen 55 and older can switch to a mammogram every other year, or they can choose to continue yearly mammograms. Screening should continue as long as a woman is in good health and is expected to live at least 10 more years.\n                            \n                            <br/>\n                            \n                            \n                            <b>If:</b>\n                            \n                            <i>Applicability:</i>\n                            \n                            <i>(ExistsACSMammoAvgRiskAgeOver54)</i>\n                            <br/>\n                            \n                            \n                            \n                            \n                            <b>Then:</b> <i>Definition:</i> <code>http://cancerscreeningcds.github.io/bcsm-cds/ActivityDefinition/BreastCancerScreeningServiceRequest|1.0.0</code><br/>\n                            \n                            <i>Dynamic Values:</i><br/>\n                            \n                            %action.code[0].coding[0]: <i>(ACSMammoAvgRiskAgeOver54Code)</i>\n                            <br/>\n                            \n                            %action.timingTiming: <i>(ACSMammoAvgRiskAgeOver54Timing)</i>\n                            <br/>\n                            \n                            %action.extension: <i>(ACSMammoAvgRiskAgeOver54Flag)</i>\n                            <br/>\n                            \n                            code.coding[0]: <i>(ACSMammoAvgRiskAgeOver54Code)</i>\n                            <br/>\n                            \n                            reasonCode[0].coding[0]: <i>(ACSMammoAvgRiskAgeOver54Reason)</i>\n                            <br/>\n                            \n                            occurrenceDateTime: <i>(ACSMammoAvgRiskAgeOver54TimingEvent)</i>\n                            <br/>\n                            \n                            \n                            \n                            \n                        </td>\n                    </tr>\n                    \n                    <tr>\n                        <td>\n                            \n                            <b> Biennial screening mammogram starting age 40:</b> Biennial screening mammogram starting at age 40\n                            \n                            <br/>\n                            \n                            \n                            <b>If:</b>\n                            \n                            <i>Applicability:</i>\n                            \n                            <i>(ExistsUSPSTFAvgRisk)</i>\n                            <br/>\n                            \n                            \n                            \n                            \n                            <b>Then:</b> <i>Definition:</i> <code>http://cancerscreeningcds.github.io/bcsm-cds/ActivityDefinition/BreastCancerScreeningServiceRequest|1.0.0</code><br/>\n                            \n                            <i>Dynamic Values:</i><br/>\n                            \n                            %action.code[0].coding[0]: <i>(USPSTFAvgRiskCode)</i>\n                            <br/>\n                            \n                            %action.timingTiming: <i>(USPSTFAvgRiskTiming)</i>\n                            <br/>\n                            \n                            %action.extension: <i>(USPSTFAvgRiskFlag)</i>\n                            <br/>\n                            \n                            code.coding[0]: <i>(USPSTFAvgRiskCode)</i>\n                            <br/>\n                            \n                            reasonCode[0].coding[0]: <i>(USPSTFAvgRiskReason)</i>\n                            <br/>\n                            \n                            occurrenceDateTime: <i>(USPSTFAvgRiskTimingEvent)</i>\n                            <br/>\n                            \n                            \n                            \n                            \n                        </td>\n                    </tr>\n                    \n                </table>\n            </td>\n        </tr>\n        \n    </table>\n</div>\n</div>"
  },
  "extension" : [{
    "url" : "http://hl7.org/fhir/uv/cpg/StructureDefinition/cpg-knowledgeCapability",
    "valueCode" : "executable"
  },
  {
    "url" : "http://hl7.org/fhir/uv/cpg/StructureDefinition/cpg-knowledgeRepresentationLevel",
    "valueCode" : "structured"
  }],
  "url" : "http://cancerscreeningcds.github.io/bcsm-cds/PlanDefinition/flow-AverageRisk",
  "version" : "1.0.0",
  "name" : "flow-AverageRisk",
  "title" : "Average Risk",
  "type" : {
    "coding" : [{
      "system" : "http://terminology.hl7.org/CodeSystem/plan-definition-type",
      "code" : "eca-rule"
    }]
  },
  "status" : "draft",
  "experimental" : true,
  "date" : "2024-10-22",
  "publisher" : "MITRE",
  "contact" : [{
    "name" : "MITRE",
    "telecom" : [{
      "system" : "url",
      "value" : "https://www.mitre.org/"
    }]
  }],
  "description" : "Patient population identified as average risk. Provides criteria to determine age to start, screening modality, and screening interval for these populations of patients.",
  "copyright" : "(C) 2024 The MITRE Corporation. All Rights Reserved. Approved for Public Release: 24-2711. Distribution Unlimited. Unless otherwise noted, this work is available under an Apache 2.0 license. It was produced by the MITRE Corporation for the Division of Cancer Prevention and Control, Centers for Disease Control and Prevention in accordance with the Statement of Work, contract number 75FCMC18D0047, task order number 75D30123F17931.",
  "approvalDate" : "2024-10-22",
  "lastReviewDate" : "2024-10-22",
  "author" : [{
    "name" : "The Health FFRDC, operated by The MITRE Corporation, in support of the Division of Cancer Prevention and Control, Centers for Disease Control and Prevention."
  }],
  "editor" : [{
    "name" : "Division of Cancer Prevention and Control, Centers for Disease Control and Prevention"
  }],
  "reviewer" : [{
    "name" : "Division of Cancer Prevention and Control, Centers for Disease Control and Prevention"
  }],
  "endorser" : [{
    "name" : "Division of Cancer Prevention and Control, Centers for Disease Control and Prevention"
  }],
  "library" : ["Library/AverageRisk|1.0.0"],
  "action" : [{
    "id" : "ACSMammoAvgRiskAgeUnder45",
    "title" : "Annual screening mammogram starting age 40",
    "description" : "Women between 40 and 44 have the option to start screening with a mammogram every year.",
    "documentation" : [{
      "type" : "citation",
      "label" : "ACS",
      "display" : "Breast Cancer Screening for Women at Average Risk: 2015 Guideline Update From the American Cancer Society",
      "citation" : "Saslow D, Boetes C, Burke W, Harms S, Leach MO, Lehman CD, Morris E, Pisano E, Schnall M, Sener S, Smith RA, Warner E, Yaffe M, Andrews KS, Russell CA; American Cancer Society Breast Cancer Advisory Group. American Cancer Society guidelines for breast screening with MRI as an adjunct to mammography. CA Cancer J Clin. 2007 Mar-Apr;57(2):75-89.",
      "url" : "https://jamanetwork.com/journals/jama/fullarticle/2463262",
      "document" : {
        "url" : "https://jamanetwork.com/journals/jama/fullarticle/2463262"
      }
    }],
    "condition" : [{
      "kind" : "applicability",
      "expression" : {
        "language" : "text/cql-identifier",
        "expression" : "ExistsACSMammoAvgRiskAgeUnder45"
      }
    }],
    "definitionCanonical" : "http://cancerscreeningcds.github.io/bcsm-cds/ActivityDefinition/BreastCancerScreeningServiceRequest|1.0.0",
    "dynamicValue" : [{
      "path" : "%action.code[0].coding[0]",
      "expression" : {
        "language" : "text/cql-identifier",
        "expression" : "ACSMammoAvgRiskAgeUnder45Code"
      }
    },
    {
      "path" : "%action.timingTiming",
      "expression" : {
        "language" : "text/cql-identifier",
        "expression" : "ACSMammoAvgRiskAgeUnder45Timing"
      }
    },
    {
      "path" : "%action.extension",
      "expression" : {
        "language" : "text/cql-identifier",
        "expression" : "ACSMammoAvgRiskAgeUnder45Flag"
      }
    },
    {
      "path" : "code.coding[0]",
      "expression" : {
        "language" : "text/cql-identifier",
        "expression" : "ACSMammoAvgRiskAgeUnder45Code"
      }
    },
    {
      "path" : "reasonCode[0].coding[0]",
      "expression" : {
        "language" : "text/cql-identifier",
        "expression" : "ACSMammoAvgRiskAgeUnder45Reason"
      }
    },
    {
      "path" : "occurrenceDateTime",
      "expression" : {
        "language" : "text/cql-identifier",
        "expression" : "ACSMammoAvgRiskAgeUnder45TimingEvent"
      }
    }]
  },
  {
    "id" : "ACSMammoAvgRiskAge45to54",
    "title" : "Annual screening mammogram starting age 40",
    "description" : "Annual screening mammogram is recommended for women 45 to 54.",
    "documentation" : [{
      "type" : "citation",
      "label" : "ACS",
      "display" : "Breast Cancer Screening for Women at Average Risk: 2015 Guideline Update From the American Cancer Society",
      "citation" : "Saslow D, Boetes C, Burke W, Harms S, Leach MO, Lehman CD, Morris E, Pisano E, Schnall M, Sener S, Smith RA, Warner E, Yaffe M, Andrews KS, Russell CA; American Cancer Society Breast Cancer Advisory Group. American Cancer Society guidelines for breast screening with MRI as an adjunct to mammography. CA Cancer J Clin. 2007 Mar-Apr;57(2):75-89.",
      "url" : "https://jamanetwork.com/journals/jama/fullarticle/2463262",
      "document" : {
        "url" : "https://jamanetwork.com/journals/jama/fullarticle/2463262"
      }
    }],
    "condition" : [{
      "kind" : "applicability",
      "expression" : {
        "language" : "text/cql-identifier",
        "expression" : "ExistsACSMammoAvgRiskAge45to54"
      }
    }],
    "definitionCanonical" : "http://cancerscreeningcds.github.io/bcsm-cds/ActivityDefinition/BreastCancerScreeningServiceRequest|1.0.0",
    "dynamicValue" : [{
      "path" : "%action.code[0].coding[0]",
      "expression" : {
        "language" : "text/cql-identifier",
        "expression" : "ACSMammoAvgRiskAge45to54Code"
      }
    },
    {
      "path" : "%action.timingTiming",
      "expression" : {
        "language" : "text/cql-identifier",
        "expression" : "ACSMammoAvgRiskAge45to54Timing"
      }
    },
    {
      "path" : "%action.extension",
      "expression" : {
        "language" : "text/cql-identifier",
        "expression" : "ACSMammoAvgRiskAge45to54Flag"
      }
    },
    {
      "path" : "code.coding[0]",
      "expression" : {
        "language" : "text/cql-identifier",
        "expression" : "ACSMammoAvgRiskAge45to54Code"
      }
    },
    {
      "path" : "reasonCode[0].coding[0]",
      "expression" : {
        "language" : "text/cql-identifier",
        "expression" : "ACSMammoAvgRiskAge45to54Reason"
      }
    },
    {
      "path" : "occurrenceDateTime",
      "expression" : {
        "language" : "text/cql-identifier",
        "expression" : "ACSMammoAvgRiskAge45to54TimingEvent"
      }
    }]
  },
  {
    "id" : "ACSMammoAvgRiskAgeOver54",
    "title" : "Biennial screening mammogram after age 54",
    "description" : "Biennial screening mammogram is recommended after age 54.\n\nWomen 55 and older can switch to a mammogram every other year, or they can choose to continue yearly mammograms. Screening should continue as long as a woman is in good health and is expected to live at least 10 more years.",
    "documentation" : [{
      "type" : "citation",
      "label" : "ACS",
      "display" : "Breast Cancer Screening for Women at Average Risk: 2015 Guideline Update From the American Cancer Society",
      "citation" : "Saslow D, Boetes C, Burke W, Harms S, Leach MO, Lehman CD, Morris E, Pisano E, Schnall M, Sener S, Smith RA, Warner E, Yaffe M, Andrews KS, Russell CA; American Cancer Society Breast Cancer Advisory Group. American Cancer Society guidelines for breast screening with MRI as an adjunct to mammography. CA Cancer J Clin. 2007 Mar-Apr;57(2):75-89.",
      "url" : "https://jamanetwork.com/journals/jama/fullarticle/2463262",
      "document" : {
        "url" : "https://jamanetwork.com/journals/jama/fullarticle/2463262"
      }
    }],
    "condition" : [{
      "kind" : "applicability",
      "expression" : {
        "language" : "text/cql-identifier",
        "expression" : "ExistsACSMammoAvgRiskAgeOver54"
      }
    }],
    "definitionCanonical" : "http://cancerscreeningcds.github.io/bcsm-cds/ActivityDefinition/BreastCancerScreeningServiceRequest|1.0.0",
    "dynamicValue" : [{
      "path" : "%action.code[0].coding[0]",
      "expression" : {
        "language" : "text/cql-identifier",
        "expression" : "ACSMammoAvgRiskAgeOver54Code"
      }
    },
    {
      "path" : "%action.timingTiming",
      "expression" : {
        "language" : "text/cql-identifier",
        "expression" : "ACSMammoAvgRiskAgeOver54Timing"
      }
    },
    {
      "path" : "%action.extension",
      "expression" : {
        "language" : "text/cql-identifier",
        "expression" : "ACSMammoAvgRiskAgeOver54Flag"
      }
    },
    {
      "path" : "code.coding[0]",
      "expression" : {
        "language" : "text/cql-identifier",
        "expression" : "ACSMammoAvgRiskAgeOver54Code"
      }
    },
    {
      "path" : "reasonCode[0].coding[0]",
      "expression" : {
        "language" : "text/cql-identifier",
        "expression" : "ACSMammoAvgRiskAgeOver54Reason"
      }
    },
    {
      "path" : "occurrenceDateTime",
      "expression" : {
        "language" : "text/cql-identifier",
        "expression" : "ACSMammoAvgRiskAgeOver54TimingEvent"
      }
    }]
  },
  {
    "id" : "USPSTFAvgRisk",
    "title" : "Biennial screening mammogram starting age 40",
    "description" : "Biennial screening mammogram starting at age 40",
    "documentation" : [{
      "type" : "citation",
      "label" : "USPSTF",
      "display" : "Screening for Breast Cancer: US Preventive Services Task Force Recommendation Statement",
      "citation" : "US Preventive Services Task Force. Screening for Breast Cancer: US Preventive Services Task Force Recommendation Statement. JAMA. Published online April 30, 2024.",
      "url" : "https://www.uspreventiveservicestaskforce.org/uspstf/recommendation/breast-cancer-screening",
      "document" : {
        "url" : "https://www.uspreventiveservicestaskforce.org/uspstf/recommendation/breast-cancer-screening"
      }
    }],
    "condition" : [{
      "kind" : "applicability",
      "expression" : {
        "language" : "text/cql-identifier",
        "expression" : "ExistsUSPSTFAvgRisk"
      }
    }],
    "definitionCanonical" : "http://cancerscreeningcds.github.io/bcsm-cds/ActivityDefinition/BreastCancerScreeningServiceRequest|1.0.0",
    "dynamicValue" : [{
      "path" : "%action.code[0].coding[0]",
      "expression" : {
        "language" : "text/cql-identifier",
        "expression" : "USPSTFAvgRiskCode"
      }
    },
    {
      "path" : "%action.timingTiming",
      "expression" : {
        "language" : "text/cql-identifier",
        "expression" : "USPSTFAvgRiskTiming"
      }
    },
    {
      "path" : "%action.extension",
      "expression" : {
        "language" : "text/cql-identifier",
        "expression" : "USPSTFAvgRiskFlag"
      }
    },
    {
      "path" : "code.coding[0]",
      "expression" : {
        "language" : "text/cql-identifier",
        "expression" : "USPSTFAvgRiskCode"
      }
    },
    {
      "path" : "reasonCode[0].coding[0]",
      "expression" : {
        "language" : "text/cql-identifier",
        "expression" : "USPSTFAvgRiskReason"
      }
    },
    {
      "path" : "occurrenceDateTime",
      "expression" : {
        "language" : "text/cql-identifier",
        "expression" : "USPSTFAvgRiskTimingEvent"
      }
    }]
  }]
}