{
  "resourceType" : "PlanDefinition",
  "id" : "flow-SpecialPopulations",
  "meta" : {
    "profile" : ["http://hl7.org/fhir/uv/cpg/StructureDefinition/cpg-computableplandefinition"]
  },
  "text" : {
    "status" : "extensions",
    "div" : "<div xmlns=\"http://www.w3.org/1999/xhtml\">\n<div>\n    <table class=\"grid dict\">\n        \n        <tr>\n            <th scope=\"row\"><b>Id: </b></th>\n            <td style=\"padding-left: 4px;\">flow-SpecialPopulations</td>\n        </tr>\n        \n\n        \n        <tr>\n            <th scope=\"row\"><b>Url: </b></th>\n            <td style=\"padding-left: 4px;\"><a href=\"PlanDefinition-flow-SpecialPopulations.html\">Special Populations</a></td>\n        </tr>\n        \n\n        \n        <tr>\n            <th scope=\"row\"><b>Version: </b></th>\n            <td style=\"padding-left: 4px;\">1.0.0</td>\n        </tr>\n        \n\n        \n\n        \n        <tr>\n            <th scope=\"row\"><b>Title: </b></th>\n            <td style=\"padding-left: 4px;\">Special Populations</td>\n        </tr>\n        \n\n        \n\n        \n        <tr>\n            <th scope=\"row\"><b>Status: </b></th>\n            <td style=\"padding-left: 4px;\">draft</td>\n        </tr>\n        \n\n        \n        <tr>\n            <th scope=\"row\"><b>Experimental: </b></th>\n            <td style=\"padding-left: 4px;\">true</td>\n        </tr>\n        \n\n        \n        <tr>\n            <th scope=\"row\"><b>Type: </b></th>\n            <td style=\"padding-left: 4px;\">\n                \n                    \n                        \n                        <p style=\"margin-bottom: 5px;\">\n                            <b>system: </b> <span><a href=\"http://terminology.hl7.org/6.2.0/CodeSystem-plan-definition-type.html\">http://terminology.hl7.org/CodeSystem/plan-definition-type</a></span>\n                        </p>\n                        \n                        \n                        <p style=\"margin-bottom: 5px;\">\n                            <b>code: </b> <span>eca-rule</span>\n                        </p>\n                        \n                        \n                    \n                \n                \n            </td>\n        </tr>\n        \n\n        \n\n        \n        <tr>\n            <th scope=\"row\"><b>Date: </b></th>\n            <td style=\"padding-left: 4px;\">2024-10-22</td>\n        </tr>\n        \n\n        \n        <tr>\n            <th scope=\"row\"><b>Publisher: </b></th>\n            <td style=\"padding-left: 4px;\">MITRE</td>\n        </tr>\n        \n\n        \n        <tr>\n            <th scope=\"row\"><b>Description: </b></th>\n            <td style=\"padding-left: 4px;\"><div><p>Patient population that have been identified as higher than average risk or otherwise requiring specific consideration within a particular guideline.</p>\n<p>Provides criteria to determine age to start, screening modality, and screening interval for these populations of patients.</p>\n</div></td>\n        </tr>\n        \n\n        \n        <tr>\n            <th scope=\"row\"><b>Knowledge Capability: </b></th>\n            <td style=\"padding-left: 4px;\">\n                \n                executable \n            </td>\n        </tr>\n        \n\n        \n        <tr>\n            <th scope=\"row\"><b>Knowledge Representation Level: </b></th>\n            <td style=\"padding-left: 4px;\">\n                \n                structured\n            </td>\n        </tr>\n        \n\n        \n\n        \n\n        \n\n        \n\n        \n\n        \n        <tr>\n            <th scope=\"row\"><b>Copyright: </b></th>\n            <td style=\"padding-left: 4px;\"><div><p>(C) 2024 The MITRE Corporation. All Rights Reserved. Approved for Public Release: 24-2711. Distribution Unlimited. Unless otherwise noted, this work is available under an Apache 2.0 license. It was produced by the MITRE Corporation for the Division of Cancer Prevention and Control, Centers for Disease Control and Prevention in accordance with the Statement of Work, contract number 75FCMC18D0047, task order number 75D30123F17931.</p>\n</div></td>\n        </tr>\n        \n\n        \n        <tr>\n            <th scope=\"row\"><b>Approval Date: </b></th>\n            <td style=\"padding-left: 4px;\">2024-10-22</td>\n        </tr>\n        \n\n        \n\n        \n\n        \n        <tr>\n            <th scope=\"row\"><b>Libraries: </b></th>\n            <td style=\"padding-left: 4px;\">\n                <table class=\"grid-dict\">\n                    \n                    <tr>\n                        <td><code>Library/SpecialPopulations|1.0.0</code></td>\n                    </tr>\n                    \n                </table>\n            </td>\n        </tr>\n        \n\n        \n        <tr>\n            <th scope=\"row\"><b>Actions: </b></th>\n            <td style=\"padding-left: 4px;\">\n                <table class=\"grid-dict\">\n                    \n                    <tr>\n                        <td>\n                            \n                            <b> Annual screening mammogram starting age 30:</b> An annual screening mammogram starting at age 30 is recommended.\n\nWomen who are at higher than average risk for breast cancer based on certain risk factors should get a mammogram every year, typically starting at age 30.\n                            \n                            <br/>\n                            \n                            \n                            <b>If:</b>\n                            \n                            <i>Applicability:</i>\n                            \n                            <i>(ExistsACSMammoHighRisk)</i>\n                            <br/>\n                            \n                            \n                            \n                            \n                            <b>Then:</b> <i>Definition:</i> <code>http://cancerscreeningcds.github.io/bcsm-cds/ActivityDefinition/BreastCancerScreeningServiceRequest|1.0.0</code><br/>\n                            \n                            <i>Dynamic Values:</i><br/>\n                            \n                            %action.code[0].coding[0]: <i>(ACSMammoHighRiskCode)</i>\n                            <br/>\n                            \n                            %action.timingTiming: <i>(ACSMammoHighRiskTiming)</i>\n                            <br/>\n                            \n                            %action.extension: <i>(ACSMammoHighRiskFlag)</i>\n                            <br/>\n                            \n                            code.coding[0]: <i>(ACSMammoHighRiskCode)</i>\n                            <br/>\n                            \n                            reasonCode[0].coding[0]: <i>(ACSMammoHighRiskReason)</i>\n                            <br/>\n                            \n                            occurrenceDateTime: <i>(ACSMammoHighRiskTimingEvent)</i>\n                            <br/>\n                            \n                            \n                            \n                            \n                        </td>\n                    </tr>\n                    \n                    <tr>\n                        <td>\n                            \n                            <b> Annual screening MRI starting age 30:</b> An annual screening MRI starting at age 30 is recommended.\n\nWomen who are at higher than average risk for breast cancer based on certain risk factors should get a breast MRI every year, typically starting at age 30.\n                            \n                            <br/>\n                            \n                            \n                            <b>If:</b>\n                            \n                            <i>Applicability:</i>\n                            \n                            <i>(ExistsACSMriHighRisk)</i>\n                            <br/>\n                            \n                            \n                            \n                            \n                            <b>Then:</b> <i>Definition:</i> <code>http://cancerscreeningcds.github.io/bcsm-cds/ActivityDefinition/BreastCancerScreeningServiceRequest|1.0.0</code><br/>\n                            \n                            <i>Dynamic Values:</i><br/>\n                            \n                            %action.code[0].coding[0]: <i>(ACSMriHighRiskCode)</i>\n                            <br/>\n                            \n                            %action.timingTiming: <i>(ACSMriHighRiskTiming)</i>\n                            <br/>\n                            \n                            %action.extension: <i>(ACSMriHighRiskFlag)</i>\n                            <br/>\n                            \n                            code.coding[0]: <i>(ACSMriHighRiskCode)</i>\n                            <br/>\n                            \n                            reasonCode[0].coding[0]: <i>(ACSMriHighRiskReason)</i>\n                            <br/>\n                            \n                            occurrenceDateTime: <i>(ACSMriHighRiskTimingEvent)</i>\n                            <br/>\n                            \n                            \n                            \n                            \n                        </td>\n                    </tr>\n                    \n                    <tr>\n                        <td>\n                            \n                            <b> Annual screening mammo starting age 30:</b> An annual screening mammogram starting at age 30 is recommended.\n\nWomen who are at higher than average risk for breast cancer based on certain risk factors should get a mammogram every year, typically starting at age 30.\n                            \n                            <br/>\n                            \n                            \n                            <b>If:</b>\n                            \n                            <i>Applicability:</i>\n                            \n                            <i>(ExistsACSFirstDegGeneticMammo)</i>\n                            <br/>\n                            \n                            \n                            \n                            \n                            <b>Then:</b> <i>Definition:</i> <code>http://cancerscreeningcds.github.io/bcsm-cds/ActivityDefinition/BreastCancerScreeningServiceRequest|1.0.0</code><br/>\n                            \n                            <i>Dynamic Values:</i><br/>\n                            \n                            %action.code[0].coding[0]: <i>(ACSFirstDegGeneticMammoCode)</i>\n                            <br/>\n                            \n                            %action.timingTiming: <i>(ACSFirstDegGeneticMammoTiming)</i>\n                            <br/>\n                            \n                            %action.extension: <i>(ACSFirstDegGeneticMammoFlag)</i>\n                            <br/>\n                            \n                            code.coding[0]: <i>(ACSFirstDegGeneticMammoCode)</i>\n                            <br/>\n                            \n                            reasonCode[0].coding[0]: <i>(ACSFirstDegGeneticMammoReason)</i>\n                            <br/>\n                            \n                            occurrenceDateTime: <i>(ACSFirstDegGeneticMammoTimingEvent)</i>\n                            <br/>\n                            \n                            \n                            \n                            \n                        </td>\n                    </tr>\n                    \n                    <tr>\n                        <td>\n                            \n                            <b> Annual screening MRI starting age 30:</b> An annual screening MRI starting at age 30 is recommended.\n\nWomen who are at higher than average risk for breast cancer based on certain risk factors should get a breast MRI every year, typically starting at age 30.\n                            \n                            <br/>\n                            \n                            \n                            <b>If:</b>\n                            \n                            <i>Applicability:</i>\n                            \n                            <i>(ExistsACSFirstDegGeneticMri)</i>\n                            <br/>\n                            \n                            \n                            \n                            \n                            <b>Then:</b> <i>Definition:</i> <code>http://cancerscreeningcds.github.io/bcsm-cds/ActivityDefinition/BreastCancerScreeningServiceRequest|1.0.0</code><br/>\n                            \n                            <i>Dynamic Values:</i><br/>\n                            \n                            %action.code[0].coding[0]: <i>(ACSFirstDegGeneticMriCode)</i>\n                            <br/>\n                            \n                            %action.timingTiming: <i>(ACSFirstDegGeneticMriTiming)</i>\n                            <br/>\n                            \n                            %action.extension: <i>(ACSFirstDegGeneticMriFlag)</i>\n                            <br/>\n                            \n                            code.coding[0]: <i>(ACSFirstDegGeneticMriCode)</i>\n                            <br/>\n                            \n                            reasonCode[0].coding[0]: <i>(ACSFirstDegGeneticMriReason)</i>\n                            <br/>\n                            \n                            occurrenceDateTime: <i>(ACSFirstDegGeneticMriTimingEvent)</i>\n                            <br/>\n                            \n                            \n                            \n                            \n                        </td>\n                    </tr>\n                    \n                    <tr>\n                        <td>\n                            \n                            <b> Perform lifetime risk assessment:</b> Consider performing assessment of lifetime risk, as defined by models largely dependent on family history.\n\nIf estimated lifetime risk is &gt;20%, based on informal assessment or assessment using validated risk model, then patient is eligible for annual screening mammogram starting at age 30 and supplemental screening with annual screening MRI. Otherwise, patient can be offered annual screening mammogram starting at age 40.\n\nValidated tools include BRCAPRO, Claus, BOADICEA [Breast and Ovarian Analysis of Disease Incidence and Carrier Estimation Algorithm], and Tyrer-Cuzick.\n                            \n                            <br/>\n                            \n                            \n                            <b>If:</b>\n                            \n                            <i>Applicability:</i>\n                            \n                            <i>(ExistsBreastImagingHeterogenouslyOrExtremelyDense)</i>\n                            <br/>\n                            \n                            \n                            \n                            \n                            <b>Then:</b> <i>Definition:</i> <code>http://cancerscreeningcds.github.io/bcsm-cds/ActivityDefinition/BreastCancerScreeningServiceRequest|1.0.0</code><br/>\n                            \n                            <i>Dynamic Values:</i><br/>\n                            \n                            reasonCode[0].coding[0]: <i>(BreastImagingHeterogenouslyOrExtremelyDenseReason)</i>\n                            <br/>\n                            \n                            \n                            \n                            \n                        </td>\n                    </tr>\n                    \n                    <tr>\n                        <td>\n                            \n                            <b> Perform lifetime risk assessment:</b> Consider performing assessment of lifetime risk, as defined by models largely dependent on family history.\n\nIf estimated lifetime risk is &gt;20%, based on informal assessment or assessment using validated risk model, then patient is eligible for annual screening mammogram starting at age 30 and supplemental screening with annual screening MRI. Otherwise, patient can be offered annual screening mammogram starting at age 40.\n\nValidated tools include BRCAPRO, Claus, BOADICEA [Breast and Ovarian Analysis of Disease Incidence and Carrier Estimation Algorithm], and Tyrer-Cuzick.\n                            \n                            <br/>\n                            \n                            \n                            <b>If:</b>\n                            \n                            <i>Applicability:</i>\n                            \n                            <i>(ExistsCompellingFamilyHistory)</i>\n                            <br/>\n                            \n                            \n                            \n                            \n                            <b>Then:</b> <i>Definition:</i> <code>http://cancerscreeningcds.github.io/bcsm-cds/ActivityDefinition/BreastCancerScreeningServiceRequest|1.0.0</code><br/>\n                            \n                            <i>Dynamic Values:</i><br/>\n                            \n                            %action.code[0].coding[0]: <i>(CompellingFamilyHistoryCode)</i>\n                            <br/>\n                            \n                            code.coding[0]: <i>(CompellingFamilyHistoryCode)</i>\n                            <br/>\n                            \n                            reasonCode[0].coding[0]: <i>(CompellingFamilyHistoryReason)</i>\n                            <br/>\n                            \n                            \n                            \n                            \n                        </td>\n                    </tr>\n                    \n                    <tr>\n                        <td>\n                            \n                            <b> Biennial screening mammo starting age 40:</b> Biennial screening mammogram starting at age 40\n                            \n                            <br/>\n                            \n                            \n                            <b>If:</b>\n                            \n                            <i>Applicability:</i>\n                            \n                            <i>(ExistsUSPSTFRecommendation)</i>\n                            <br/>\n                            \n                            \n                            \n                            \n                            <b>Then:</b> <i>Definition:</i> <code>http://cancerscreeningcds.github.io/bcsm-cds/ActivityDefinition/BreastCancerScreeningServiceRequest|1.0.0</code><br/>\n                            \n                            <i>Dynamic Values:</i><br/>\n                            \n                            %action.code[0].coding[0]: <i>(USPSTFRecommendationCode)</i>\n                            <br/>\n                            \n                            %action.timingTiming: <i>(USPSTFRecommendationTiming)</i>\n                            <br/>\n                            \n                            %action.extension: <i>(USPSTFRecommendationFlag)</i>\n                            <br/>\n                            \n                            code.coding[0]: <i>(USPSTFRecommendationCode)</i>\n                            <br/>\n                            \n                            reasonCode[0].coding[0]: <i>(USPSTFRecommendationReason)</i>\n                            <br/>\n                            \n                            occurrenceDateTime: <i>(USPSTFRecommendationTimingEvent)</i>\n                            <br/>\n                            \n                            \n                            \n                            \n                        </td>\n                    </tr>\n                    \n                </table>\n            </td>\n        </tr>\n        \n    </table>\n</div>\n</div>"
  },
  "extension" : [{
    "url" : "http://hl7.org/fhir/uv/cpg/StructureDefinition/cpg-knowledgeCapability",
    "valueCode" : "executable"
  },
  {
    "url" : "http://hl7.org/fhir/uv/cpg/StructureDefinition/cpg-knowledgeRepresentationLevel",
    "valueCode" : "structured"
  }],
  "url" : "http://cancerscreeningcds.github.io/bcsm-cds/PlanDefinition/flow-SpecialPopulations",
  "version" : "1.0.0",
  "name" : "flow-SpecialPopulations",
  "title" : "Special Populations",
  "type" : {
    "coding" : [{
      "system" : "http://terminology.hl7.org/CodeSystem/plan-definition-type",
      "code" : "eca-rule"
    }]
  },
  "status" : "draft",
  "experimental" : true,
  "date" : "2024-10-22",
  "publisher" : "MITRE",
  "contact" : [{
    "name" : "MITRE",
    "telecom" : [{
      "system" : "url",
      "value" : "https://www.mitre.org/"
    }]
  }],
  "description" : "Patient population that have been identified as higher than average risk or otherwise requiring specific consideration within a particular guideline. \n\nProvides criteria to determine age to start, screening modality, and screening interval for these populations of patients.",
  "copyright" : "(C) 2024 The MITRE Corporation. All Rights Reserved. Approved for Public Release: 24-2711. Distribution Unlimited. Unless otherwise noted, this work is available under an Apache 2.0 license. It was produced by the MITRE Corporation for the Division of Cancer Prevention and Control, Centers for Disease Control and Prevention in accordance with the Statement of Work, contract number 75FCMC18D0047, task order number 75D30123F17931.",
  "approvalDate" : "2024-10-22",
  "lastReviewDate" : "2024-10-22",
  "author" : [{
    "name" : "The Health FFRDC, operated by The MITRE Corporation, in support of the Division of Cancer Prevention and Control, Centers for Disease Control and Prevention."
  }],
  "editor" : [{
    "name" : "Division of Cancer Prevention and Control, Centers for Disease Control and Prevention"
  }],
  "reviewer" : [{
    "name" : "Division of Cancer Prevention and Control, Centers for Disease Control and Prevention"
  }],
  "endorser" : [{
    "name" : "Division of Cancer Prevention and Control, Centers for Disease Control and Prevention"
  }],
  "library" : ["Library/SpecialPopulations|1.0.0"],
  "action" : [{
    "id" : "ACSMammoHighRisk",
    "title" : "Annual screening mammogram starting age 30",
    "description" : "An annual screening mammogram starting at age 30 is recommended.\n\nWomen who are at higher than average risk for breast cancer based on certain risk factors should get a mammogram every year, typically starting at age 30.",
    "documentation" : [{
      "type" : "citation",
      "label" : "ACS",
      "display" : "American Cancer Society Recommendations for the Early Detection of Breast Cancer",
      "url" : "https://www.cancer.org/cancer/types/breast-cancer/screening-tests-and-early-detection/american-cancer-society-recommendations-for-the-early-detection-of-breast-cancer.html",
      "document" : {
        "url" : "https://www.cancer.org/cancer/types/breast-cancer/screening-tests-and-early-detection/american-cancer-society-recommendations-for-the-early-detection-of-breast-cancer.html"
      }
    }],
    "condition" : [{
      "kind" : "applicability",
      "expression" : {
        "language" : "text/cql-identifier",
        "expression" : "ExistsACSMammoHighRisk"
      }
    }],
    "definitionCanonical" : "http://cancerscreeningcds.github.io/bcsm-cds/ActivityDefinition/BreastCancerScreeningServiceRequest|1.0.0",
    "dynamicValue" : [{
      "path" : "%action.code[0].coding[0]",
      "expression" : {
        "language" : "text/cql-identifier",
        "expression" : "ACSMammoHighRiskCode"
      }
    },
    {
      "path" : "%action.timingTiming",
      "expression" : {
        "language" : "text/cql-identifier",
        "expression" : "ACSMammoHighRiskTiming"
      }
    },
    {
      "path" : "%action.extension",
      "expression" : {
        "language" : "text/cql-identifier",
        "expression" : "ACSMammoHighRiskFlag"
      }
    },
    {
      "path" : "code.coding[0]",
      "expression" : {
        "language" : "text/cql-identifier",
        "expression" : "ACSMammoHighRiskCode"
      }
    },
    {
      "path" : "reasonCode[0].coding[0]",
      "expression" : {
        "language" : "text/cql-identifier",
        "expression" : "ACSMammoHighRiskReason"
      }
    },
    {
      "path" : "occurrenceDateTime",
      "expression" : {
        "language" : "text/cql-identifier",
        "expression" : "ACSMammoHighRiskTimingEvent"
      }
    }]
  },
  {
    "id" : "ACSMriHighRisk",
    "title" : "Annual screening MRI starting age 30",
    "description" : "An annual screening MRI starting at age 30 is recommended.\n\nWomen who are at higher than average risk for breast cancer based on certain risk factors should get a breast MRI every year, typically starting at age 30.",
    "documentation" : [{
      "type" : "citation",
      "label" : "ACS",
      "display" : "American Cancer Society Guidelines for Breast Screening with MRI as an Adjunct to Mammography",
      "citation" : "Oeffinger KC, Fontham ETH, Etzioni R, et al. Breast Cancer Screening for Women at Average Risk: 2015 Guideline Update From the American Cancer Society. JAMA. 2015;314(15):1599–1614.",
      "url" : "https://acsjournals.onlinelibrary.wiley.com/doi/full/10.3322/canjclin.57.2.75",
      "document" : {
        "url" : "https://acsjournals.onlinelibrary.wiley.com/doi/full/10.3322/canjclin.57.2.75"
      }
    }],
    "condition" : [{
      "kind" : "applicability",
      "expression" : {
        "language" : "text/cql-identifier",
        "expression" : "ExistsACSMriHighRisk"
      }
    }],
    "definitionCanonical" : "http://cancerscreeningcds.github.io/bcsm-cds/ActivityDefinition/BreastCancerScreeningServiceRequest|1.0.0",
    "dynamicValue" : [{
      "path" : "%action.code[0].coding[0]",
      "expression" : {
        "language" : "text/cql-identifier",
        "expression" : "ACSMriHighRiskCode"
      }
    },
    {
      "path" : "%action.timingTiming",
      "expression" : {
        "language" : "text/cql-identifier",
        "expression" : "ACSMriHighRiskTiming"
      }
    },
    {
      "path" : "%action.extension",
      "expression" : {
        "language" : "text/cql-identifier",
        "expression" : "ACSMriHighRiskFlag"
      }
    },
    {
      "path" : "code.coding[0]",
      "expression" : {
        "language" : "text/cql-identifier",
        "expression" : "ACSMriHighRiskCode"
      }
    },
    {
      "path" : "reasonCode[0].coding[0]",
      "expression" : {
        "language" : "text/cql-identifier",
        "expression" : "ACSMriHighRiskReason"
      }
    },
    {
      "path" : "occurrenceDateTime",
      "expression" : {
        "language" : "text/cql-identifier",
        "expression" : "ACSMriHighRiskTimingEvent"
      }
    }]
  },
  {
    "id" : "ACSFirstDegGeneticMammo",
    "title" : "Annual screening mammo starting age 30",
    "description" : "An annual screening mammogram starting at age 30 is recommended.\n\nWomen who are at higher than average risk for breast cancer based on certain risk factors should get a mammogram every year, typically starting at age 30.",
    "documentation" : [{
      "type" : "citation",
      "label" : "ACS",
      "display" : "American Cancer Society Recommendations for the Early Detection of Breast Cancer",
      "url" : "https://www.cancer.org/cancer/types/breast-cancer/screening-tests-and-early-detection/american-cancer-society-recommendations-for-the-early-detection-of-breast-cancer.html",
      "document" : {
        "url" : "https://www.cancer.org/cancer/types/breast-cancer/screening-tests-and-early-detection/american-cancer-society-recommendations-for-the-early-detection-of-breast-cancer.html"
      }
    }],
    "condition" : [{
      "kind" : "applicability",
      "expression" : {
        "language" : "text/cql-identifier",
        "expression" : "ExistsACSFirstDegGeneticMammo"
      }
    }],
    "definitionCanonical" : "http://cancerscreeningcds.github.io/bcsm-cds/ActivityDefinition/BreastCancerScreeningServiceRequest|1.0.0",
    "dynamicValue" : [{
      "path" : "%action.code[0].coding[0]",
      "expression" : {
        "language" : "text/cql-identifier",
        "expression" : "ACSFirstDegGeneticMammoCode"
      }
    },
    {
      "path" : "%action.timingTiming",
      "expression" : {
        "language" : "text/cql-identifier",
        "expression" : "ACSFirstDegGeneticMammoTiming"
      }
    },
    {
      "path" : "%action.extension",
      "expression" : {
        "language" : "text/cql-identifier",
        "expression" : "ACSFirstDegGeneticMammoFlag"
      }
    },
    {
      "path" : "code.coding[0]",
      "expression" : {
        "language" : "text/cql-identifier",
        "expression" : "ACSFirstDegGeneticMammoCode"
      }
    },
    {
      "path" : "reasonCode[0].coding[0]",
      "expression" : {
        "language" : "text/cql-identifier",
        "expression" : "ACSFirstDegGeneticMammoReason"
      }
    },
    {
      "path" : "occurrenceDateTime",
      "expression" : {
        "language" : "text/cql-identifier",
        "expression" : "ACSFirstDegGeneticMammoTimingEvent"
      }
    }]
  },
  {
    "id" : "ACSFirstDegGeneticMri",
    "title" : "Annual screening MRI starting age 30",
    "description" : "An annual screening MRI starting at age 30 is recommended.\n\nWomen who are at higher than average risk for breast cancer based on certain risk factors should get a breast MRI every year, typically starting at age 30.",
    "documentation" : [{
      "type" : "citation",
      "label" : "ACS",
      "display" : "American Cancer Society Guidelines for Breast Screening with MRI as an Adjunct to Mammography",
      "citation" : "Oeffinger KC, Fontham ETH, Etzioni R, et al. Breast Cancer Screening for Women at Average Risk: 2015 Guideline Update From the American Cancer Society. JAMA. 2015;314(15):1599–1614.",
      "url" : "https://acsjournals.onlinelibrary.wiley.com/doi/full/10.3322/canjclin.57.2.75",
      "document" : {
        "url" : "https://acsjournals.onlinelibrary.wiley.com/doi/full/10.3322/canjclin.57.2.75"
      }
    }],
    "condition" : [{
      "kind" : "applicability",
      "expression" : {
        "language" : "text/cql-identifier",
        "expression" : "ExistsACSFirstDegGeneticMri"
      }
    }],
    "definitionCanonical" : "http://cancerscreeningcds.github.io/bcsm-cds/ActivityDefinition/BreastCancerScreeningServiceRequest|1.0.0",
    "dynamicValue" : [{
      "path" : "%action.code[0].coding[0]",
      "expression" : {
        "language" : "text/cql-identifier",
        "expression" : "ACSFirstDegGeneticMriCode"
      }
    },
    {
      "path" : "%action.timingTiming",
      "expression" : {
        "language" : "text/cql-identifier",
        "expression" : "ACSFirstDegGeneticMriTiming"
      }
    },
    {
      "path" : "%action.extension",
      "expression" : {
        "language" : "text/cql-identifier",
        "expression" : "ACSFirstDegGeneticMriFlag"
      }
    },
    {
      "path" : "code.coding[0]",
      "expression" : {
        "language" : "text/cql-identifier",
        "expression" : "ACSFirstDegGeneticMriCode"
      }
    },
    {
      "path" : "reasonCode[0].coding[0]",
      "expression" : {
        "language" : "text/cql-identifier",
        "expression" : "ACSFirstDegGeneticMriReason"
      }
    },
    {
      "path" : "occurrenceDateTime",
      "expression" : {
        "language" : "text/cql-identifier",
        "expression" : "ACSFirstDegGeneticMriTimingEvent"
      }
    }]
  },
  {
    "id" : "BreastImagingHeterogenouslyOrExtremelyDense",
    "title" : "Perform lifetime risk assessment",
    "description" : "Consider performing assessment of lifetime risk, as defined by models largely dependent on family history.\n\nIf estimated lifetime risk is >20%, based on informal assessment or assessment using validated risk model, then patient is eligible for annual screening mammogram starting at age 30 and supplemental screening with annual screening MRI. Otherwise, patient can be offered annual screening mammogram starting at age 40.\n\nValidated tools include BRCAPRO, Claus, BOADICEA [Breast and Ovarian Analysis of Disease Incidence and Carrier Estimation Algorithm], and Tyrer-Cuzick.",
    "documentation" : [{
      "type" : "citation",
      "label" : "ACS",
      "display" : "American Cancer Society Recommendations for the Early Detection of Breast Cancer",
      "url" : "https://www.cancer.org/cancer/types/breast-cancer/screening-tests-and-early-detection/american-cancer-society-recommendations-for-the-early-detection-of-breast-cancer.html",
      "document" : {
        "url" : "https://www.cancer.org/cancer/types/breast-cancer/screening-tests-and-early-detection/american-cancer-society-recommendations-for-the-early-detection-of-breast-cancer.html"
      }
    }],
    "condition" : [{
      "kind" : "applicability",
      "expression" : {
        "language" : "text/cql-identifier",
        "expression" : "ExistsBreastImagingHeterogenouslyOrExtremelyDense"
      }
    }],
    "definitionCanonical" : "http://cancerscreeningcds.github.io/bcsm-cds/ActivityDefinition/BreastCancerScreeningServiceRequest|1.0.0",
    "dynamicValue" : [{
      "path" : "reasonCode[0].coding[0]",
      "expression" : {
        "language" : "text/cql-identifier",
        "expression" : "BreastImagingHeterogenouslyOrExtremelyDenseReason"
      }
    }]
  },
  {
    "id" : "CompellingFamilyHistory",
    "title" : "Perform lifetime risk assessment",
    "description" : "Consider performing assessment of lifetime risk, as defined by models largely dependent on family history.\n\nIf estimated lifetime risk is >20%, based on informal assessment or assessment using validated risk model, then patient is eligible for annual screening mammogram starting at age 30 and supplemental screening with annual screening MRI. Otherwise, patient can be offered annual screening mammogram starting at age 40.\n\nValidated tools include BRCAPRO, Claus, BOADICEA [Breast and Ovarian Analysis of Disease Incidence and Carrier Estimation Algorithm], and Tyrer-Cuzick.",
    "documentation" : [{
      "type" : "citation",
      "label" : "ACS",
      "display" : "American Cancer Society Recommendations for the Early Detection of Breast Cancer",
      "url" : "https://www.cancer.org/cancer/types/breast-cancer/screening-tests-and-early-detection/american-cancer-society-recommendations-for-the-early-detection-of-breast-cancer.html",
      "document" : {
        "url" : "https://www.cancer.org/cancer/types/breast-cancer/screening-tests-and-early-detection/american-cancer-society-recommendations-for-the-early-detection-of-breast-cancer.html"
      }
    }],
    "condition" : [{
      "kind" : "applicability",
      "expression" : {
        "language" : "text/cql-identifier",
        "expression" : "ExistsCompellingFamilyHistory"
      }
    }],
    "definitionCanonical" : "http://cancerscreeningcds.github.io/bcsm-cds/ActivityDefinition/BreastCancerScreeningServiceRequest|1.0.0",
    "dynamicValue" : [{
      "path" : "%action.code[0].coding[0]",
      "expression" : {
        "language" : "text/cql-identifier",
        "expression" : "CompellingFamilyHistoryCode"
      }
    },
    {
      "path" : "code.coding[0]",
      "expression" : {
        "language" : "text/cql-identifier",
        "expression" : "CompellingFamilyHistoryCode"
      }
    },
    {
      "path" : "reasonCode[0].coding[0]",
      "expression" : {
        "language" : "text/cql-identifier",
        "expression" : "CompellingFamilyHistoryReason"
      }
    }]
  },
  {
    "id" : "USPSTFRecommendation",
    "title" : "Biennial screening mammo starting age 40",
    "description" : "Biennial screening mammogram starting at age 40",
    "documentation" : [{
      "type" : "citation",
      "label" : "USPSTF",
      "display" : "Screening for Breast Cancer: US Preventive Services Task Force Recommendation Statement",
      "citation" : "US Preventive Services Task Force. Screening for Breast Cancer: US Preventive Services Task Force Recommendation Statement. JAMA. Published online April 30, 2024.",
      "url" : "https://www.uspreventiveservicestaskforce.org/uspstf/recommendation/breast-cancer-screening",
      "document" : {
        "url" : "https://www.uspreventiveservicestaskforce.org/uspstf/recommendation/breast-cancer-screening"
      }
    }],
    "condition" : [{
      "kind" : "applicability",
      "expression" : {
        "language" : "text/cql-identifier",
        "expression" : "ExistsUSPSTFRecommendation"
      }
    }],
    "definitionCanonical" : "http://cancerscreeningcds.github.io/bcsm-cds/ActivityDefinition/BreastCancerScreeningServiceRequest|1.0.0",
    "dynamicValue" : [{
      "path" : "%action.code[0].coding[0]",
      "expression" : {
        "language" : "text/cql-identifier",
        "expression" : "USPSTFRecommendationCode"
      }
    },
    {
      "path" : "%action.timingTiming",
      "expression" : {
        "language" : "text/cql-identifier",
        "expression" : "USPSTFRecommendationTiming"
      }
    },
    {
      "path" : "%action.extension",
      "expression" : {
        "language" : "text/cql-identifier",
        "expression" : "USPSTFRecommendationFlag"
      }
    },
    {
      "path" : "code.coding[0]",
      "expression" : {
        "language" : "text/cql-identifier",
        "expression" : "USPSTFRecommendationCode"
      }
    },
    {
      "path" : "reasonCode[0].coding[0]",
      "expression" : {
        "language" : "text/cql-identifier",
        "expression" : "USPSTFRecommendationReason"
      }
    },
    {
      "path" : "occurrenceDateTime",
      "expression" : {
        "language" : "text/cql-identifier",
        "expression" : "USPSTFRecommendationTimingEvent"
      }
    }]
  }]
}