{
  "resourceType" : "PlanDefinition",
  "id" : "HighLevelFlow",
  "meta" : {
    "profile" : ["http://hl7.org/fhir/uv/cpg/StructureDefinition/cpg-computableplandefinition"]
  },
  "text" : {
    "status" : "extensions",
    "div" : "<div xmlns=\"http://www.w3.org/1999/xhtml\">\n<div>\n    <table class=\"grid dict\">\n        \n        <tr>\n            <th scope=\"row\"><b>Id: </b></th>\n            <td style=\"padding-left: 4px;\">HighLevelFlow</td>\n        </tr>\n        \n\n        \n        <tr>\n            <th scope=\"row\"><b>Url: </b></th>\n            <td style=\"padding-left: 4px;\"><a href=\"PlanDefinition-HighLevelFlow.html\">High Level Flow</a></td>\n        </tr>\n        \n\n        \n        <tr>\n            <th scope=\"row\"><b>Version: </b></th>\n            <td style=\"padding-left: 4px;\">1.0.0</td>\n        </tr>\n        \n\n        \n\n        \n        <tr>\n            <th scope=\"row\"><b>Title: </b></th>\n            <td style=\"padding-left: 4px;\">High Level Flow</td>\n        </tr>\n        \n\n        \n\n        \n        <tr>\n            <th scope=\"row\"><b>Status: </b></th>\n            <td style=\"padding-left: 4px;\">draft</td>\n        </tr>\n        \n\n        \n        <tr>\n            <th scope=\"row\"><b>Experimental: </b></th>\n            <td style=\"padding-left: 4px;\">true</td>\n        </tr>\n        \n\n        \n        <tr>\n            <th scope=\"row\"><b>Type: </b></th>\n            <td style=\"padding-left: 4px;\">\n                \n                    \n                        \n                        <p style=\"margin-bottom: 5px;\">\n                            <b>system: </b> <span><a href=\"http://terminology.hl7.org/6.2.0/CodeSystem-plan-definition-type.html\">http://terminology.hl7.org/CodeSystem/plan-definition-type</a></span>\n                        </p>\n                        \n                        \n                        <p style=\"margin-bottom: 5px;\">\n                            <b>code: </b> <span>eca-rule</span>\n                        </p>\n                        \n                        \n                        <p style=\"margin-bottom: 5px;\">\n                            <b>display: </b> <span>ECA Rule</span>\n                        </p>\n                        \n                    \n                \n                \n            </td>\n        </tr>\n        \n\n        \n\n        \n        <tr>\n            <th scope=\"row\"><b>Date: </b></th>\n            <td style=\"padding-left: 4px;\">2024-10-22</td>\n        </tr>\n        \n\n        \n        <tr>\n            <th scope=\"row\"><b>Publisher: </b></th>\n            <td style=\"padding-left: 4px;\">MITRE</td>\n        </tr>\n        \n\n        \n        <tr>\n            <th scope=\"row\"><b>Description: </b></th>\n            <td style=\"padding-left: 4px;\"><div><p>High Level Flow pathway.</p>\n</div></td>\n        </tr>\n        \n\n        \n        <tr>\n            <th scope=\"row\"><b>Knowledge Capability: </b></th>\n            <td style=\"padding-left: 4px;\">\n                \n                executable \n            </td>\n        </tr>\n        \n\n        \n        <tr>\n            <th scope=\"row\"><b>Knowledge Representation Level: </b></th>\n            <td style=\"padding-left: 4px;\">\n                \n                structured\n            </td>\n        </tr>\n        \n\n        \n\n        \n\n        \n\n        \n\n        \n\n        \n        <tr>\n            <th scope=\"row\"><b>Copyright: </b></th>\n            <td style=\"padding-left: 4px;\"><div><p>(C) 2024 The MITRE Corporation. All Rights Reserved. Approved for Public Release: 24-2711. Distribution Unlimited. Unless otherwise noted, this work is available under an Apache 2.0 license. It was produced by the MITRE Corporation for the Division of Cancer Prevention and Control, Centers for Disease Control and Prevention in accordance with the Statement of Work, contract number 75FCMC18D0047, task order number 75D30123F17931.</p>\n</div></td>\n        </tr>\n        \n\n        \n        <tr>\n            <th scope=\"row\"><b>Approval Date: </b></th>\n            <td style=\"padding-left: 4px;\">2024-10-22</td>\n        </tr>\n        \n\n        \n\n        \n\n        \n\n        \n        <tr>\n            <th scope=\"row\"><b>Actions: </b></th>\n            <td style=\"padding-left: 4px;\">\n                <table class=\"grid-dict\">\n                    \n                    <tr>\n                        <td>\n                            \n                            <b> Primary Screening Decision:</b> \n                            \n                            <br/>\n                            \n                            \n                            \n                            \n                            <b>Then:</b> <i>Definition:</i> <a href=\"PlanDefinition-PrimaryScreeningDecision.html\">Primary Screening Decisionversion: null1.0.0)</a><br/>\n                            \n                            \n                            \n                        </td>\n                    </tr>\n                    \n                    <tr>\n                        <td>\n                            \n                            <b> Followup Screening Result:</b> \n                            \n                            <br/>\n                            \n                            \n                            \n                            \n                            <b>Then:</b> <i>Definition:</i> <a href=\"PlanDefinition-flow-FollowupScreeningResult.html\">Followup Screening Resultversion: null1.0.0)</a><br/>\n                            \n                            \n                            \n                        </td>\n                    </tr>\n                    \n                    <tr>\n                        <td>\n                            \n                            <b> Genetic Risk Referral:</b> \n                            \n                            <br/>\n                            \n                            \n                            \n                            \n                            <b>Then:</b> <i>Definition:</i> <a href=\"PlanDefinition-flow-GeneticRiskReferral.html\">Genetic Risk Referralversion: null1.0.0)</a><br/>\n                            \n                            \n                            \n                        </td>\n                    </tr>\n                    \n                    <tr>\n                        <td>\n                            \n                            <b> High Risk Referral:</b> \n                            \n                            <br/>\n                            \n                            \n                            \n                            \n                            <b>Then:</b> <i>Definition:</i> <a href=\"PlanDefinition-flow-HighRiskReferral.html\">High Risk Referralversion: null1.0.0)</a><br/>\n                            \n                            \n                            \n                        </td>\n                    </tr>\n                    \n                </table>\n            </td>\n        </tr>\n        \n    </table>\n</div>\n</div>"
  },
  "extension" : [{
    "url" : "http://hl7.org/fhir/uv/cpg/StructureDefinition/cpg-knowledgeCapability",
    "valueCode" : "executable"
  },
  {
    "url" : "http://hl7.org/fhir/uv/cpg/StructureDefinition/cpg-knowledgeRepresentationLevel",
    "valueCode" : "structured"
  }],
  "url" : "http://cancerscreeningcds.github.io/bcsm-cds/PlanDefinition/HighLevelFlow",
  "version" : "1.0.0",
  "name" : "HighLevelFlow",
  "title" : "High Level Flow",
  "type" : {
    "coding" : [{
      "system" : "http://terminology.hl7.org/CodeSystem/plan-definition-type",
      "code" : "eca-rule",
      "display" : "ECA Rule"
    }]
  },
  "status" : "draft",
  "experimental" : true,
  "date" : "2024-10-22",
  "publisher" : "MITRE",
  "contact" : [{
    "name" : "MITRE",
    "telecom" : [{
      "system" : "url",
      "value" : "https://www.mitre.org/"
    }]
  }],
  "description" : "High Level Flow pathway.",
  "copyright" : "(C) 2024 The MITRE Corporation. All Rights Reserved. Approved for Public Release: 24-2711. Distribution Unlimited. Unless otherwise noted, this work is available under an Apache 2.0 license. It was produced by the MITRE Corporation for the Division of Cancer Prevention and Control, Centers for Disease Control and Prevention in accordance with the Statement of Work, contract number 75FCMC18D0047, task order number 75D30123F17931.",
  "approvalDate" : "2024-10-22",
  "lastReviewDate" : "2024-10-22",
  "author" : [{
    "name" : "The Health FFRDC, operated by The MITRE Corporation, in support of the Division of Cancer Prevention and Control, Centers for Disease Control and Prevention."
  }],
  "editor" : [{
    "name" : "Division of Cancer Prevention and Control, Centers for Disease Control and Prevention"
  }],
  "reviewer" : [{
    "name" : "Division of Cancer Prevention and Control, Centers for Disease Control and Prevention"
  }],
  "endorser" : [{
    "name" : "Division of Cancer Prevention and Control, Centers for Disease Control and Prevention"
  }],
  "action" : [{
    "title" : "Primary Screening Decision",
    "definitionCanonical" : "http://cancerscreeningcds.github.io/bcsm-cds/PlanDefinition/PrimaryScreeningDecision|1.0.0"
  },
  {
    "title" : "Followup Screening Result",
    "definitionCanonical" : "http://cancerscreeningcds.github.io/bcsm-cds/PlanDefinition/flow-FollowupScreeningResult|1.0.0"
  },
  {
    "title" : "Genetic Risk Referral",
    "definitionCanonical" : "http://cancerscreeningcds.github.io/bcsm-cds/PlanDefinition/flow-GeneticRiskReferral|1.0.0"
  },
  {
    "title" : "High Risk Referral",
    "definitionCanonical" : "http://cancerscreeningcds.github.io/bcsm-cds/PlanDefinition/flow-HighRiskReferral|1.0.0"
  }]
}