{
  "resourceType" : "ValueSet",
  "id" : "plan-definition-action-reason-codes",
  "text" : {
    "status" : "generated",
    "div" : "<div xmlns=\"http://www.w3.org/1999/xhtml\"><p class=\"res-header-id\"><b>Generated Narrative: ValueSet plan-definition-action-reason-codes</b></p><a name=\"plan-definition-action-reason-codes\"> </a><a name=\"hcplan-definition-action-reason-codes\"> </a><a name=\"plan-definition-action-reason-codes-en-US\"> </a><ul><li>Include these codes as defined in <a href=\"CodeSystem-screening-observation-code-system.html\"><code>http://cancerscreeningcds.github.io/bcsm-cds/CodeSystem/screening-observation-code-system</code></a><table class=\"none\"><tr><td style=\"white-space:nowrap\"><b>Code</b></td><td><b>Display</b></td></tr><tr><td><a href=\"CodeSystem-screening-observation-code-system.html#screening-observation-code-system-eligibleforscreening\">eligibleforscreening</a></td><td>Eligible for screening</td></tr><tr><td><a href=\"CodeSystem-screening-observation-code-system.html#screening-observation-code-system-missingageorbirthdate\">missingageorbirthdate</a></td><td>Missing patient age in years or birth date</td></tr><tr><td><a href=\"CodeSystem-screening-observation-code-system.html#screening-observation-code-system-notassignedfemaleatbirth\">notassignedfemaleatbirth</a></td><td>Not assigned female at birth</td></tr><tr><td><a href=\"CodeSystem-screening-observation-code-system.html#screening-observation-code-system-screeningcomplete\">screeningcomplete</a></td><td>Screening complete</td></tr><tr><td><a href=\"CodeSystem-screening-observation-code-system.html#screening-observation-code-system-USPSTFaveragerisk\">USPSTFaveragerisk</a></td><td>USPSTF average risk</td></tr><tr><td><a href=\"CodeSystem-screening-observation-code-system.html#screening-observation-code-system-ACSaveragerisk\">ACSaveragerisk</a></td><td>ACS average risk</td></tr><tr><td><a href=\"CodeSystem-screening-observation-code-system.html#screening-observation-code-system-currentbreastcancer\">currentbreastcancer</a></td><td>Current breast cancer</td></tr><tr><td><a href=\"CodeSystem-screening-observation-code-system.html#screening-observation-code-system-bilatmastectomy\">bilatmastectomy</a></td><td>Bilateral mastectomy</td></tr><tr><td><a href=\"CodeSystem-screening-observation-code-system.html#screening-observation-code-system-breastsymptomsorfindings\">breastsymptomsorfindings</a></td><td>New or worsening breast symptoms or findings</td></tr><tr><td><a href=\"CodeSystem-screening-observation-code-system.html#screening-observation-code-system-ageover74\">ageover74</a></td><td>Age over 74 years</td></tr><tr><td><a href=\"CodeSystem-screening-observation-code-system.html#screening-observation-code-system-lifeexp\">lifeexp</a></td><td>Reduced life expectancy indicator</td></tr><tr><td><a href=\"CodeSystem-screening-observation-code-system.html#screening-observation-code-system-currentlylactating\">currentlylactating</a></td><td>Currently lactating</td></tr><tr><td><a href=\"CodeSystem-screening-observation-code-system.html#screening-observation-code-system-othergeneticrisk\">othergeneticrisk</a></td><td>Other genetic marker or syndrome associated with breast cancer</td></tr><tr><td><a href=\"CodeSystem-screening-observation-code-system.html#screening-observation-code-system-hxbreastca\">hxbreastca</a></td><td>Previous breast cancer</td></tr><tr><td><a href=\"CodeSystem-screening-observation-code-system.html#screening-observation-code-system-hxbreastcawithin5y\">hxbreastcawithin5y</a></td><td>Breast cancer within 5 years</td></tr><tr><td><a href=\"CodeSystem-screening-observation-code-system.html#screening-observation-code-system-geneticriskexclusion\">geneticriskexclusion</a></td><td>Genetic risk exclusion</td></tr><tr><td><a href=\"CodeSystem-screening-observation-code-system.html#screening-observation-code-system-chestxrt\">chestxrt</a></td><td>History of chest radiation ages 10-30 y</td></tr><tr><td><a href=\"CodeSystem-screening-observation-code-system.html#screening-observation-code-system-atypicalbx\">atypicalbx</a></td><td>Atypical biopsy</td></tr><tr><td><a href=\"CodeSystem-screening-observation-code-system.html#screening-observation-code-system-atypicalbxhighlifetimerisk\">atypicalbxhighlifetimerisk</a></td><td>Atypical biopsy high lifetime risk</td></tr><tr><td><a href=\"CodeSystem-screening-observation-code-system.html#screening-observation-code-system-highlifetimerisk\">highlifetimerisk</a></td><td>High lifetime risk</td></tr><tr><td><a href=\"CodeSystem-screening-observation-code-system.html#screening-observation-code-system-firstdeggenetic\">firstdeggenetic</a></td><td>First degree relative with genetic marker or syndrome</td></tr><tr><td><a href=\"CodeSystem-screening-observation-code-system.html#screening-observation-code-system-breastdensitycord\">breastdensitycord</a></td><td>BI-RADS breast density category C or D</td></tr><tr><td><a href=\"CodeSystem-screening-observation-code-system.html#screening-observation-code-system-fhxbreastcarisk\">fhxbreastcarisk</a></td><td>Compelling family history of breast cancer</td></tr><tr><td><a href=\"CodeSystem-screening-observation-code-system.html#screening-observation-code-system-fhxgenetic\">fhxgenetic</a></td><td>Family history of inherited cancer susceptibility</td></tr><tr><td><a href=\"CodeSystem-screening-observation-code-system.html#screening-observation-code-system-brcageneancestry\">brcageneancestry</a></td><td>Ancestry associated with BRCA1/2 gene mutations</td></tr><tr><td><a href=\"CodeSystem-screening-observation-code-system.html#screening-observation-code-system-fhxbrcaovcatubalperit\">fhxbrcaovcatubalperit</a></td><td>Family history of breast, ovarian, tubal, or peritoneal cancer</td></tr><tr><td><a href=\"CodeSystem-screening-observation-code-system.html#screening-observation-code-system-highfamilialrisk\">highfamilialrisk</a></td><td>High familial risk</td></tr><tr><td><a href=\"CodeSystem-screening-observation-code-system.html#screening-observation-code-system-high5yrisk\">high5yrisk</a></td><td>High 5 year risk</td></tr><tr><td><a href=\"CodeSystem-screening-observation-code-system.html#screening-observation-code-system-higherthanaverage5yrisk\">higherthanaverage5yrisk</a></td><td>5 year risk at least 1.67%</td></tr><tr><td><a href=\"CodeSystem-screening-observation-code-system.html#screening-observation-code-system-riskfactors\">riskfactors</a></td><td>Personal or family history risk factors</td></tr></table></li></ul></div>"
  },
  "url" : "http://cancerscreeningcds.github.io/bcsm-cds/ValueSet/plan-definition-action-reason-codes",
  "version" : "1.0.0",
  "name" : "PlanDefinitionActionReasonCodes",
  "title" : "Plan Definition Action Reason Codes",
  "status" : "draft",
  "experimental" : true,
  "date" : "2025-02-28T23:16:14+00:00",
  "publisher" : "MITRE",
  "contact" : [{
    "name" : "MITRE",
    "telecom" : [{
      "system" : "url",
      "value" : "https://www.mitre.org/"
    }]
  }],
  "description" : "This value set includes action reason codes for Plan Definitions within this implementation guide.",
  "compose" : {
    "include" : [{
      "system" : "http://cancerscreeningcds.github.io/bcsm-cds/CodeSystem/screening-observation-code-system",
      "concept" : [{
        "code" : "eligibleforscreening",
        "display" : "Eligible for screening"
      },
      {
        "code" : "missingageorbirthdate",
        "display" : "Missing patient age in years or birth date"
      },
      {
        "code" : "notassignedfemaleatbirth",
        "display" : "Not assigned female at birth"
      },
      {
        "code" : "screeningcomplete",
        "display" : "Screening complete"
      },
      {
        "code" : "USPSTFaveragerisk",
        "display" : "USPSTF average risk"
      },
      {
        "code" : "ACSaveragerisk",
        "display" : "ACS average risk"
      },
      {
        "code" : "currentbreastcancer",
        "display" : "Current breast cancer"
      },
      {
        "code" : "bilatmastectomy",
        "display" : "Bilateral mastectomy"
      },
      {
        "code" : "breastsymptomsorfindings",
        "display" : "New or worsening breast symptoms or findings"
      },
      {
        "code" : "ageover74",
        "display" : "Age over 74 years"
      },
      {
        "code" : "lifeexp",
        "display" : "Reduced life expectancy indicator"
      },
      {
        "code" : "currentlylactating",
        "display" : "Currently lactating"
      },
      {
        "code" : "othergeneticrisk",
        "display" : "Other genetic marker or syndrome associated with breast cancer"
      },
      {
        "code" : "hxbreastca",
        "display" : "Previous breast cancer"
      },
      {
        "code" : "hxbreastcawithin5y",
        "display" : "Breast cancer within 5 years"
      },
      {
        "code" : "geneticriskexclusion",
        "display" : "Genetic risk exclusion"
      },
      {
        "code" : "chestxrt",
        "display" : "History of chest radiation ages 10-30 y"
      },
      {
        "code" : "atypicalbx",
        "display" : "Atypical biopsy"
      },
      {
        "code" : "atypicalbxhighlifetimerisk",
        "display" : "Atypical biopsy high lifetime risk"
      },
      {
        "code" : "highlifetimerisk",
        "display" : "High lifetime risk"
      },
      {
        "code" : "firstdeggenetic",
        "display" : "First degree relative with genetic marker or syndrome"
      },
      {
        "code" : "breastdensitycord",
        "display" : "BI-RADS breast density category C or D"
      },
      {
        "code" : "fhxbreastcarisk",
        "display" : "Compelling family history of breast cancer"
      },
      {
        "code" : "fhxgenetic",
        "display" : "Family history of inherited cancer susceptibility"
      },
      {
        "code" : "brcageneancestry",
        "display" : "Ancestry associated with BRCA1/2 gene mutations"
      },
      {
        "code" : "fhxbrcaovcatubalperit",
        "display" : "Family history of breast, ovarian, tubal, or peritoneal cancer"
      },
      {
        "code" : "highfamilialrisk",
        "display" : "High familial risk"
      },
      {
        "code" : "high5yrisk",
        "display" : "High 5 year risk"
      },
      {
        "code" : "higherthanaverage5yrisk",
        "display" : "5 year risk at least 1.67%"
      },
      {
        "code" : "riskfactors",
        "display" : "Personal or family history risk factors"
      }]
    }]
  }
}