{
  "resourceType" : "ValueSet",
  "id" : "plan-definition-action-codes",
  "text" : {
    "status" : "generated",
    "div" : "<div xmlns=\"http://www.w3.org/1999/xhtml\"><p class=\"res-header-id\"><b>Generated Narrative: ValueSet plan-definition-action-codes</b></p><a name=\"plan-definition-action-codes\"> </a><a name=\"hcplan-definition-action-codes\"> </a><a name=\"plan-definition-action-codes-en-US\"> </a><ul><li>Include all codes defined in <a href=\"CodeSystem-plan-definition-action-code-system.html\"><code>http://cancerscreeningcds.github.io/bcsm-cds/CodeSystem/plan-definition-action-code-system</code></a></li></ul></div>"
  },
  "url" : "http://cancerscreeningcds.github.io/bcsm-cds/ValueSet/plan-definition-action-codes",
  "version" : "1.0.0",
  "name" : "PlanDefinitionActionCodes",
  "title" : "Plan Definition Action Codes",
  "status" : "draft",
  "experimental" : true,
  "date" : "2025-02-28T23:16:14+00:00",
  "publisher" : "MITRE",
  "contact" : [{
    "name" : "MITRE",
    "telecom" : [{
      "system" : "url",
      "value" : "https://www.mitre.org/"
    }]
  }],
  "description" : "This value set includes action codes for Plan Definitions within this implementation guide.",
  "compose" : {
    "include" : [{
      "system" : "http://cancerscreeningcds.github.io/bcsm-cds/CodeSystem/plan-definition-action-code-system"
    }]
  }
}